t,accel_x_g,accel_y_g,accel_z_g,gyro_x_dps,gyro_y_dps,gyro_z_dps,pressure_hpa,label,category,session_num,source
0.0,0.025,-0.841,0.361,-36.0,32.0,6.875,566.0403896118763,idle,adl,6,real_hardware
0.005,0.027,-0.83,0.341,-28.0,34.625,11.25,566.0199065431538,idle,adl,6,real_hardware
0.01,0.027,-0.837,0.324,-32.125,21.375,7.5,566.0199065431538,idle,adl,6,real_hardware
0.015,0.027,-0.863,0.306,-28.25,14.75,5.375,566.0403896118763,idle,adl,6,real_hardware
0.02,0.021,-0.875,0.287,-20.875,5.875,-2.375,566.0403896118763,idle,adl,6,real_hardware
0.025,-0.003,-0.886,0.281,-17.875,-0.75,1.125,566.0249002926296,idle,adl,6,real_hardware
0.03,-0.027,-0.89,0.298,-17.125,-1.5,2.0,566.0249002926296,idle,adl,6,real_hardware
0.035,-0.056,-0.902,0.316,-15.125,-13.25,-0.25,566.0249002926296,idle,adl,6,real_hardware
0.04,-0.064,-0.914,0.345,-15.375,-1.875,10.5,566.0249002926296,idle,adl,6,real_hardware
0.045,-0.076,-0.914,0.367,-10.375,-15.875,9.75,566.0249002926296,idle,adl,6,real_hardware
0.05,-0.095,-0.912,0.39,-4.5,-13.875,11.25,566.0403896118763,idle,adl,6,real_hardware
0.055,-0.117,-0.912,0.41,-4.375,-17.375,2.0,566.035395725796,idle,adl,6,real_hardware
0.06,-0.121,-0.904,0.4,2.875,-21.75,-1.25,566.035395725796,idle,adl,6,real_hardware
0.065,-0.142,-0.906,0.388,-2.25,-17.375,6.0,566.014912848966,idle,adl,6,real_hardware
0.07,-0.134,-0.902,0.353,13.375,-16.0,-0.75,566.0199065431538,idle,adl,6,real_hardware
0.075,-0.132,-0.902,0.298,-2.625,-21.0,5.0,566.0199065431538,idle,adl,6,real_hardware
0.08,-0.13,-0.902,0.281,3.375,-17.375,2.625,566.0199065431538,idle,adl,6,real_hardware
0.085,-0.111,-0.917,0.25,11.125,-17.875,8.0,566.0199065431538,idle,adl,6,real_hardware
0.09,-0.099,-0.929,0.244,5.75,-16.375,12.625,566.0403896118763,idle,adl,6,real_hardware
0.095,-0.093,-0.951,0.25,10.25,-10.5,8.625,566.0403896118763,idle,adl,6,real_hardware
0.1,-0.082,-0.958,0.261,5.25,-17.125,13.25,566.0403896118763,idle,adl,6,real_hardware
0.105,-0.083,-0.966,0.277,5.125,-17.375,4.0,566.0403896118763,idle,adl,6,real_hardware
0.11,-0.095,-0.962,0.312,-1.625,-16.0,16.375,566.0403896118763,idle,adl,6,real_hardware
0.115,-0.111,-0.941,0.349,-3.0,-1.125,7.625,566.0403896118763,idle,adl,6,real_hardware
0.12,-0.123,-0.931,0.388,4.5,-0.625,14.125,566.0199065431538,idle,adl,6,real_hardware
0.125,-0.128,-0.927,0.419,2.875,-15.375,7.25,566.0199065431538,idle,adl,6,real_hardware
0.13,-0.13,-0.929,0.427,5.625,-10.0,3.625,566.014912848966,idle,adl,6,real_hardware
0.135,-0.138,-0.945,0.435,-6.125,-12.625,9.5,566.0199065431538,idle,adl,6,real_hardware
0.14,-0.152,-0.953,0.427,0.5,-5.75,6.25,566.0199065431538,idle,adl,6,real_hardware
0.145,-0.158,-0.955,0.423,-0.5,-8.5,4.0,566.0199065431538,idle,adl,6,real_hardware
0.15,-0.171,-0.958,0.406,-1.25,-15.125,6.625,566.0199065431538,idle,adl,6,real_hardware
0.155,-0.179,-0.947,0.388,-2.625,-10.125,0.5,566.0044173690271,idle,adl,6,real_hardware
0.16,-0.199,-0.933,0.376,-1.0,-0.125,-2.5,566.0044173690271,idle,adl,6,real_hardware
0.165,-0.216,-0.917,0.359,2.0,-5.875,2.75,566.0199065431538,idle,adl,6,real_hardware
0.17,-0.232,-0.921,0.332,-3.5,-13.0,5.75,566.0199065431538,idle,adl,6,real_hardware
0.175,-0.24,-0.937,0.31,9.5,-14.5,3.375,566.0199065431538,idle,adl,6,real_hardware
0.18,-0.24,-0.947,0.298,-1.0,-4.125,9.875,566.014912848966,idle,adl,6,real_hardware
0.185,-0.228,-0.945,0.298,-0.875,-10.0,2.75,566.035395725796,idle,adl,6,real_hardware
0.19,-0.216,-0.949,0.292,0.25,-4.25,-7.375,566.035395725796,idle,adl,6,real_hardware
0.195,-0.205,-0.957,0.294,-1.75,-11.125,9.875,566.035395725796,idle,adl,6,real_hardware
0.2,-0.195,-0.957,0.298,-5.5,-11.625,2.5,566.035395725796,idle,adl,6,real_hardware
0.205,-0.193,-0.958,0.308,-2.0,2.125,0.5,566.0249002926296,idle,adl,6,real_hardware
0.21,-0.181,-0.958,0.314,-3.0,2.375,0.25,566.0403896118763,idle,adl,6,real_hardware
0.215,-0.175,-0.966,0.326,-6.125,-1.5,6.125,566.0403896118763,idle,adl,6,real_hardware
0.22,-0.175,-0.968,0.335,-4.875,5.125,2.5,566.0403896118763,idle,adl,6,real_hardware
0.225,-0.164,-0.962,0.332,-1.25,8.5,5.625,566.0249002926296,idle,adl,6,real_hardware
0.23,-0.158,-0.97,0.328,-4.0,-1.375,8.25,566.0249002926296,idle,adl,6,real_hardware
0.235,-0.142,-0.97,0.326,-6.625,3.375,-6.875,566.0199065431538,idle,adl,6,real_hardware
0.24,-0.125,-0.98,0.32,-5.375,2.0,10.875,566.0199065431538,idle,adl,6,real_hardware
0.245,-0.113,-0.972,0.314,-2.0,-2.25,4.625,566.0199065431538,idle,adl,6,real_hardware
0.25,-0.099,-0.966,0.308,-10.25,1.875,8.375,566.0199065431538,idle,adl,6,real_hardware
0.255,-0.078,-0.964,0.294,-9.25,2.125,6.5,566.0199065431538,idle,adl,6,real_hardware
0.26,-0.064,-0.953,0.296,-7.875,-1.25,10.5,566.0199065431538,idle,adl,6,real_hardware
0.265,-0.058,-0.957,0.289,5.125,7.0,15.25,566.0199065431538,idle,adl,6,real_hardware
0.27,-0.054,-0.945,0.287,0.0,3.5,6.125,566.0094109818986,idle,adl,6,real_hardware
0.275,-0.06,-0.947,0.283,2.25,-1.125,8.75,566.0144046500569,idle,adl,6,real_hardware
0.28,-0.07,-0.937,0.289,-5.375,-3.375,5.0,566.0094109818986,idle,adl,6,real_hardware
0.285,-0.083,-0.935,0.292,-2.375,3.0,-0.125,566.0094109818986,idle,adl,6,real_hardware
0.29,-0.105,-0.937,0.302,-1.125,4.25,12.875,566.0044173690271,idle,adl,6,real_hardware
0.295,-0.128,-0.941,0.31,-0.125,0.0,10.5,565.9994238114425,idle,adl,6,real_hardware
0.3,-0.162,-0.943,0.32,2.75,5.875,3.375,566.0199065431538,idle,adl,6,real_hardware
0.305,-0.185,-0.931,0.322,-1.5,6.625,14.625,566.0199065431538,idle,adl,6,real_hardware
0.31,-0.195,-0.927,0.337,5.375,8.5,16.875,566.0199065431538,idle,adl,6,real_hardware
0.315,-0.208,-0.921,0.337,1.0,11.625,5.75,566.0199065431538,idle,adl,6,real_hardware
0.32,-0.212,-0.921,0.343,-0.625,14.25,5.0,566.035395725796,idle,adl,6,real_hardware
0.325,-0.21,-0.923,0.333,-10.125,11.375,17.625,566.0403896118763,idle,adl,6,real_hardware
0.33,-0.208,-0.919,0.333,1.875,8.5,12.0,566.0403896118763,idle,adl,6,real_hardware
0.335,-0.193,-0.927,0.332,1.875,7.0,1.375,566.014912848966,idle,adl,6,real_hardware
0.34,-0.171,-0.939,0.328,5.125,6.5,-2.375,566.0099192100656,idle,adl,6,real_hardware
0.345,-0.136,-0.943,0.333,-1.875,3.5,6.375,566.025408119503,idle,adl,6,real_hardware
0.35,-0.109,-0.947,0.337,-2.625,0.125,6.625,566.0304018950051,idle,adl,6,real_hardware
0.355,-0.085,-0.951,0.341,0.5,-7.75,1.875,566.014912848966,idle,adl,6,real_hardware
0.36,-0.052,-0.955,0.359,-3.0,3.125,-4.5,566.0199065431538,idle,adl,6,real_hardware
0.365,-0.029,-0.955,0.371,1.375,-3.375,5.375,566.0199065431538,idle,adl,6,real_hardware
0.37,-0.003,-0.945,0.38,-5.0,-10.125,4.5,566.0199065431538,idle,adl,6,real_hardware
0.375,0.001,-0.939,0.376,1.5,-12.875,3.5,566.0249002926296,idle,adl,6,real_hardware
0.38,0.011,-0.929,0.386,-4.75,-10.375,6.5,566.0249002926296,idle,adl,6,real_hardware
0.385,0.015,-0.921,0.382,-7.125,-16.125,2.875,566.0249002926296,idle,adl,6,real_hardware
0.39,0.013,-0.91,0.39,-7.5,-12.375,10.0,566.0403896118763,idle,adl,6,real_hardware
0.395,0.003,-0.917,0.378,-4.125,-14.875,3.125,566.0558789396389,idle,adl,6,real_hardware
0.4,-0.017,-0.921,0.376,-2.0,-27.25,4.875,566.035395725796,idle,adl,6,real_hardware
0.405,-0.033,-0.935,0.367,-0.25,-21.25,0.25,566.035395725796,idle,adl,6,real_hardware
0.41,-0.05,-0.945,0.363,-8.625,-16.875,5.375,566.0199065431538,idle,adl,6,real_hardware
0.415,-0.058,-0.951,0.373,-0.125,-18.0,-5.75,566.0199065431538,idle,adl,6,real_hardware
0.42,-0.091,-0.962,0.365,-5.125,-22.375,2.625,566.0199065431538,idle,adl,6,real_hardware
0.425,-0.115,-0.976,0.355,-9.75,-27.125,13.125,566.0199065431538,idle,adl,6,real_hardware
0.43,-0.146,-0.986,0.343,-13.625,-21.5,5.0,566.035395725796,idle,adl,6,real_hardware
0.435,-0.16,-0.99,0.341,-11.625,-19.0,6.875,566.0249002926296,idle,adl,6,real_hardware
0.44,-0.173,-0.99,0.328,-7.375,-27.5,6.75,566.0249002926296,idle,adl,6,real_hardware
0.445,-0.179,-0.986,0.312,-9.875,-16.25,-0.375,566.0249002926296,idle,adl,6,real_hardware
0.45,-0.179,-0.972,0.298,-16.875,-18.0,2.25,565.9894368621303,idle,adl,6,real_hardware
0.455,-0.173,-0.966,0.298,-22.0,-12.25,5.75,565.9944303091437,idle,adl,6,real_hardware
0.46,-0.173,-0.947,0.287,-17.0,-6.5,0.0,565.9944303091437,idle,adl,6,real_hardware
0.465,-0.175,-0.921,0.275,-15.625,-11.375,2.75,565.978941416737,idle,adl,6,real_hardware
0.47,-0.185,-0.896,0.267,-16.875,-6.125,5.0,565.9839347824343,idle,adl,6,real_hardware
0.475,-0.191,-0.873,0.275,-19.375,-2.625,-1.75,566.0044173690271,idle,adl,6,real_hardware
0.48,-0.205,-0.828,0.289,-3.875,4.375,4.875,566.0044173690271,idle,adl,6,real_hardware
0.485,-0.21,-0.791,0.285,-16.625,3.875,-3.5,566.0094109818986,idle,adl,6,real_hardware
0.49,-0.208,-0.769,0.289,-5.125,2.75,2.875,566.0094109818986,idle,adl,6,real_hardware
0.495,-0.201,-0.746,0.298,-4.75,7.375,4.25,565.9694636269234,idle,adl,6,real_hardware
0.5,-0.183,-0.74,0.322,-7.375,8.375,9.5,565.9844434704022,idle,adl,6,real_hardware
0.505,-0.175,-0.73,0.371,-7.25,1.875,-2.5,565.9944303091437,idle,adl,6,real_hardware
0.51,-0.181,-0.773,0.423,4.5,9.625,1.875,566.0099192100656,idle,adl,6,real_hardware
0.515,-0.207,-0.81,0.447,11.875,7.625,3.875,566.0099192100656,idle,adl,6,real_hardware
0.52,-0.236,-0.882,0.474,12.625,-0.875,-1.75,565.9944303091437,idle,adl,6,real_hardware
0.525,-0.214,-0.97,0.531,22.25,2.75,-2.0,565.9944303091437,idle,adl,6,real_hardware
0.53,-0.173,-1.039,0.562,16.0,-23.5,-7.0,566.0044173690271,idle,adl,6,real_hardware
0.535,-0.154,-1.083,0.562,19.0,-21.5,-9.25,566.0044173690271,idle,adl,6,real_hardware
0.54,-0.103,-1.101,0.56,19.0,-25.625,-11.0,566.0094109818986,idle,adl,6,real_hardware
0.545,-0.05,-1.064,0.541,5.0,-29.25,-17.0,565.9939216796834,idle,adl,6,real_hardware
0.55,-0.025,-1.017,0.525,5.875,-40.25,-10.75,566.0094109818986,idle,adl,6,real_hardware
0.555,-0.029,-0.978,0.501,3.625,-45.0,-6.875,566.0094109818986,idle,adl,6,real_hardware
0.56,-0.076,-0.964,0.472,-3.375,-45.375,-3.5,566.0094109818986,idle,adl,6,real_hardware
0.565,-0.13,-0.962,0.449,-2.125,-46.0,-10.0,566.0044173690271,idle,adl,6,real_hardware
0.57,-0.154,-0.935,0.435,-5.875,-43.5,-6.875,566.0044173690271,idle,adl,6,real_hardware
0.575,-0.164,-0.917,0.427,-9.875,-34.25,-8.125,565.9994238114425,idle,adl,6,real_hardware
0.58,-0.179,-0.863,0.406,-21.375,-35.375,-0.625,565.9739481063239,idle,adl,6,real_hardware
0.585,-0.195,-0.824,0.38,-5.125,-21.75,-12.25,565.9944303091437,idle,adl,6,real_hardware
0.59,-0.201,-0.783,0.359,-3.75,-15.875,-3.5,565.978941416737,idle,adl,6,real_hardware
0.595,-0.201,-0.773,0.343,-10.375,-5.5,-4.0,565.9944303091437,idle,adl,6,real_hardware
0.6,-0.208,-0.765,0.306,-7.25,-15.25,0.875,566.014912848966,idle,adl,6,real_hardware
0.605,-0.226,-0.767,0.287,0.125,-4.125,-6.5,566.014912848966,idle,adl,6,real_hardware
0.61,-0.25,-0.785,0.273,-1.75,-4.375,5.125,566.014912848966,idle,adl,6,real_hardware
0.615,-0.273,-0.798,0.275,11.5,2.0,0.5,566.014912848966,idle,adl,6,real_hardware
0.62,-0.281,-0.82,0.294,3.375,-1.0,8.75,566.0199065431538,idle,adl,6,real_hardware
0.625,-0.285,-0.841,0.306,-3.0,2.375,2.125,566.0199065431538,idle,adl,6,real_hardware
0.63,-0.277,-0.865,0.333,2.0,5.25,0.75,566.035395725796,idle,adl,6,real_hardware
0.635,-0.277,-0.867,0.343,12.5,7.0,-6.5,566.0199065431538,idle,adl,6,real_hardware
0.64,-0.269,-0.876,0.365,11.75,4.75,1.875,566.014912848966,idle,adl,6,real_hardware
0.645,-0.259,-0.869,0.376,5.75,10.125,-1.75,566.014912848966,idle,adl,6,real_hardware
0.65,-0.244,-0.876,0.392,9.0,7.625,1.0,565.9994238114425,idle,adl,6,real_hardware
0.655,-0.238,-0.871,0.4,11.625,13.375,-7.375,565.9994238114425,idle,adl,6,real_hardware
0.66,-0.214,-0.867,0.396,9.625,9.375,0.5,565.9994238114425,idle,adl,6,real_hardware
0.665,-0.199,-0.865,0.394,13.875,7.875,-5.125,566.0044173690271,idle,adl,6,real_hardware
0.67,-0.187,-0.851,0.4,16.875,7.0,-7.375,566.0044173690271,idle,adl,6,real_hardware
0.675,-0.185,-0.851,0.406,21.375,-0.375,-0.625,566.0044173690271,idle,adl,6,real_hardware
0.68,-0.189,-0.855,0.414,19.75,-1.0,-4.375,566.0094109818986,idle,adl,6,real_hardware
0.685,-0.175,-0.867,0.419,8.875,-2.0,-0.375,566.0094109818986,idle,adl,6,real_hardware
0.69,-0.166,-0.871,0.425,13.5,2.125,-1.875,566.0199065431538,idle,adl,6,real_hardware
0.695,-0.16,-0.888,0.431,16.0,-4.75,-2.375,566.0199065431538,idle,adl,6,real_hardware
0.7,-0.158,-0.902,0.441,18.75,8.875,-9.125,566.0044173690271,idle,adl,6,real_hardware
0.705,-0.156,-0.906,0.455,8.25,6.125,-4.75,565.9994238114425,idle,adl,6,real_hardware
0.71,-0.16,-0.91,0.457,16.625,0.625,-0.875,566.0199065431538,idle,adl,6,real_hardware
0.715,-0.166,-0.917,0.457,3.875,0.625,-5.75,566.0199065431538,idle,adl,6,real_hardware
0.72,-0.171,-0.919,0.451,4.875,3.75,-3.5,566.0199065431538,idle,adl,6,real_hardware
0.725,-0.175,-0.925,0.453,4.625,13.25,-0.625,566.0199065431538,idle,adl,6,real_hardware
0.73,-0.185,-0.931,0.445,0.125,6.0,-0.25,566.0249002926296,idle,adl,6,real_hardware
0.735,-0.183,-0.921,0.429,15.5,11.625,-6.5,566.0094109818986,idle,adl,6,real_hardware
0.74,-0.177,-0.917,0.429,0.25,9.125,4.625,566.0094109818986,idle,adl,6,real_hardware
0.745,-0.167,-0.906,0.423,1.0,4.875,-3.875,566.0199065431538,idle,adl,6,real_hardware
0.75,-0.16,-0.894,0.406,2.375,4.375,-2.125,566.0044173690271,idle,adl,6,real_hardware
0.755,-0.15,-0.894,0.412,6.875,15.625,3.875,566.0044173690271,idle,adl,6,real_hardware
0.76,-0.144,-0.896,0.402,2.625,10.875,9.25,565.9994238114425,idle,adl,6,real_hardware
0.765,-0.132,-0.902,0.398,0.375,9.625,-1.25,566.0044173690271,idle,adl,6,real_hardware
0.77,-0.126,-0.912,0.404,2.5,7.5,-0.875,566.0044173690271,idle,adl,6,real_hardware
0.775,-0.125,-0.912,0.396,-2.0,1.5,5.375,566.0094109818986,idle,adl,6,real_hardware
0.78,-0.123,-0.923,0.406,2.125,5.25,-0.25,566.0094109818986,idle,adl,6,real_hardware
0.785,-0.123,-0.921,0.4,1.625,5.5,2.25,566.0144046500569,idle,adl,6,real_hardware
0.79,-0.134,-0.914,0.386,7.75,1.125,-9.625,566.0144046500569,idle,adl,6,real_hardware
0.795,-0.14,-0.91,0.375,-6.875,0.875,3.625,566.0144046500569,idle,adl,6,real_hardware
0.8,-0.142,-0.898,0.375,0.375,9.625,-5.625,566.0144046500569,idle,adl,6,real_hardware
0.805,-0.146,-0.886,0.38,4.875,5.0,1.625,566.0094109818986,idle,adl,6,real_hardware
0.81,-0.154,-0.878,0.378,7.0,11.0,1.625,566.0044173690271,idle,adl,6,real_hardware
0.815,-0.164,-0.878,0.375,5.875,10.625,-5.625,566.0199065431538,idle,adl,6,real_hardware
0.82,-0.167,-0.873,0.378,6.25,-0.375,5.125,566.0249002926296,idle,adl,6,real_hardware
0.825,-0.175,-0.875,0.371,11.125,0.75,-5.25,566.0249002926296,idle,adl,6,real_hardware
0.83,-0.175,-0.88,0.386,8.25,-5.0,1.125,566.0249002926296,idle,adl,6,real_hardware
0.835,-0.171,-0.882,0.386,-1.625,-1.5,5.75,566.0094109818986,idle,adl,6,real_hardware
0.84,-0.173,-0.896,0.388,0.125,-0.5,3.625,566.0094109818986,idle,adl,6,real_hardware
0.845,-0.173,-0.91,0.388,1.125,5.75,8.75,566.0249002926296,idle,adl,6,real_hardware
0.85,-0.175,-0.912,0.39,2.125,6.875,-1.125,566.0249002926296,idle,adl,6,real_hardware
0.855,-0.175,-0.921,0.392,8.125,-3.875,0.625,566.0249002926296,idle,adl,6,real_hardware
0.86,-0.177,-0.929,0.406,-0.125,4.75,13.125,566.0403896118763,idle,adl,6,real_hardware
0.865,-0.175,-0.937,0.41,2.625,1.75,-2.375,566.0403896118763,idle,adl,6,real_hardware
0.87,-0.169,-0.941,0.404,0.25,4.25,-4.625,566.0249002926296,idle,adl,6,real_hardware
0.875,-0.167,-0.941,0.406,-4.875,1.625,4.0,566.0249002926296,idle,adl,6,real_hardware
0.88,-0.156,-0.939,0.398,-4.25,1.125,-0.75,566.0199065431538,idle,adl,6,real_hardware
0.885,-0.15,-0.935,0.402,-6.5,-1.5,1.625,566.0199065431538,idle,adl,6,real_hardware
0.89,-0.134,-0.935,0.4,2.375,-3.625,-3.75,566.0199065431538,idle,adl,6,real_hardware
0.895,-0.128,-0.925,0.4,-1.625,-1.5,2.5,566.035395725796,idle,adl,6,real_hardware
0.9,-0.14,-0.925,0.392,-1.75,-6.25,6.125,566.0249002926296,idle,adl,6,real_hardware
0.905,-0.13,-0.925,0.394,-4.75,-9.5,8.75,566.0249002926296,idle,adl,6,real_hardware
0.91,-0.136,-0.925,0.392,-5.375,1.125,-2.5,566.0249002926296,idle,adl,6,real_hardware
0.915,-0.134,-0.916,0.382,-8.25,-4.125,9.75,566.0249002926296,idle,adl,6,real_hardware
0.92,-0.144,-0.917,0.38,-6.625,-5.75,3.125,566.0094109818986,idle,adl,6,real_hardware
0.925,-0.144,-0.914,0.376,1.25,-4.875,0.0,566.0249002926296,idle,adl,6,real_hardware
0.93,-0.144,-0.916,0.369,-6.125,-7.375,3.375,566.0249002926296,idle,adl,6,real_hardware
0.935,-0.144,-0.912,0.365,-5.375,-8.625,5.5,566.0199065431538,idle,adl,6,real_hardware
0.94,-0.15,-0.917,0.367,-1.625,-4.25,3.5,566.0249002926296,idle,adl,6,real_hardware
0.945,-0.152,-0.925,0.367,-4.75,-7.5,11.5,566.0249002926296,idle,adl,6,real_hardware
0.95,-0.158,-0.921,0.365,-4.125,0.375,4.125,566.0249002926296,idle,adl,6,real_hardware
0.955,-0.166,-0.925,0.369,-12.625,-6.875,5.625,566.0249002926296,idle,adl,6,real_hardware
0.96,-0.167,-0.927,0.363,-1.125,-2.25,7.5,566.0298940973936,idle,adl,6,real_hardware
0.965,-0.169,-0.927,0.367,-6.0,-5.625,2.625,566.0453835532463,idle,adl,6,real_hardware
0.97,-0.164,-0.927,0.365,-8.375,-3.625,0.875,566.0453835532463,idle,adl,6,real_hardware
0.975,-0.169,-0.925,0.361,-1.75,-9.25,10.75,566.0403896118763,idle,adl,6,real_hardware
0.98,-0.169,-0.927,0.367,-8.5,-10.125,17.75,566.0403896118763,idle,adl,6,real_hardware
0.985,-0.167,-0.921,0.361,0.0,-3.25,9.5,566.0403896118763,idle,adl,6,real_hardware
0.99,-0.166,-0.917,0.359,-12.125,-4.75,4.5,566.0403896118763,idle,adl,6,real_hardware
0.995,-0.166,-0.906,0.363,-6.0,-10.75,2.75,566.0249002926296,idle,adl,6,real_hardware
1.0,-0.169,-0.912,0.361,-6.875,2.375,9.0,566.0298940973936,idle,adl,6,real_hardware
1.005,-0.167,-0.898,0.359,-6.25,-7.5,-3.75,566.0298940973936,idle,adl,6,real_hardware
1.01,-0.169,-0.902,0.365,0.125,1.125,-5.625,566.0298940973936,idle,adl,6,real_hardware
1.015,-0.173,-0.896,0.369,-1.25,-8.375,7.875,566.0298940973936,idle,adl,6,real_hardware
1.02,-0.177,-0.896,0.367,-2.625,0.25,5.75,566.0298940973936,idle,adl,6,real_hardware
1.025,-0.175,-0.896,0.371,-0.875,-4.375,6.625,566.0298940973936,idle,adl,6,real_hardware
1.03,-0.169,-0.906,0.363,-2.0,-5.5,2.25,566.0298940973936,idle,adl,6,real_hardware
1.035,-0.181,-0.9,0.369,-3.75,0.625,3.875,566.0249002926296,idle,adl,6,real_hardware
1.04,-0.175,-0.906,0.373,-1.25,-4.25,3.25,566.0044173690271,idle,adl,6,real_hardware
1.045,-0.177,-0.91,0.38,-2.125,-6.625,-3.5,566.0199065431538,idle,adl,6,real_hardware
1.05,-0.181,-0.912,0.384,-4.375,-3.25,11.125,566.0199065431538,idle,adl,6,real_hardware
1.055,-0.177,-0.919,0.388,5.0,1.125,7.125,566.0249002926296,idle,adl,6,real_hardware
1.06,-0.173,-0.921,0.388,-3.25,-6.125,-0.75,566.0249002926296,idle,adl,6,real_hardware
1.065,-0.167,-0.931,0.39,7.375,5.875,-3.125,566.0403896118763,idle,adl,6,real_hardware
1.07,-0.171,-0.935,0.39,-3.625,-1.75,7.0,566.0403896118763,idle,adl,6,real_hardware
1.075,-0.158,-0.939,0.39,-1.0,2.125,3.125,566.0403896118763,idle,adl,6,real_hardware
1.08,-0.15,-0.937,0.384,-1.625,-1.875,5.875,566.0249002926296,idle,adl,6,real_hardware
1.085,-0.152,-0.939,0.375,-4.375,2.75,1.125,566.0249002926296,idle,adl,6,real_hardware
1.09,-0.146,-0.935,0.376,-5.625,-10.375,14.625,566.0249002926296,idle,adl,6,real_hardware
1.095,-0.154,-0.933,0.373,-5.375,-3.125,-9.125,566.0199065431538,idle,adl,6,real_hardware
1.1,-0.16,-0.929,0.373,-11.375,-6.25,3.75,566.0199065431538,idle,adl,6,real_hardware
1.105,-0.156,-0.929,0.367,-4.125,-3.125,5.625,566.0199065431538,idle,adl,6,real_hardware
1.11,-0.158,-0.927,0.359,-6.75,-4.625,3.25,566.0199065431538,idle,adl,6,real_hardware
1.115,-0.16,-0.921,0.363,-4.0,-7.5,5.25,566.0199065431538,idle,adl,6,real_hardware
1.12,-0.156,-0.917,0.369,-9.125,-6.25,-3.375,566.0199065431538,idle,adl,6,real_hardware
1.125,-0.158,-0.916,0.369,-2.375,-4.0,9.375,566.0403896118763,idle,adl,6,real_hardware
1.13,-0.166,-0.914,0.367,-4.875,-4.125,5.5,566.0249002926296,idle,adl,6,real_hardware
1.135,-0.167,-0.908,0.367,-2.0,-5.75,6.0,566.0249002926296,idle,adl,6,real_hardware
1.14,-0.166,-0.912,0.371,-12.625,-5.75,10.0,566.0298940973936,idle,adl,6,real_hardware
1.145,-0.167,-0.914,0.375,-7.625,-6.0,1.375,566.0298940973936,idle,adl,6,real_hardware
1.15,-0.158,-0.921,0.371,-8.625,-12.625,4.375,566.0249002926296,idle,adl,6,real_hardware
1.155,-0.158,-0.921,0.378,-6.875,-4.375,0.875,566.035395725796,idle,adl,6,real_hardware
1.16,-0.156,-0.916,0.373,-5.75,-7.875,1.875,566.035395725796,idle,adl,6,real_hardware
1.165,-0.152,-0.917,0.375,-2.375,-11.125,3.875,566.0199065431538,idle,adl,6,real_hardware
1.17,-0.152,-0.917,0.367,-17.875,1.375,-0.625,566.0199065431538,idle,adl,6,real_hardware
1.175,-0.154,-0.919,0.367,-13.375,-14.25,3.375,566.0199065431538,idle,adl,6,real_hardware
1.18,-0.16,-0.914,0.371,-6.875,-8.0,-0.75,566.0199065431538,idle,adl,6,real_hardware
1.185,-0.173,-0.908,0.363,-9.75,-6.75,10.5,566.0199065431538,idle,adl,6,real_hardware
1.19,-0.177,-0.9,0.355,-5.5,-4.75,1.125,566.0044173690271,idle,adl,6,real_hardware
1.195,-0.193,-0.888,0.341,0.75,-5.75,6.875,566.0199065431538,idle,adl,6,real_hardware
1.2,-0.203,-0.884,0.333,-7.0,-1.75,4.5,566.0249002926296,idle,adl,6,real_hardware
1.205,-0.212,-0.876,0.32,-6.25,1.125,5.75,566.0249002926296,idle,adl,6,real_hardware
1.21,-0.216,-0.873,0.31,1.625,3.375,-0.375,566.0249002926296,idle,adl,6,real_hardware
1.215,-0.224,-0.882,0.312,5.125,9.125,-2.5,566.0249002926296,idle,adl,6,real_hardware
1.22,-0.228,-0.882,0.314,-1.375,12.25,3.375,566.0249002926296,idle,adl,6,real_hardware
1.225,-0.234,-0.902,0.308,4.5,-3.625,-3.625,566.0249002926296,idle,adl,6,real_hardware
1.23,-0.234,-0.904,0.326,-1.5,-2.125,9.5,566.0249002926296,idle,adl,6,real_hardware
1.235,-0.226,-0.917,0.326,-3.5,6.125,-3.875,566.0249002926296,idle,adl,6,real_hardware
1.24,-0.218,-0.925,0.343,4.875,4.0,9.0,566.0249002926296,idle,adl,6,real_hardware
1.245,-0.207,-0.935,0.353,8.875,7.625,-8.625,566.0094109818986,idle,adl,6,real_hardware
1.25,-0.195,-0.947,0.363,-1.25,2.75,3.125,566.0094109818986,idle,adl,6,real_hardware
1.255,-0.187,-0.957,0.365,2.5,4.875,2.125,566.0094109818986,idle,adl,6,real_hardware
1.26,-0.171,-0.96,0.361,1.625,5.875,-1.625,566.0094109818986,idle,adl,6,real_hardware
1.265,-0.166,-0.957,0.365,-1.625,-0.5,0.0,566.0249002926296,idle,adl,6,real_hardware
1.27,-0.158,-0.955,0.357,3.0,1.25,4.125,566.0403896118763,idle,adl,6,real_hardware
1.275,-0.15,-0.949,0.371,0.75,11.625,-4.125,566.0403896118763,idle,adl,6,real_hardware
1.28,-0.158,-0.933,0.384,3.75,6.75,-5.875,566.0508849169539,idle,adl,6,real_hardware
1.285,-0.148,-0.921,0.39,9.625,8.25,-0.625,566.035395725796,idle,adl,6,real_hardware
1.29,-0.14,-0.917,0.388,2.5,10.125,0.5,566.0304018950051,idle,adl,6,real_hardware
1.295,-0.134,-0.906,0.388,-2.75,1.75,2.75,566.0199065431538,idle,adl,6,real_hardware
1.3,-0.126,-0.9,0.4,-5.125,-1.0,-6.625,566.0199065431538,idle,adl,6,real_hardware
1.305,-0.115,-0.898,0.388,11.875,4.5,-11.75,566.0199065431538,idle,adl,6,real_hardware
1.31,-0.103,-0.888,0.386,3.25,2.625,-11.125,566.0199065431538,idle,adl,6,real_hardware
1.315,-0.089,-0.894,0.392,5.5,4.875,-12.25,566.0249002926296,idle,adl,6,real_hardware
1.32,-0.083,-0.906,0.382,-0.375,1.625,-10.25,566.0298940973936,idle,adl,6,real_hardware
1.325,-0.087,-0.919,0.371,-0.5,-7.375,-3.5,566.0298940973936,idle,adl,6,real_hardware
1.33,-0.109,-0.927,0.359,3.125,0.625,-7.375,566.0249002926296,idle,adl,6,real_hardware
1.335,-0.123,-0.935,0.349,5.875,-2.625,-9.125,566.0199065431538,idle,adl,6,real_hardware
1.34,-0.132,-0.933,0.347,-3.75,-1.375,1.125,566.0044173690271,idle,adl,6,real_hardware
1.345,-0.138,-0.933,0.345,0.25,-1.5,-12.5,566.0044173690271,idle,adl,6,real_hardware
1.35,-0.146,-0.925,0.343,3.75,-0.5,-8.125,566.0044173690271,idle_standing,adl,6,real_hardware
1.355,-0.148,-0.916,0.351,0.875,-4.75,-13.0,566.0044173690271,idle_standing,adl,6,real_hardware
1.36,-0.16,-0.894,0.353,0.75,4.0,-11.125,566.0044173690271,idle_standing,adl,6,real_hardware
1.365,-0.173,-0.869,0.351,-2.625,1.0,-9.375,566.0199065431538,idle_standing,adl,6,real_hardware
1.37,-0.21,-0.828,0.371,5.5,7.0,-10.375,566.0249002926296,idle_standing,adl,6,real_hardware
1.375,-0.218,-0.82,0.386,0.0,-1.125,-7.75,566.0403896118763,idle_standing,adl,6,real_hardware
1.38,-0.201,-0.826,0.394,2.375,-2.875,-6.75,566.0298940973936,idle_standing,adl,6,real_hardware
1.385,-0.201,-0.865,0.386,3.25,5.125,-6.875,566.0199065431538,idle_standing,adl,6,real_hardware
1.39,-0.22,-0.896,0.398,-4.5,5.375,-0.875,566.0249002926296,idle_standing,adl,6,real_hardware
1.395,-0.228,-0.912,0.382,5.25,5.75,-2.375,566.0249002926296,idle_standing,adl,6,real_hardware
1.4,-0.21,-0.923,0.386,8.0,7.875,7.875,566.0249002926296,idle_standing,adl,6,real_hardware
1.405,-0.181,-0.916,0.373,4.25,10.875,4.0,566.0249002926296,idle_standing,adl,6,real_hardware
1.41,-0.144,-0.9,0.363,-1.25,16.0,-4.0,566.0094109818986,idle_standing,adl,6,real_hardware
1.415,-0.101,-0.88,0.376,2.0,15.125,0.875,566.0044173690271,idle_standing,adl,6,real_hardware
1.42,-0.08,-0.873,0.398,5.375,6.125,7.25,565.9944303091437,idle_standing,adl,6,real_hardware
1.425,-0.085,-0.892,0.404,8.125,7.25,6.125,565.9994238114425,idle_standing,adl,6,real_hardware
1.43,-0.074,-0.902,0.408,8.0,14.375,7.875,565.9994238114425,idle_standing,adl,6,real_hardware
1.435,-0.076,-0.914,0.417,10.125,10.125,2.625,565.9944303091437,idle_standing,adl,6,real_hardware
1.44,-0.078,-0.931,0.425,19.375,6.125,3.0,565.9994238114425,idle_standing,adl,6,real_hardware
1.445,-0.101,-0.943,0.433,5.75,8.0,5.625,566.0199065431538,idle_standing,adl,6,real_hardware
1.45,-0.138,-0.947,0.437,11.75,10.75,-6.875,566.0249002926296,idle_standing,adl,6,real_hardware
1.455,-0.158,-0.947,0.443,13.375,6.875,-3.5,566.0094109818986,idle_standing,adl,6,real_hardware
1.46,-0.208,-0.937,0.449,17.625,14.375,-1.625,566.0094109818986,idle_standing,adl,6,real_hardware
1.465,-0.228,-0.935,0.445,16.0,10.625,-3.5,566.0044173690271,idle_standing,adl,6,real_hardware
1.47,-0.242,-0.921,0.439,1.875,1.125,-2.875,566.0199065431538,idle_standing,adl,6,real_hardware
1.475,-0.25,-0.91,0.443,10.625,6.0,-7.0,566.0199065431538,idle_standing,adl,6,real_hardware
1.48,-0.251,-0.914,0.437,5.75,4.875,-1.5,566.0249002926296,idle_standing,adl,6,real_hardware
1.485,-0.246,-0.906,0.435,2.375,5.125,-1.625,566.0249002926296,idle_standing,adl,6,real_hardware
1.49,-0.242,-0.892,0.433,4.25,12.125,-1.5,566.0249002926296,idle_standing,adl,6,real_hardware
1.495,-0.232,-0.896,0.433,-1.625,5.875,0.875,566.0144046500569,idle_standing,adl,6,real_hardware
1.5,-0.224,-0.884,0.427,3.375,3.0,-3.75,566.0144046500569,idle_standing,adl,6,real_hardware
1.505,-0.201,-0.875,0.423,0.625,-1.25,-7.125,566.0144046500569,idle_standing,adl,6,real_hardware
1.51,-0.185,-0.867,0.421,11.375,2.375,-3.875,566.0144046500569,idle_standing,adl,6,real_hardware
1.515,-0.181,-0.869,0.421,1.0,9.625,-10.25,566.0144046500569,idle_standing,adl,6,real_hardware
1.52,-0.158,-0.869,0.414,2.375,7.875,2.5,566.0144046500569,idle_standing,adl,6,real_hardware
1.525,-0.132,-0.873,0.421,5.875,4.75,-2.125,566.0094109818986,idle_standing,adl,6,real_hardware
1.53,-0.115,-0.875,0.416,7.375,-1.375,-3.25,566.0249002926296,idle_standing,adl,6,real_hardware
1.535,-0.103,-0.876,0.419,12.0,-1.25,-0.75,566.0249002926296,idle_standing,adl,6,real_hardware
1.54,-0.087,-0.873,0.412,15.125,-4.625,2.0,566.0144046500569,idle_standing,adl,6,real_hardware
1.545,-0.08,-0.878,0.406,11.125,-4.625,-1.25,566.0144046500569,idle_standing,adl,6,real_hardware
1.55,-0.08,-0.882,0.402,5.5,1.125,-7.5,566.0298940973936,idle_standing,adl,6,real_hardware
1.555,-0.078,-0.88,0.402,8.125,1.625,0.75,566.0249002926296,idle_standing,adl,6,real_hardware
1.56,-0.089,-0.888,0.4,9.0,5.625,2.5,566.0144046500569,idle_standing,adl,6,real_hardware
1.565,-0.105,-0.873,0.398,9.375,1.5,1.75,566.0144046500569,idle_standing,adl,6,real_hardware
1.57,-0.123,-0.869,0.398,11.375,-0.625,-6.25,566.0144046500569,idle_standing,adl,6,real_hardware
1.575,-0.134,-0.875,0.4,9.0,-5.0,2.375,566.0094109818986,idle_standing,adl,6,real_hardware
1.58,-0.146,-0.875,0.404,13.375,6.875,3.125,566.0044173690271,idle_standing,adl,6,real_hardware
1.585,-0.166,-0.876,0.402,8.5,-0.875,6.5,565.9994238114425,idle_standing,adl,6,real_hardware
1.59,-0.179,-0.884,0.41,15.75,6.625,-1.25,566.0044173690271,idle_standing,adl,6,real_hardware
1.595,-0.193,-0.892,0.406,10.625,-3.5,3.875,566.0249002926296,idle_standing,adl,6,real_hardware
1.6,-0.199,-0.902,0.402,13.5,-2.0,1.625,566.0249002926296,idle_standing,adl,6,real_hardware
1.605,-0.207,-0.914,0.406,19.125,1.125,0.0,566.0249002926296,idle_standing,adl,6,real_hardware
1.61,-0.222,-0.917,0.408,7.0,3.75,1.75,566.0298940973936,idle_standing,adl,6,real_hardware
1.615,-0.22,-0.914,0.398,13.375,-0.875,-1.25,566.0249002926296,idle_standing,adl,6,real_hardware
1.62,-0.226,-0.917,0.402,16.0,5.0,1.25,566.0094109818986,idle_standing,adl,6,real_hardware
1.625,-0.226,-0.912,0.402,4.0,7.625,-1.0,565.9989152112362,idle_standing,adl,6,real_hardware
1.63,-0.224,-0.914,0.398,13.125,9.125,0.375,565.9939216796834,idle_standing,adl,6,real_hardware
1.635,-0.22,-0.916,0.41,4.25,9.375,-0.75,565.9939216796834,idle_standing,adl,6,real_hardware
1.64,-0.212,-0.912,0.402,11.125,3.625,-2.0,565.9939216796834,idle_standing,adl,6,real_hardware
1.645,-0.21,-0.919,0.404,10.5,13.5,-2.375,565.9989152112362,idle_standing,adl,6,real_hardware
1.65,-0.21,-0.921,0.41,8.75,10.625,-5.375,566.0144046500569,idle_standing,adl,6,real_hardware
1.655,-0.201,-0.921,0.402,12.125,12.0,-6.25,566.0144046500569,idle_standing,adl,6,real_hardware
1.66,-0.193,-0.921,0.404,6.875,14.5,-3.875,565.9939216796834,idle_standing,adl,6,real_hardware
1.665,-0.181,-0.921,0.408,18.0,18.875,-4.625,565.9939216796834,idle_standing,adl,6,real_hardware
1.67,-0.177,-0.916,0.412,7.75,15.375,-4.0,565.9989152112362,idle_standing,adl,6,real_hardware
1.675,-0.173,-0.914,0.416,4.75,12.0,0.5,565.9989152112362,idle_standing,adl,6,real_hardware
1.68,-0.164,-0.912,0.41,6.125,12.25,-7.125,565.9989152112362,idle_standing,adl,6,real_hardware
1.685,-0.156,-0.917,0.412,12.75,10.25,-1.75,566.0193983735026,idle_standing,adl,6,real_hardware
1.69,-0.152,-0.912,0.414,0.75,13.375,-6.25,566.0144046500569,idle_standing,adl,6,real_hardware
1.695,-0.15,-0.902,0.417,15.5,11.875,-3.375,566.0144046500569,idle_standing,adl,6,real_hardware
1.7,-0.154,-0.9,0.41,3.75,16.0,-2.875,566.0144046500569,idle_standing,adl,6,real_hardware
1.705,-0.15,-0.896,0.408,-4.25,12.125,-8.375,566.0094109818986,idle_standing,adl,6,real_hardware
1.71,-0.156,-0.896,0.412,8.5,15.375,-6.25,566.0094109818986,idle_standing,adl,6,real_hardware
1.715,-0.156,-0.896,0.408,7.75,17.5,-12.125,566.0094109818986,idle_standing,adl,6,real_hardware
1.72,-0.158,-0.892,0.4,9.125,10.0,-5.125,566.0094109818986,idle_standing,adl,6,real_hardware
1.725,-0.166,-0.892,0.408,-2.125,14.625,-2.375,566.0094109818986,idle_standing,adl,6,real_hardware
1.73,-0.158,-0.894,0.408,10.375,8.125,4.125,566.0144046500569,idle_standing,adl,6,real_hardware
1.735,-0.162,-0.888,0.404,-2.5,12.375,0.125,566.0144046500569,idle_standing,adl,6,real_hardware
1.74,-0.162,-0.888,0.412,12.5,8.5,-7.625,566.0144046500569,idle_standing,adl,6,real_hardware
1.745,-0.152,-0.88,0.404,14.5,8.875,-5.375,566.0144046500569,idle_standing,adl,6,real_hardware
1.75,-0.156,-0.882,0.404,9.25,8.25,-11.75,566.0144046500569,idle_standing,adl,6,real_hardware
1.755,-0.144,-0.89,0.412,14.0,12.0,-6.25,566.0094109818986,idle_standing,adl,6,real_hardware
1.76,-0.142,-0.886,0.414,4.5,9.75,-5.0,566.0094109818986,idle_standing,adl,6,real_hardware
1.765,-0.134,-0.888,0.419,13.625,6.125,-1.0,566.0094109818986,idle_standing,adl,6,real_hardware
1.77,-0.134,-0.898,0.419,7.875,4.375,-6.375,566.0298940973936,idle_standing,adl,6,real_hardware
1.775,-0.136,-0.902,0.421,2.25,10.75,-12.625,566.0298940973936,idle_standing,adl,6,real_hardware
1.78,-0.138,-0.908,0.423,13.75,14.875,1.25,566.0094109818986,idle_standing,adl,6,real_hardware
1.785,-0.13,-0.904,0.425,8.125,10.0,-2.875,566.0094109818986,idle_standing,adl,6,real_hardware
1.79,-0.136,-0.91,0.433,7.5,3.75,-6.375,566.0249002926296,idle_standing,adl,6,real_hardware
1.795,-0.136,-0.908,0.427,5.0,1.0,2.25,566.0298940973936,idle_standing,adl,6,real_hardware
1.8,-0.142,-0.906,0.439,16.25,8.125,0.0,566.0298940973936,idle_standing,adl,6,real_hardware
1.805,-0.154,-0.9,0.431,6.625,4.375,-3.625,566.0298940973936,idle_standing,adl,6,real_hardware
1.81,-0.154,-0.904,0.441,6.125,8.125,-5.75,566.0249002926296,idle_standing,adl,6,real_hardware
1.815,-0.156,-0.9,0.437,6.0,9.5,-6.125,566.0199065431538,idle_standing,adl,6,real_hardware
1.82,-0.156,-0.896,0.443,1.375,0.0,1.0,566.0199065431538,idle_standing,adl,6,real_hardware
1.825,-0.154,-0.896,0.445,7.75,1.125,-6.625,566.0094109818986,idle_standing,adl,6,real_hardware
1.83,-0.164,-0.89,0.445,6.875,9.125,0.5,566.0094109818986,idle_standing,adl,6,real_hardware
1.835,-0.169,-0.884,0.445,0.125,7.625,-8.25,566.0094109818986,idle_standing,adl,6,real_hardware
1.84,-0.169,-0.878,0.441,4.375,5.375,-4.5,566.0144046500569,idle_standing,adl,6,real_hardware
1.845,-0.169,-0.882,0.443,6.75,2.5,-1.5,566.0249002926296,idle_standing,adl,6,real_hardware
1.85,-0.173,-0.886,0.441,17.5,8.125,-1.25,566.0403896118763,idle_standing,adl,6,real_hardware
1.855,-0.173,-0.882,0.437,8.625,4.0,-7.875,566.0403896118763,idle_standing,adl,6,real_hardware
1.86,-0.177,-0.888,0.439,1.25,10.75,-5.125,566.0558789396389,idle_standing,adl,6,real_hardware
1.865,-0.181,-0.89,0.433,4.0,4.75,-9.125,566.0403896118763,idle_standing,adl,6,real_hardware
1.87,-0.177,-0.892,0.441,7.25,4.25,2.375,566.0508849169539,idle_standing,adl,6,real_hardware
1.875,-0.179,-0.89,0.439,-1.5,3.75,-9.375,566.035395725796,idle_standing,adl,6,real_hardware
1.88,-0.175,-0.89,0.437,1.625,2.75,-1.25,566.0403896118763,idle_standing,adl,6,real_hardware
1.885,-0.181,-0.884,0.437,-7.875,3.75,-4.375,566.0403896118763,idle_standing,adl,6,real_hardware
1.89,-0.175,-0.89,0.441,13.5,8.625,3.75,566.0403896118763,idle_standing,adl,6,real_hardware
1.895,-0.183,-0.896,0.439,9.75,4.875,-8.375,566.035395725796,idle_standing,adl,6,real_hardware
1.9,-0.187,-0.894,0.433,1.25,4.125,0.375,566.0403896118763,idle_standing,adl,6,real_hardware
1.905,-0.183,-0.89,0.429,6.5,13.25,-7.125,566.0249002926296,idle_standing,adl,6,real_hardware
1.91,-0.195,-0.89,0.435,-0.625,11.375,-2.375,566.0249002926296,idle_standing,adl,6,real_hardware
1.915,-0.195,-0.886,0.439,1.75,7.5,0.125,566.0249002926296,idle_standing,adl,6,real_hardware
1.92,-0.193,-0.892,0.435,3.875,8.25,-0.5,566.0199065431538,idle_standing,adl,6,real_hardware
1.925,-0.191,-0.894,0.435,7.375,13.625,-7.125,566.0199065431538,idle_standing,adl,6,real_hardware
1.93,-0.187,-0.896,0.435,2.625,11.625,-6.625,566.0199065431538,idle_standing,adl,6,real_hardware
1.935,-0.181,-0.898,0.439,2.75,3.5,-0.625,566.0199065431538,idle_standing,adl,6,real_hardware
1.94,-0.177,-0.892,0.433,3.75,9.625,-6.0,566.0199065431538,idle_standing,adl,6,real_hardware
1.945,-0.173,-0.896,0.445,-1.625,11.125,-4.75,566.0044173690271,idle_standing,adl,6,real_hardware
1.95,-0.169,-0.886,0.445,0.0,6.625,1.0,566.0044173690271,idle_standing,adl,6,real_hardware
1.955,-0.167,-0.886,0.433,0.875,10.25,4.25,566.0044173690271,idle_standing,adl,6,real_hardware
1.96,-0.164,-0.894,0.443,-5.5,6.0,-2.0,566.0249002926296,idle_standing,adl,6,real_hardware
1.965,-0.162,-0.888,0.441,1.625,6.625,0.25,566.0249002926296,idle_standing,adl,6,real_hardware
1.97,-0.164,-0.89,0.441,5.375,8.0,-1.125,566.0249002926296,idle_standing,adl,6,real_hardware
1.975,-0.166,-0.89,0.437,-2.0,9.5,2.375,566.0249002926296,idle_standing,adl,6,real_hardware
1.98,-0.16,-0.892,0.443,-0.75,11.375,-5.25,566.0249002926296,idle_standing,adl,6,real_hardware
1.985,-0.167,-0.888,0.443,9.125,4.625,-3.5,566.035395725796,idle_standing,adl,6,real_hardware
1.99,-0.167,-0.884,0.447,2.875,11.75,-10.125,566.035395725796,idle_standing,adl,6,real_hardware
1.995,-0.167,-0.886,0.449,2.5,10.625,-11.625,566.0199065431538,idle_standing,adl,6,real_hardware
2.0,-0.16,-0.886,0.443,6.0,16.5,-7.25,566.0249002926296,idle_standing,adl,6,real_hardware
2.005,-0.158,-0.884,0.447,4.625,9.625,-1.375,566.0249002926296,idle_standing,adl,6,real_hardware
2.01,-0.158,-0.882,0.449,2.5,15.375,-5.0,566.0249002926296,idle_standing,adl,6,real_hardware
2.015,-0.164,-0.882,0.449,0.375,9.125,-3.375,566.0298940973936,idle_standing,adl,6,real_hardware
2.02,-0.154,-0.878,0.453,2.875,12.75,-9.375,566.0453835532463,idle_standing,adl,6,real_hardware
2.025,-0.156,-0.886,0.445,2.875,5.375,-4.875,566.0453835532463,idle_standing,adl,6,real_hardware
2.03,-0.16,-0.876,0.441,1.625,14.875,-8.5,566.0403896118763,idle_standing,adl,6,real_hardware
2.035,-0.158,-0.88,0.445,-2.5,11.125,-4.375,566.060873017615,idle_standing,adl,6,real_hardware
2.04,-0.164,-0.882,0.449,2.0,5.75,-4.625,566.0403896118763,idle_standing,adl,6,real_hardware
2.045,-0.164,-0.886,0.451,-2.25,7.0,-2.875,566.035395725796,idle_standing,adl,6,real_hardware
2.05,-0.162,-0.892,0.447,-8.75,6.5,7.75,566.0199065431538,idle_standing,adl,6,real_hardware
2.055,-0.167,-0.888,0.455,-2.25,12.25,-7.375,566.0249002926296,idle_standing,adl,6,real_hardware
2.06,-0.173,-0.884,0.449,2.625,4.25,-6.875,566.0249002926296,idle_standing,adl,6,real_hardware
2.065,-0.173,-0.886,0.451,-0.875,2.75,-2.375,566.0403896118763,idle_standing,adl,6,real_hardware
2.07,-0.177,-0.886,0.453,-3.75,9.625,-9.25,566.0453835532463,idle_standing,adl,6,real_hardware
2.075,-0.175,-0.882,0.453,-6.0,4.875,-1.75,566.0298940973936,idle_standing,adl,6,real_hardware
2.08,-0.179,-0.882,0.455,-3.0,4.25,-5.25,566.0453835532463,idle_standing,adl,6,real_hardware
2.085,-0.173,-0.878,0.451,-5.75,7.125,-5.125,566.0453835532463,idle_standing,adl,6,real_hardware
2.09,-0.173,-0.876,0.449,-7.375,4.375,-4.0,566.0453835532463,idle_standing,adl,6,real_hardware
2.095,-0.169,-0.876,0.445,2.75,0.25,-0.625,566.0403896118763,idle_standing,adl,6,real_hardware
2.1,-0.171,-0.888,0.445,-2.875,14.0,-3.125,566.0249002926296,idle_standing,adl,6,real_hardware
2.105,-0.166,-0.888,0.439,-4.5,0.0,2.375,566.0199065431538,idle_standing,adl,6,real_hardware
2.11,-0.171,-0.888,0.441,5.5,5.75,-2.125,566.0249002926296,idle_standing,adl,6,real_hardware
2.115,-0.171,-0.888,0.443,2.625,5.5,-7.125,566.0249002926296,idle_standing,adl,6,real_hardware
2.12,-0.169,-0.888,0.439,-10.125,10.75,5.875,566.0298940973936,idle_standing,adl,6,real_hardware
2.125,-0.166,-0.896,0.437,-7.125,2.0,-0.625,566.0144046500569,idle_standing,adl,6,real_hardware
2.13,-0.173,-0.892,0.437,-3.0,-0.375,-5.875,566.0144046500569,idle_standing,adl,6,real_hardware
2.135,-0.169,-0.892,0.437,2.625,2.625,-6.875,566.0144046500569,idle_standing,adl,6,real_hardware
2.14,-0.175,-0.896,0.441,0.25,2.875,-1.125,566.0144046500569,idle_standing,adl,6,real_hardware
2.145,-0.173,-0.902,0.439,-9.0,5.25,-5.875,566.0144046500569,idle_standing,adl,6,real_hardware
2.15,-0.171,-0.896,0.437,0.125,7.5,-6.75,566.0094109818986,idle_standing,adl,6,real_hardware
2.155,-0.175,-0.898,0.443,-6.625,4.125,2.125,566.0094109818986,idle_standing,adl,6,real_hardware
2.16,-0.173,-0.898,0.435,4.25,8.375,-6.25,566.0094109818986,idle_standing,adl,6,real_hardware
2.165,-0.171,-0.9,0.441,-8.875,1.75,-10.0,566.0094109818986,idle_standing,adl,6,real_hardware
2.17,-0.179,-0.9,0.437,-2.25,4.75,-2.375,566.0094109818986,idle_standing,adl,6,real_hardware
2.175,-0.179,-0.898,0.429,-7.25,10.25,-4.25,566.0094109818986,idle_standing,adl,6,real_hardware
2.18,-0.179,-0.9,0.431,-11.25,2.625,8.375,566.0144046500569,idle_standing,adl,6,real_hardware
2.185,-0.173,-0.894,0.439,1.0,8.5,-4.625,566.0144046500569,idle_standing,adl,6,real_hardware
2.19,-0.173,-0.886,0.439,-14.25,-3.25,-0.5,566.0094109818986,idle_standing,adl,6,real_hardware
2.195,-0.166,-0.88,0.439,-6.0,-3.625,6.25,565.9889282034162,idle_standing,adl,6,real_hardware
2.2,-0.164,-0.878,0.433,-6.375,-2.0,5.875,565.9939216796834,idle_standing,adl,6,real_hardware
2.205,-0.162,-0.871,0.433,-6.25,-1.625,-5.75,565.9939216796834,idle_standing,adl,6,real_hardware
2.21,-0.164,-0.873,0.431,3.125,0.0,-3.5,566.0094109818986,idle_standing,adl,6,real_hardware
2.215,-0.16,-0.876,0.429,0.375,5.25,3.5,566.0094109818986,idle_standing,adl,6,real_hardware
2.22,-0.166,-0.873,0.437,3.125,10.125,-7.125,566.0044173690271,idle_standing,adl,6,real_hardware
2.225,-0.169,-0.871,0.441,-2.25,3.0,-15.5,566.0044173690271,idle_standing,adl,6,real_hardware
2.23,-0.164,-0.875,0.441,-3.375,3.875,7.375,566.0249002926296,idle_standing,adl,6,real_hardware
2.235,-0.169,-0.878,0.437,7.375,3.875,-6.75,566.0249002926296,idle_standing,adl,6,real_hardware
2.24,-0.166,-0.88,0.445,-4.75,-2.625,1.25,566.0249002926296,idle_standing,adl,6,real_hardware
2.245,-0.167,-0.882,0.447,-4.0,6.375,7.25,566.0453835532463,idle_standing,adl,6,real_hardware
2.25,-0.169,-0.882,0.449,-4.625,8.0,4.375,566.0453835532463,idle_standing,adl,6,real_hardware
2.255,-0.173,-0.886,0.447,0.75,0.625,-1.75,566.0453835532463,idle_standing,adl,6,real_hardware
2.26,-0.169,-0.886,0.445,-1.5,-6.0,-3.0,566.0298940973936,idle_standing,adl,6,real_hardware
2.265,-0.175,-0.892,0.447,-2.25,0.0,2.5,566.0453835532463,idle_standing,adl,6,real_hardware
2.27,-0.169,-0.888,0.445,-7.25,0.25,-2.625,566.0249002926296,idle_standing,adl,6,real_hardware
2.275,-0.166,-0.886,0.441,-6.125,4.125,0.5,566.0249002926296,idle_standing,adl,6,real_hardware
2.28,-0.162,-0.89,0.435,-0.625,-4.125,3.375,566.0249002926296,idle_standing,adl,6,real_hardware
2.285,-0.164,-0.894,0.435,-4.0,7.0,-5.375,566.0094109818986,idle_standing,adl,6,real_hardware
2.29,-0.156,-0.89,0.435,-7.75,2.0,-2.875,566.0094109818986,idle_standing,adl,6,real_hardware
2.295,-0.16,-0.888,0.435,-1.375,-3.625,11.5,566.0094109818986,idle_standing,adl,6,real_hardware
2.3,-0.154,-0.882,0.427,0.0,-1.0,-5.125,566.0249002926296,idle_standing,adl,6,real_hardware
2.305,-0.148,-0.886,0.433,-0.625,-1.375,0.375,566.0094109818986,idle_standing,adl,6,real_hardware
2.31,-0.152,-0.88,0.429,0.125,3.875,-2.25,566.0298940973936,idle_standing,adl,6,real_hardware
2.315,-0.146,-0.88,0.431,6.125,5.875,-9.875,566.0144046500569,idle_standing,adl,6,real_hardware
2.32,-0.152,-0.884,0.437,-2.625,-0.375,4.0,566.0144046500569,idle_standing,adl,6,real_hardware
2.325,-0.154,-0.882,0.431,3.0,-6.5,-6.625,566.0094109818986,idle_standing,adl,6,real_hardware
2.33,-0.152,-0.878,0.425,-4.0,-3.0,-4.75,566.0094109818986,idle_standing,adl,6,real_hardware
2.335,-0.156,-0.888,0.423,-2.0,-2.625,-0.625,566.0044173690271,idle_standing,adl,6,real_hardware
2.34,-0.158,-0.89,0.423,-0.625,-2.625,0.0,565.9939216796834,idle_standing,adl,6,real_hardware
2.345,-0.164,-0.89,0.425,4.0,-5.375,-1.125,565.9939216796834,idle_standing,adl,6,real_hardware
2.35,-0.164,-0.892,0.423,-0.875,-4.25,4.25,565.9989152112362,idle_standing,adl,6,real_hardware
2.355,-0.156,-0.892,0.423,2.75,-3.625,-2.125,565.9989152112362,idle_standing,adl,6,real_hardware
2.36,-0.16,-0.886,0.429,-1.375,-4.0,6.5,566.0044173690271,idle_standing,adl,6,real_hardware
2.365,-0.156,-0.89,0.433,0.5,-2.125,3.125,566.0044173690271,idle_standing,adl,6,real_hardware
2.37,-0.156,-0.88,0.431,8.0,-7.0,-4.25,566.0199065431538,idle_standing,adl,6,real_hardware
2.375,-0.152,-0.882,0.425,1.5,-7.125,-2.625,566.0199065431538,idle_standing,adl,6,real_hardware
2.38,-0.152,-0.894,0.427,0.0,7.5,1.125,566.0044173690271,idle_standing,adl,6,real_hardware
2.385,-0.154,-0.892,0.433,-4.125,-5.125,-1.25,566.0044173690271,idle_standing,adl,6,real_hardware
2.39,-0.154,-0.89,0.435,-1.625,-1.0,1.375,566.0199065431538,idle_standing,adl,6,real_hardware
2.395,-0.158,-0.886,0.427,4.5,-3.25,0.5,566.0199065431538,idle_standing,adl,6,real_hardware
2.4,-0.16,-0.884,0.437,7.875,-7.0,2.5,566.0044173690271,idle_standing,adl,6,real_hardware
2.405,-0.162,-0.88,0.423,5.125,1.875,-5.75,566.0044173690271,idle_standing,adl,6,real_hardware
2.41,-0.166,-0.882,0.421,-3.375,0.75,5.0,566.0094109818986,idle_standing,adl,6,real_hardware
2.415,-0.167,-0.882,0.423,-5.75,-8.375,4.25,566.0094109818986,idle_standing,adl,6,real_hardware
2.42,-0.175,-0.884,0.429,1.875,-3.625,-3.0,565.9939216796834,idle_standing,adl,6,real_hardware
2.425,-0.179,-0.89,0.425,2.0,-8.0,10.125,566.0094109818986,idle_standing,adl,6,real_hardware
2.43,-0.181,-0.89,0.417,-0.25,-2.375,8.75,566.0094109818986,idle_standing,adl,6,real_hardware
2.435,-0.179,-0.892,0.421,10.75,-6.375,7.0,566.0044173690271,idle_standing,adl,6,real_hardware
2.44,-0.185,-0.896,0.419,8.625,1.0,0.75,566.0044173690271,walking,adl,6,real_hardware
2.445,-0.175,-0.892,0.423,-3.25,5.25,6.25,565.9994238114425,walking,adl,6,real_hardware
2.45,-0.181,-0.892,0.417,-3.875,-6.625,6.875,565.9994238114425,walking,adl,6,real_hardware
2.455,-0.173,-0.888,0.423,3.75,-2.125,-3.5,565.9994238114425,walking,adl,6,real_hardware
2.46,-0.173,-0.888,0.416,4.875,-1.25,5.625,565.9994238114425,walking,adl,6,real_hardware
2.465,-0.171,-0.888,0.425,2.75,-3.625,-1.625,566.014912848966,walking,adl,6,real_hardware
2.47,-0.175,-0.882,0.419,4.375,2.875,1.375,566.014912848966,walking,adl,6,real_hardware
2.475,-0.166,-0.886,0.417,3.0,-5.75,-4.5,566.014912848966,walking,adl,6,real_hardware
2.48,-0.16,-0.886,0.419,1.25,5.25,1.375,566.0044173690271,walking,adl,6,real_hardware
2.485,-0.162,-0.888,0.425,7.125,-5.125,1.875,566.0094109818986,walking,adl,6,real_hardware
2.49,-0.164,-0.888,0.421,1.625,1.75,3.375,566.0249002926296,walking,adl,6,real_hardware
2.495,-0.162,-0.896,0.421,6.0,-2.375,2.0,566.0298940973936,walking,adl,6,real_hardware
2.5,-0.156,-0.892,0.427,13.625,-7.25,5.625,566.0249002926296,walking,adl,6,real_hardware
2.505,-0.158,-0.894,0.425,5.875,1.375,8.0,566.0094109818986,walking,adl,6,real_hardware
2.51,-0.162,-0.9,0.435,6.375,-5.25,3.375,566.0094109818986,walking,adl,6,real_hardware
2.515,-0.156,-0.892,0.431,7.875,2.0,-0.875,566.0044173690271,walking,adl,6,real_hardware
2.52,-0.16,-0.898,0.429,5.375,-2.625,2.25,566.0094109818986,walking,adl,6,real_hardware
2.525,-0.162,-0.904,0.431,13.875,-10.75,-1.5,566.0094109818986,walking,adl,6,real_hardware
2.53,-0.156,-0.9,0.433,3.75,4.875,1.25,566.0094109818986,walking,adl,6,real_hardware
2.535,-0.162,-0.892,0.431,4.0,-3.625,9.5,565.9989152112362,walking,adl,6,real_hardware
2.54,-0.162,-0.894,0.435,5.75,-2.625,1.875,566.0144046500569,walking,adl,6,real_hardware
2.545,-0.162,-0.888,0.425,-4.375,-0.5,2.125,566.0144046500569,walking,adl,6,real_hardware
2.55,-0.158,-0.892,0.419,-0.5,2.25,-0.25,566.0144046500569,walking,adl,6,real_hardware
2.555,-0.16,-0.894,0.421,2.625,-5.0,3.75,566.0249002926296,walking,adl,6,real_hardware
2.56,-0.158,-0.894,0.414,2.375,3.75,-3.375,566.0249002926296,walking,adl,6,real_hardware
2.565,-0.164,-0.894,0.421,7.25,-1.25,6.25,566.0199065431538,walking,adl,6,real_hardware
2.57,-0.164,-0.896,0.419,4.75,-8.0,4.375,566.0199065431538,walking,adl,6,real_hardware
2.575,-0.162,-0.894,0.416,2.75,-4.75,3.375,566.0094109818986,walking,adl,6,real_hardware
2.58,-0.162,-0.902,0.419,-2.5,2.25,1.375,566.0094109818986,walking,adl,6,real_hardware
2.585,-0.164,-0.894,0.423,2.25,-7.375,10.0,566.0094109818986,walking,adl,6,real_hardware
2.59,-0.167,-0.896,0.427,0.0,-13.75,1.375,566.0144046500569,walking,adl,6,real_hardware
2.595,-0.169,-0.884,0.423,4.625,-3.5,2.75,566.0039087980748,walking,adl,6,real_hardware
2.6,-0.166,-0.888,0.423,3.0,-11.625,5.25,566.0193983735026,walking,adl,6,real_hardware
2.605,-0.164,-0.88,0.437,3.5,-7.875,3.5,566.0193983735026,walking,adl,6,real_hardware
2.61,-0.166,-0.884,0.429,5.625,-10.25,1.5,566.0144046500569,walking,adl,6,real_hardware
2.615,-0.164,-0.884,0.427,2.25,-7.0,14.75,566.0094109818986,walking,adl,6,real_hardware
2.62,-0.162,-0.876,0.439,4.75,-4.75,5.75,566.0199065431538,walking,adl,6,real_hardware
2.625,-0.156,-0.876,0.437,5.375,-3.375,-4.0,566.0199065431538,walking,adl,6,real_hardware
2.63,-0.16,-0.873,0.447,-3.0,-0.75,-0.625,566.0249002926296,walking,adl,6,real_hardware
2.635,-0.16,-0.871,0.447,4.125,-8.125,4.5,566.0249002926296,walking,adl,6,real_hardware
2.64,-0.156,-0.867,0.455,9.375,0.875,1.5,566.0403896118763,walking,adl,6,real_hardware
2.645,-0.158,-0.867,0.451,7.25,-10.125,1.125,566.0249002926296,walking,adl,6,real_hardware
2.65,-0.164,-0.863,0.451,5.5,-8.5,1.25,566.0249002926296,walking,adl,6,real_hardware
2.655,-0.162,-0.855,0.455,11.125,-1.5,4.875,566.0249002926296,walking,adl,6,real_hardware
2.66,-0.15,-0.859,0.455,7.5,-4.125,4.625,566.0249002926296,walking,adl,6,real_hardware
2.665,-0.148,-0.855,0.464,6.0,-10.625,-0.5,566.0249002926296,walking,adl,6,real_hardware
2.67,-0.156,-0.869,0.455,5.875,-4.375,2.375,566.035395725796,walking,adl,6,real_hardware
2.675,-0.162,-0.875,0.458,3.25,-6.125,5.125,566.035395725796,walking,adl,6,real_hardware
2.68,-0.171,-0.884,0.47,9.0,-4.875,7.75,566.035395725796,walking,adl,6,real_hardware
2.685,-0.167,-0.884,0.476,16.625,-10.0,-2.25,566.0199065431538,walking,adl,6,real_hardware
2.69,-0.167,-0.884,0.474,11.25,-7.75,-2.375,566.0249002926296,walking,adl,6,real_hardware
2.695,-0.166,-0.884,0.482,6.875,-11.75,0.25,566.0249002926296,walking,adl,6,real_hardware
2.7,-0.164,-0.871,0.486,20.0,-2.75,1.625,566.0249002926296,walking,adl,6,real_hardware
2.705,-0.162,-0.873,0.476,12.875,-10.625,-0.75,566.0298940973936,walking,adl,6,real_hardware
2.71,-0.166,-0.873,0.474,12.875,-10.75,8.5,566.0298940973936,walking,adl,6,real_hardware
2.715,-0.164,-0.882,0.468,4.875,-11.25,-3.875,566.0298940973936,walking,adl,6,real_hardware
2.72,-0.167,-0.884,0.462,9.5,-1.125,6.625,566.0249002926296,walking,adl,6,real_hardware
2.725,-0.167,-0.896,0.464,-0.125,-17.375,9.125,566.0249002926296,walking,adl,6,real_hardware
2.73,-0.169,-0.904,0.47,3.0,-12.5,10.125,566.0304018950051,walking,adl,6,real_hardware
2.735,-0.171,-0.904,0.474,6.0,-9.75,2.25,566.0304018950051,walking,adl,6,real_hardware
2.74,-0.158,-0.912,0.474,-1.625,-12.875,3.5,566.0099192100656,walking,adl,6,real_hardware
2.745,-0.144,-0.91,0.482,-3.125,-18.5,2.25,566.014912848966,walking,adl,6,real_hardware
2.75,-0.115,-0.908,0.484,1.25,-17.375,-0.5,566.0199065431538,walking,adl,6,real_hardware
2.755,-0.101,-0.904,0.486,-9.875,-17.5,9.125,566.0249002926296,walking,adl,6,real_hardware
2.76,-0.089,-0.9,0.484,-9.375,-20.375,2.5,566.0249002926296,walking,adl,6,real_hardware
2.765,-0.078,-0.896,0.496,-0.625,-20.875,1.125,566.0249002926296,walking,adl,6,real_hardware
2.77,-0.06,-0.902,0.494,-4.375,-16.875,4.25,566.0249002926296,walking,adl,6,real_hardware
2.775,-0.056,-0.906,0.486,-2.875,-19.25,-6.25,566.0249002926296,walking,adl,6,real_hardware
2.78,-0.066,-0.902,0.474,-10.875,-23.875,-2.125,566.0249002926296,walking,adl,6,real_hardware
2.785,-0.076,-0.902,0.474,-6.875,-17.25,3.5,566.0249002926296,walking,adl,6,real_hardware
2.79,-0.082,-0.896,0.457,-7.375,-23.75,-1.75,566.0249002926296,walking,adl,6,real_hardware
2.795,-0.101,-0.888,0.445,-16.5,-21.875,4.125,566.0199065431538,walking,adl,6,real_hardware
2.8,-0.115,-0.894,0.433,-4.25,-13.875,11.25,566.0044173690271,walking,adl,6,real_hardware
2.805,-0.138,-0.892,0.417,-7.5,-15.25,10.25,566.014912848966,walking,adl,6,real_hardware
2.81,-0.16,-0.89,0.4,-7.375,-15.625,6.0,566.0199065431538,walking,adl,6,real_hardware
2.815,-0.179,-0.892,0.376,-11.0,-9.625,3.875,566.0199065431538,walking,adl,6,real_hardware
2.82,-0.195,-0.888,0.373,-7.75,-4.5,5.625,566.0199065431538,walking,adl,6,real_hardware
2.825,-0.21,-0.886,0.359,-9.5,-6.0,9.0,566.0094109818986,walking,adl,6,real_hardware
2.83,-0.21,-0.878,0.357,-4.375,-6.125,8.5,566.0249002926296,walking,adl,6,real_hardware
2.835,-0.199,-0.888,0.359,-11.625,-6.25,-7.125,566.0094109818986,walking,adl,6,real_hardware
2.84,-0.179,-0.892,0.361,-1.875,-8.75,2.125,566.0298940973936,walking,adl,6,real_hardware
2.845,-0.167,-0.894,0.365,-10.75,-3.875,9.0,566.0403896118763,walking,adl,6,real_hardware
2.85,-0.158,-0.898,0.365,0.25,-6.5,6.625,566.0403896118763,walking,adl,6,real_hardware
2.855,-0.138,-0.906,0.375,-2.0,-4.125,7.875,566.0403896118763,walking,adl,6,real_hardware
2.86,-0.128,-0.908,0.376,-9.5,-10.875,2.25,566.035395725796,walking,adl,6,real_hardware
2.865,-0.125,-0.916,0.384,-6.375,-10.25,8.375,566.0249002926296,walking,adl,6,real_hardware
2.87,-0.13,-0.919,0.388,-4.625,-2.875,-0.25,566.0249002926296,walking,adl,6,real_hardware
2.875,-0.142,-0.921,0.39,-1.625,-4.125,2.0,566.0403896118763,walking,adl,6,real_hardware
2.88,-0.15,-0.923,0.386,-5.625,4.375,6.375,566.0403896118763,walking,adl,6,real_hardware
2.885,-0.171,-0.921,0.384,-5.25,-1.25,4.5,566.0403896118763,walking,adl,6,real_hardware
2.89,-0.175,-0.908,0.386,1.25,0.625,-0.375,566.0298940973936,walking,adl,6,real_hardware
2.895,-0.189,-0.894,0.392,-11.75,4.625,-5.5,566.0298940973936,walking,adl,6,real_hardware
2.9,-0.187,-0.882,0.386,7.5,-0.625,-4.0,566.0298940973936,walking,adl,6,real_hardware
2.905,-0.183,-0.878,0.392,-0.25,3.125,2.125,566.0298940973936,walking,adl,6,real_hardware
2.91,-0.177,-0.873,0.406,9.375,0.625,4.25,566.0199065431538,walking,adl,6,real_hardware
2.915,-0.167,-0.861,0.402,-0.25,2.375,2.25,566.0199065431538,walking,adl,6,real_hardware
2.92,-0.154,-0.849,0.419,1.0,-9.0,-3.375,566.035395725796,walking,adl,6,real_hardware
2.925,-0.138,-0.851,0.419,-0.625,5.0,-4.0,566.0249002926296,walking,adl,6,real_hardware
2.93,-0.136,-0.849,0.416,4.25,2.625,2.75,566.0249002926296,walking,adl,6,real_hardware
2.935,-0.125,-0.843,0.416,-2.375,2.125,3.25,566.0403896118763,walking,adl,6,real_hardware
2.94,-0.128,-0.83,0.425,6.125,4.0,-5.75,566.0403896118763,walking,adl,6,real_hardware
2.945,-0.13,-0.828,0.431,7.875,2.625,-6.125,566.0403896118763,walking,adl,6,real_hardware
2.95,-0.142,-0.824,0.425,5.125,0.75,-4.0,566.0199065431538,walking,adl,6,real_hardware
2.955,-0.158,-0.822,0.427,8.25,7.25,-9.125,566.0249002926296,walking,adl,6,real_hardware
2.96,-0.171,-0.818,0.425,0.75,-1.875,-12.5,566.0199065431538,walking,adl,6,real_hardware
2.965,-0.175,-0.818,0.429,10.5,11.5,-10.5,566.035395725796,walking,adl,6,real_hardware
2.97,-0.205,-0.812,0.423,12.0,14.875,-17.25,566.014912848966,walking,adl,6,real_hardware
2.975,-0.222,-0.8,0.416,4.25,10.125,-17.75,566.0304018950051,walking,adl,6,real_hardware
2.98,-0.24,-0.785,0.402,7.75,12.375,-12.75,566.035395725796,walking,adl,6,real_hardware
2.985,-0.251,-0.779,0.394,6.75,23.0,-23.625,566.035395725796,walking,adl,6,real_hardware
2.99,-0.269,-0.771,0.378,10.0,14.5,-23.625,566.035395725796,walking,adl,6,real_hardware
2.995,-0.279,-0.759,0.363,4.625,16.875,-30.875,566.0558789396389,walking,adl,6,real_hardware
3.0,-0.283,-0.757,0.363,1.875,8.375,-32.875,566.0403896118763,walking,adl,6,real_hardware
3.005,-0.287,-0.753,0.355,5.5,12.625,-24.875,566.035395725796,walking,adl,6,real_hardware
3.01,-0.283,-0.759,0.351,5.375,11.375,-28.0,566.035395725796,walking,adl,6,real_hardware
3.015,-0.267,-0.773,0.367,7.75,16.0,-37.375,566.0458909495597,walking,adl,6,real_hardware
3.02,-0.25,-0.798,0.371,8.75,14.375,-31.75,566.0304018950051,walking,adl,6,real_hardware
3.025,-0.22,-0.833,0.382,0.0,9.125,-26.75,566.0508849169539,walking,adl,6,real_hardware
3.03,-0.199,-0.865,0.406,6.25,11.875,-30.0,566.035395725796,walking,adl,6,real_hardware
3.035,-0.171,-0.904,0.412,4.125,3.875,-36.875,566.035395725796,walking,adl,6,real_hardware
3.04,-0.14,-0.964,0.437,6.25,6.375,-28.125,566.035395725796,walking,adl,6,real_hardware
3.045,-0.121,-1.011,0.439,-1.0,7.5,-26.25,566.035395725796,walking,adl,6,real_hardware
3.05,-0.103,-1.041,0.453,-5.0,0.0,-21.75,566.0558789396389,walking,adl,6,real_hardware
3.055,-0.091,-1.082,0.458,-3.625,-0.375,-18.0,566.0453835532463,walking,adl,6,real_hardware
3.06,-0.078,-1.103,0.453,-3.375,5.5,-29.5,566.060873017615,walking,adl,6,real_hardware
3.065,-0.064,-1.103,0.458,-4.875,-5.75,-28.0,566.0453835532463,walking,adl,6,real_hardware
3.07,-0.048,-1.113,0.451,-6.75,0.625,-25.875,566.0453835532463,walking,adl,6,real_hardware
3.075,-0.035,-1.105,0.453,-10.625,-2.125,-16.5,566.0503775499064,walking,adl,6,real_hardware
3.08,-0.027,-1.103,0.435,-13.0,-1.5,-16.375,566.0453835532463,walking,adl,6,real_hardware
3.085,-0.017,-1.101,0.417,-16.75,-3.625,-10.5,566.0453835532463,walking,adl,6,real_hardware
3.09,-0.011,-1.093,0.402,-14.125,0.375,-21.5,566.0249002926296,walking,adl,6,real_hardware
3.095,-0.007,-1.089,0.4,-9.625,1.75,1.375,566.0249002926296,walking,adl,6,real_hardware
3.1,-0.007,-1.085,0.386,-16.25,4.25,-3.0,566.0249002926296,walking,adl,6,real_hardware
3.105,-0.025,-1.066,0.367,-11.5,-0.375,-0.75,566.0249002926296,walking,adl,6,real_hardware
3.11,-0.035,-1.046,0.359,-12.75,4.375,2.25,566.0249002926296,walking,adl,6,real_hardware
3.115,-0.044,-1.029,0.355,-20.5,6.625,2.75,566.0249002926296,walking,adl,6,real_hardware
3.12,-0.046,-1.005,0.353,-13.0,5.125,13.875,566.0249002926296,walking,adl,6,real_hardware
3.125,-0.062,-0.968,0.355,-0.375,12.375,3.125,566.0249002926296,walking,adl,6,real_hardware
3.13,-0.066,-0.951,0.343,-15.0,0.875,11.75,566.0298940973936,walking,adl,6,real_hardware
3.135,-0.078,-0.937,0.332,-5.875,3.125,7.25,566.0298940973936,walking,adl,6,real_hardware
3.14,-0.083,-0.917,0.326,-2.375,4.75,15.5,566.0144046500569,walking,adl,6,real_hardware
3.145,-0.093,-0.912,0.324,-5.375,-3.875,23.25,566.0249002926296,walking,adl,6,real_hardware
3.15,-0.101,-0.9,0.32,-1.25,11.75,10.875,566.0249002926296,walking,adl,6,real_hardware
3.155,-0.115,-0.892,0.316,0.0,7.5,13.125,566.0249002926296,walking,adl,6,real_hardware
3.16,-0.126,-0.888,0.32,-0.75,9.625,21.75,566.0249002926296,walking,adl,6,real_hardware
3.165,-0.134,-0.89,0.32,13.75,13.375,14.75,566.0403896118763,walking,adl,6,real_hardware
3.17,-0.154,-0.898,0.32,5.5,7.0,16.375,566.0403896118763,walking,adl,6,real_hardware
3.175,-0.152,-0.898,0.316,7.75,14.875,11.5,566.0249002926296,walking,adl,6,real_hardware
3.18,-0.164,-0.904,0.316,9.0,11.625,13.5,566.0403896118763,walking,adl,6,real_hardware
3.185,-0.166,-0.908,0.324,3.75,-5.5,22.375,566.0249002926296,walking,adl,6,real_hardware
3.19,-0.167,-0.914,0.32,2.375,2.75,16.75,566.0403896118763,walking,adl,6,real_hardware
3.195,-0.162,-0.927,0.326,2.375,0.375,23.875,566.0298940973936,walking,adl,6,real_hardware
3.2,-0.156,-0.929,0.322,4.625,0.375,29.25,566.0249002926296,walking,adl,6,real_hardware
3.205,-0.154,-0.925,0.33,-1.75,2.125,23.625,566.0249002926296,walking,adl,6,real_hardware
3.21,-0.14,-0.929,0.339,0.875,-0.5,20.5,566.0249002926296,walking,adl,6,real_hardware
3.215,-0.13,-0.923,0.345,0.25,1.0,21.0,566.0249002926296,walking,adl,6,real_hardware
3.22,-0.13,-0.921,0.343,9.5,0.875,20.125,566.0403896118763,walking,adl,6,real_hardware
3.225,-0.115,-0.921,0.341,-0.375,-4.5,15.25,566.0403896118763,walking,adl,6,real_hardware
3.23,-0.103,-0.914,0.343,9.0,-2.625,19.875,566.0249002926296,walking,adl,6,real_hardware
3.235,-0.089,-0.9,0.351,8.25,-5.0,14.125,566.0249002926296,walking,adl,6,real_hardware
3.24,-0.091,-0.892,0.333,5.125,-7.375,21.5,566.0249002926296,walking,adl,6,real_hardware
3.245,-0.085,-0.896,0.339,0.875,-16.125,19.125,566.0249002926296,walking,adl,6,real_hardware
3.25,-0.093,-0.9,0.332,2.875,-15.25,19.0,566.0249002926296,walking,adl,6,real_hardware
3.255,-0.091,-0.898,0.32,10.5,-8.5,16.625,566.0249002926296,walking,adl,6,real_hardware
3.26,-0.103,-0.898,0.332,10.25,-10.375,12.375,566.0044173690271,walking,adl,6,real_hardware
3.265,-0.111,-0.9,0.318,6.5,-9.125,7.875,565.9994238114425,walking,adl,6,real_hardware
3.27,-0.121,-0.904,0.318,2.5,-14.25,10.0,565.9944303091437,walking,adl,6,real_hardware
3.275,-0.138,-0.906,0.316,1.75,-6.25,12.25,565.9994238114425,walking,adl,6,real_hardware
3.28,-0.169,-0.908,0.304,3.875,-9.375,13.0,566.014912848966,walking,adl,6,real_hardware
3.285,-0.175,-0.902,0.31,7.0,-10.5,16.5,566.014912848966,walking,adl,6,real_hardware
3.29,-0.183,-0.9,0.312,3.0,-12.0,10.625,566.0199065431538,walking,adl,6,real_hardware
3.295,-0.189,-0.902,0.3,11.5,-21.0,18.625,565.9999320981252,walking,adl,6,real_hardware
3.3,-0.193,-0.902,0.302,11.375,-17.75,13.5,566.0099192100656,walking,adl,6,real_hardware
3.305,-0.185,-0.898,0.296,5.625,-12.0,8.75,565.9994238114425,walking,adl,6,real_hardware
3.31,-0.193,-0.894,0.296,4.5,-9.75,14.625,565.9994238114425,walking,adl,6,real_hardware
3.315,-0.187,-0.888,0.292,7.375,-10.5,10.75,565.9994238114425,walking,adl,6,real_hardware
3.32,-0.187,-0.876,0.3,8.0,-14.125,14.875,565.9994238114425,walking,adl,6,real_hardware
3.325,-0.177,-0.857,0.298,6.5,-10.5,8.375,566.014912848966,walking,adl,6,real_hardware
3.33,-0.173,-0.853,0.302,2.75,-21.125,19.125,566.0044173690271,walking,adl,6,real_hardware
3.335,-0.169,-0.845,0.306,4.25,-10.875,11.0,566.0094109818986,walking,adl,6,real_hardware
3.34,-0.167,-0.837,0.3,9.625,-18.625,10.875,566.0094109818986,walking,adl,6,real_hardware
3.345,-0.166,-0.839,0.298,3.625,-7.0,10.125,566.0249002926296,walking,adl,6,real_hardware
3.35,-0.175,-0.845,0.296,7.375,-13.25,7.5,566.0094109818986,walking,adl,6,real_hardware
3.355,-0.171,-0.855,0.302,13.25,-18.875,5.125,566.0094109818986,walking,adl,6,real_hardware
3.36,-0.179,-0.863,0.291,1.875,-14.875,-4.5,566.0144046500569,walking,adl,6,real_hardware
3.365,-0.185,-0.869,0.291,7.5,-17.75,7.125,566.0249002926296,walking,adl,6,real_hardware
3.37,-0.193,-0.871,0.292,5.0,-16.0,-1.875,566.0044173690271,walking,adl,6,real_hardware
3.375,-0.207,-0.888,0.291,9.75,-19.5,-1.125,566.0044173690271,walking,adl,6,real_hardware
3.38,-0.212,-0.896,0.283,-3.375,-18.25,5.5,566.0044173690271,walking,adl,6,real_hardware
3.385,-0.22,-0.908,0.287,2.375,-15.0,0.25,566.0044173690271,walking,adl,6,real_hardware
3.39,-0.222,-0.91,0.287,12.375,-15.25,-0.875,566.0044173690271,walking,adl,6,real_hardware
3.395,-0.228,-0.919,0.285,-1.25,-23.25,5.125,566.0044173690271,walking,adl,6,real_hardware
3.4,-0.228,-0.933,0.279,-0.625,-20.125,6.75,566.0044173690271,walking,adl,6,real_hardware
3.405,-0.232,-0.943,0.281,-2.625,-9.125,10.0,565.9939216796834,walking,adl,6,real_hardware
3.41,-0.236,-0.945,0.277,-8.625,-12.125,4.0,565.9939216796834,walking,adl,6,real_hardware
3.415,-0.244,-0.945,0.263,7.0,-15.875,3.375,566.0144046500569,walking,adl,6,real_hardware
3.42,-0.244,-0.947,0.251,-3.75,-15.5,3.375,565.9939216796834,walking,adl,6,real_hardware
3.425,-0.248,-0.953,0.25,-5.0,-15.25,6.75,566.0044173690271,walking,adl,6,real_hardware
3.43,-0.253,-0.958,0.236,-2.375,-2.125,0.25,566.0044173690271,walking,adl,6,real_hardware
3.435,-0.257,-0.951,0.236,2.25,-20.625,9.5,565.9889282034162,walking,adl,6,real_hardware
3.44,-0.261,-0.96,0.23,-3.25,-19.125,3.25,565.9939216796834,walking,adl,6,real_hardware
3.445,-0.269,-0.949,0.234,-2.375,-20.375,6.625,565.9939216796834,walking,adl,6,real_hardware
3.45,-0.265,-0.945,0.236,0.5,-13.75,2.0,565.9939216796834,walking,adl,6,real_hardware
3.455,-0.263,-0.949,0.234,4.875,-11.0,9.875,566.0044173690271,walking,adl,6,real_hardware
3.46,-0.273,-0.943,0.234,1.875,-18.5,7.875,565.9889282034162,walking,adl,6,real_hardware
3.465,-0.277,-0.939,0.242,0.625,-1.125,9.0,565.9939216796834,walking,adl,6,real_hardware
3.47,-0.283,-0.953,0.25,7.375,-8.0,10.25,566.0094109818986,walking,adl,6,real_hardware
3.475,-0.285,-0.951,0.236,2.625,-10.0,11.75,566.0094109818986,walking,adl,6,real_hardware
3.48,-0.287,-0.955,0.234,8.0,-14.75,9.5,566.0094109818986,walking,adl,6,real_hardware
3.485,-0.291,-0.957,0.24,1.375,-13.5,23.875,566.0044173690271,walking,adl,6,real_hardware
3.49,-0.3,-0.96,0.238,6.25,-7.25,13.625,565.9994238114425,walking,adl,6,real_hardware
3.495,-0.3,-0.955,0.232,0.375,-4.75,18.375,566.0044173690271,walking,adl,6,real_hardware
3.5,-0.289,-0.953,0.232,3.375,-9.625,22.0,566.0094109818986,walking,adl,6,real_hardware
3.505,-0.292,-0.951,0.232,13.875,-11.125,11.875,566.0094109818986,walking,adl,6,real_hardware
3.51,-0.289,-0.931,0.253,2.125,1.0,15.75,566.0094109818986,walking,adl,6,real_hardware
3.515,-0.333,-0.865,0.376,0.375,1.5,15.5,565.9939216796834,walking,adl,6,real_hardware
3.52,-0.39,-0.738,0.593,7.875,7.125,20.125,565.9939216796834,walking,adl,6,real_hardware
3.525,-0.3,-0.761,0.609,18.25,-2.375,20.25,566.0144046500569,walking,adl,6,real_hardware
3.53,-0.255,-0.82,0.591,29.0,5.625,23.25,566.0144046500569,walking,adl,6,real_hardware
3.535,-0.326,-0.888,0.578,40.5,8.5,24.25,566.0094109818986,walking,adl,6,real_hardware
3.54,-0.439,-1.031,0.542,37.375,18.5,26.25,566.014912848966,walking,adl,6,real_hardware
3.545,-0.503,-1.162,0.466,26.625,20.375,28.625,565.9994238114425,walking,adl,6,real_hardware
3.55,-0.527,-1.207,0.429,12.375,30.75,28.25,566.0044173690271,walking,adl,6,real_hardware
3.555,-0.539,-1.164,0.441,-0.5,35.125,18.0,565.9839347824343,walking,adl,6,real_hardware
3.56,-0.527,-1.134,0.457,2.375,54.25,19.125,566.0044173690271,walking,adl,6,real_hardware
3.565,-0.498,-1.101,0.466,-8.875,35.875,14.25,565.9889282034162,walking,adl,6,real_hardware
3.57,-0.441,-1.068,0.5,-18.375,47.375,11.125,565.9889282034162,walking,adl,6,real_hardware
3.575,-0.38,-1.074,0.527,-14.625,40.375,8.625,565.9889282034162,walking,adl,6,real_hardware
3.58,-0.332,-1.091,0.542,-16.0,38.875,-3.25,565.9889282034162,walking,adl,6,real_hardware
3.585,-0.265,-1.121,0.572,-19.125,39.75,-0.375,565.9939216796834,walking,adl,6,real_hardware
3.59,-0.214,-1.132,0.595,-18.875,34.75,-11.75,566.0094109818986,walking,adl,6,real_hardware
3.595,-0.169,-1.103,0.63,-23.375,20.625,-2.125,566.0094109818986,walking,adl,6,real_hardware
3.6,-0.16,-1.072,0.642,-15.5,18.875,-12.0,565.9939216796834,walking,adl,6,real_hardware
3.605,-0.164,-1.056,0.648,-21.125,7.875,-5.125,565.9939216796834,walking,adl,6,real_hardware
3.61,-0.205,-1.041,0.652,-4.875,13.375,0.0,566.0094109818986,walking,adl,6,real_hardware
3.615,-0.236,-1.029,0.65,-7.5,6.125,-6.125,566.0144046500569,walking,adl,6,real_hardware
3.62,-0.244,-1.037,0.642,-6.375,-0.5,-3.0,565.9989152112362,walking,adl,6,real_hardware
3.625,-0.248,-1.037,0.636,0.125,-9.0,-5.625,565.9989152112362,walking,adl,6,real_hardware
3.63,-0.238,-1.019,0.636,0.125,-15.75,-16.25,565.9939216796834,walking,adl,6,real_hardware
3.635,-0.226,-0.99,0.638,-1.0,-18.0,-11.5,565.9989152112362,walking,adl,6,real_hardware
3.64,-0.214,-0.958,0.64,-0.875,-16.375,-14.0,565.9989152112362,walking,adl,6,real_hardware
3.645,-0.179,-0.929,0.64,-4.625,-14.25,-18.5,565.9989152112362,walking,adl,6,real_hardware
3.65,-0.136,-0.91,0.656,-4.375,-28.125,-9.0,565.9784323859842,walking,adl,6,real_hardware
3.655,-0.099,-0.876,0.666,1.25,-20.125,-19.75,565.9734390463211,walking,adl,6,real_hardware
3.66,-0.064,-0.857,0.666,2.875,-13.5,-22.0,565.9734390463211,walking,adl,6,real_hardware
3.665,-0.031,-0.83,0.658,1.625,-16.875,-13.25,565.9684457619419,walking,adl,6,real_hardware
3.67,-0.005,-0.808,0.642,-13.375,-12.125,-8.5,565.9684457619419,walking,adl,6,real_hardware
3.675,0.005,-0.781,0.611,-10.375,-6.25,-6.875,565.9734390463211,walking,adl,6,real_hardware
3.68,0.009,-0.746,0.585,-7.875,-4.25,-12.875,565.9734390463211,walking,adl,6,real_hardware
3.685,-0.001,-0.714,0.554,-7.375,3.75,-11.125,565.9629431008007,walking,adl,6,real_hardware
3.69,-0.031,-0.687,0.515,-11.25,7.0,-15.0,565.9834257809314,walking,adl,6,real_hardware
3.695,-0.068,-0.666,0.488,-14.25,5.375,-17.0,565.9679363591426,walking,adl,6,real_hardware
3.7,-0.109,-0.669,0.464,0.625,16.875,-16.375,565.9679363591426,walking,adl,6,real_hardware
3.705,-0.138,-0.683,0.46,-12.25,10.625,-9.875,565.9834257809314,walking,adl,6,real_hardware
3.71,-0.177,-0.705,0.437,-3.25,7.625,-17.125,565.9834257809314,walking,adl,6,real_hardware
3.715,-0.208,-0.742,0.439,5.375,11.125,-12.625,565.9784323859842,walking,adl,6,real_hardware
3.72,-0.238,-0.779,0.437,4.875,9.25,-8.75,565.9784323859842,walking,adl,6,real_hardware
3.725,-0.25,-0.8,0.435,4.5,19.625,-10.75,565.9784323859842,walking,adl,6,real_hardware
3.73,-0.275,-0.841,0.421,13.5,11.0,-7.75,565.9784323859842,walking,adl,6,real_hardware
3.735,-0.292,-0.873,0.443,16.625,13.0,-19.75,565.9784323859842,walking,adl,6,real_hardware
3.74,-0.306,-0.892,0.455,14.5,14.875,-12.375,565.9784323859842,walking,adl,6,real_hardware
3.745,-0.316,-0.902,0.462,8.75,13.25,-9.875,565.9834257809314,walking,adl,6,real_hardware
3.75,-0.308,-0.917,0.48,19.75,22.25,-16.5,565.9784323859842,walking,adl,6,real_hardware
3.755,-0.291,-0.945,0.492,10.125,24.625,-16.5,565.9784323859842,walking,adl,6,real_hardware
3.76,-0.277,-0.953,0.5,9.125,32.75,-22.625,565.9784323859842,walking,adl,6,real_hardware
3.765,-0.255,-0.953,0.501,2.625,26.75,-21.375,565.9889282034162,walking,adl,6,real_hardware
3.77,-0.232,-0.935,0.517,8.75,18.625,-29.0,565.9839347824343,walking,adl,6,real_hardware
3.775,-0.199,-0.904,0.517,-3.75,27.125,-15.375,565.9839347824343,walking,adl,6,real_hardware
3.78,-0.167,-0.876,0.507,-3.0,22.5,-26.0,565.9839347824343,walking,adl,6,real_hardware
3.785,-0.152,-0.859,0.503,-9.375,25.75,-27.625,565.9889282034162,walking,adl,6,real_hardware
3.79,-0.119,-0.832,0.49,-4.5,21.625,-28.625,565.9889282034162,walking,adl,6,real_hardware
3.795,-0.085,-0.81,0.48,-6.75,19.75,-26.25,565.9734390463211,walking,adl,6,real_hardware
3.8,-0.066,-0.8,0.472,-4.0,12.25,-25.625,565.9939216796834,walking,adl,6,real_hardware
3.805,-0.05,-0.789,0.466,-5.5,16.0,-27.5,565.9939216796834,walking,adl,6,real_hardware
3.81,-0.025,-0.781,0.455,-3.0,18.25,-31.375,565.9784323859842,walking,adl,6,real_hardware
3.815,-0.011,-0.781,0.437,-0.125,13.875,-26.5,565.9839347824343,walking,adl,6,real_hardware
3.82,-0.003,-0.765,0.431,1.625,12.25,-27.75,565.9839347824343,walking,adl,6,real_hardware
3.825,-0.007,-0.761,0.435,1.875,17.125,-28.125,565.9839347824343,walking,adl,6,real_hardware
3.83,-0.019,-0.757,0.423,-2.125,19.125,-25.25,565.9839347824343,walking,adl,6,real_hardware
3.835,-0.029,-0.759,0.423,-4.875,14.5,-22.0,565.9839347824343,walking,adl,6,real_hardware
3.84,-0.039,-0.746,0.412,3.625,15.75,-32.75,565.9994238114425,walking,adl,6,real_hardware
3.845,-0.056,-0.746,0.408,-3.75,7.75,-21.0,565.9994238114425,walking,adl,6,real_hardware
3.85,-0.062,-0.742,0.4,-0.125,17.125,-24.125,565.9994238114425,walking,adl,6,real_hardware
3.855,-0.074,-0.751,0.392,-4.25,20.25,-29.125,566.0044173690271,walking,adl,6,real_hardware
3.86,-0.076,-0.748,0.398,6.0,20.5,-14.0,565.9889282034162,walking,adl,6,real_hardware
3.865,-0.07,-0.761,0.388,-0.625,14.125,-13.875,565.9939216796834,walking,adl,6,real_hardware
3.87,-0.072,-0.763,0.373,7.75,22.125,-25.625,565.9939216796834,walking,adl,6,real_hardware
3.875,-0.066,-0.777,0.371,1.75,9.375,-16.75,565.9939216796834,walking,adl,6,real_hardware
3.88,-0.058,-0.789,0.363,5.875,17.0,-17.5,566.0094109818986,walking,adl,6,real_hardware
3.885,-0.056,-0.794,0.363,-1.125,12.75,-14.25,566.0094109818986,walking,adl,6,real_hardware
3.89,-0.052,-0.8,0.357,1.5,15.75,-22.375,566.0044173690271,walking,adl,6,real_hardware
3.895,-0.042,-0.804,0.351,-4.875,12.125,-5.625,566.0044173690271,walking,adl,6,real_hardware
3.9,-0.044,-0.808,0.357,8.75,13.375,-13.625,566.0044173690271,walking,adl,6,real_hardware
3.905,-0.035,-0.808,0.363,2.375,10.25,-6.75,566.0094109818986,walking,adl,6,real_hardware
3.91,-0.029,-0.802,0.371,-2.875,12.25,-4.625,565.9939216796834,walking,adl,6,real_hardware
3.915,-0.031,-0.798,0.373,0.125,22.375,-8.125,566.0094109818986,walking,adl,6,real_hardware
3.92,-0.035,-0.802,0.355,0.625,16.0,-7.5,566.0094109818986,walking,adl,6,real_hardware
3.925,-0.033,-0.8,0.349,11.375,15.625,-3.875,566.0094109818986,walking,adl,6,real_hardware
3.93,-0.048,-0.8,0.333,7.875,23.875,-18.5,566.0094109818986,walking,adl,6,real_hardware
3.935,-0.044,-0.802,0.316,7.875,19.5,-8.0,566.0094109818986,walking,adl,6,real_hardware
3.94,-0.06,-0.804,0.304,7.75,16.375,-9.125,566.0094109818986,walking,adl,6,real_hardware
3.945,-0.068,-0.796,0.31,6.25,24.0,-8.0,566.0249002926296,walking,adl,6,real_hardware
3.95,-0.074,-0.802,0.291,19.25,25.125,-12.5,566.0249002926296,walking,adl,6,real_hardware
3.955,-0.087,-0.816,0.298,9.25,27.625,-9.0,566.0094109818986,walking,adl,6,real_hardware
3.96,-0.093,-0.824,0.292,3.125,19.5,-7.875,566.0144046500569,walking,adl,6,real_hardware
3.965,-0.103,-0.845,0.298,5.75,28.25,-4.125,566.0144046500569,walking,adl,6,real_hardware
3.97,-0.113,-0.863,0.283,4.5,24.625,-1.75,566.0298940973936,walking,adl,6,real_hardware
3.975,-0.132,-0.884,0.277,9.875,23.5,-1.25,566.0298940973936,walking,adl,6,real_hardware
3.98,-0.148,-0.904,0.287,9.375,28.375,-3.125,566.0348879574464,walking,adl,6,real_hardware
3.985,-0.146,-0.921,0.292,-1.75,31.875,2.75,566.0453835532463,walking,adl,6,real_hardware
3.99,-0.169,-0.935,0.296,0.125,36.375,-5.125,566.0453835532463,walking,adl,6,real_hardware
3.995,-0.156,-0.96,0.322,7.75,39.5,-5.125,566.0403896118763,walking,adl,6,real_hardware
4.0,-0.148,-0.96,0.357,2.875,43.0,-3.75,566.0403896118763,walking,adl,6,real_hardware
4.005,-0.132,-0.97,0.376,-3.75,30.0,-6.75,566.0403896118763,walking,adl,6,real_hardware
4.01,-0.119,-0.976,0.394,-4.125,42.25,-3.625,566.0558789396389,walking,adl,6,real_hardware
4.015,-0.091,-0.966,0.412,-10.0,33.75,-5.25,566.0558789396389,walking,adl,6,real_hardware
4.02,-0.07,-0.955,0.417,-3.5,34.0,-1.875,566.0403896118763,walking,adl,6,real_hardware
4.025,-0.042,-0.941,0.416,-3.875,25.5,-6.875,566.060873017615,walking,adl,6,real_hardware
4.03,-0.025,-0.931,0.414,-10.25,30.875,-9.375,566.060873017615,walking,adl,6,real_hardware
4.035,-0.007,-0.914,0.412,-1.125,28.25,-12.25,566.0453835532463,walking,adl,6,real_hardware
4.04,0.009,-0.894,0.406,-2.625,21.5,-8.5,566.0453835532463,walking,adl,6,real_hardware
4.045,0.021,-0.88,0.408,-4.625,22.25,-11.5,566.0453835532463,walking,adl,6,real_hardware
4.05,0.025,-0.873,0.417,-10.625,12.0,-8.125,566.0403896118763,walking,adl,6,real_hardware
4.055,0.025,-0.873,0.408,-3.375,18.5,-4.375,566.0558789396389,walking,adl,6,real_hardware
4.06,0.027,-0.869,0.412,-7.875,9.625,-10.5,566.0403896118763,walking,adl,6,real_hardware
4.065,0.029,-0.88,0.417,-9.0,8.0,-7.5,566.0403896118763,walking,adl,6,real_hardware
4.07,0.033,-0.888,0.412,0.125,3.875,-11.375,566.0558789396389,walking,adl,6,real_hardware
4.075,0.033,-0.894,0.398,-10.5,9.375,-19.625,566.0558789396389,walking,adl,6,real_hardware
4.08,0.025,-0.902,0.384,-14.25,-0.125,-12.5,566.0403896118763,walking,adl,6,real_hardware
4.085,0.023,-0.91,0.361,-8.25,2.75,-5.125,566.0403896118763,walking,adl,6,real_hardware
4.09,0.023,-0.923,0.339,-11.5,-3.125,-15.375,566.0249002926296,walking,adl,6,real_hardware
4.095,0.017,-0.908,0.298,-9.25,5.25,-7.375,566.0249002926296,walking,adl,6,real_hardware
4.1,0.011,-0.896,0.271,-12.625,2.5,-21.25,566.014912848966,walking,adl,6,real_hardware
4.105,0.023,-0.857,0.312,-7.625,-5.0,-8.5,566.0199065431538,walking,adl,6,real_hardware
4.11,0.025,-0.798,0.496,-5.25,5.75,-17.5,566.0249002926296,walking,adl,6,real_hardware
4.115,-0.138,-0.857,0.554,9.0,16.5,-16.375,566.0249002926296,walking,adl,6,real_hardware
4.12,-0.259,-0.935,0.496,26.75,13.5,-19.25,566.0249002926296,walking,adl,6,real_hardware
4.125,-0.273,-1.06,0.486,36.5,-3.75,-11.125,566.0249002926296,walking,adl,6,real_hardware
4.13,-0.125,-1.345,0.609,32.25,-7.625,-13.625,566.0403896118763,walking,adl,6,real_hardware
4.135,-0.062,-1.513,0.625,27.625,-17.375,-27.375,566.0403896118763,walking,adl,6,real_hardware
4.14,-0.027,-1.505,0.654,8.5,-35.125,-29.25,566.0249002926296,walking,adl,6,real_hardware
4.145,0.023,-1.412,0.691,0.5,-38.25,-26.75,566.0298940973936,walking,adl,6,real_hardware
4.15,0.078,-1.316,0.685,0.375,-42.75,-33.125,566.0249002926296,walking,adl,6,real_hardware
4.155,0.148,-1.259,0.679,-1.625,-38.5,-25.0,566.0249002926296,walking,adl,6,real_hardware
4.16,0.177,-1.23,0.673,-12.875,-46.125,-28.0,566.0298940973936,walking,adl,6,real_hardware
4.165,0.193,-1.185,0.656,-11.875,-44.125,-20.375,566.0094109818986,walking,adl,6,real_hardware
4.17,0.199,-1.13,0.634,-14.75,-45.0,-22.125,566.0044173690271,walking,adl,6,real_hardware
4.175,0.138,-1.074,0.562,-24.5,-34.75,-18.5,566.0044173690271,walking,adl,6,real_hardware
4.18,0.097,-1.044,0.525,-14.375,-31.125,-16.25,566.0044173690271,walking,adl,6,real_hardware
4.185,0.031,-1.003,0.505,-11.0,-20.625,-13.25,566.0044173690271,walking,adl,6,real_hardware
4.19,0.013,-0.96,0.5,-9.625,-12.625,-12.75,566.0044173690271,walking,adl,6,real_hardware
4.195,-0.06,-0.933,0.494,-11.75,-7.25,-11.75,566.0044173690271,walking,adl,6,real_hardware
4.2,-0.105,-0.906,0.492,3.875,-3.375,-11.625,566.0094109818986,walking,adl,6,real_hardware
4.205,-0.191,-0.876,0.498,-3.125,10.5,-3.5,566.0249002926296,walking,adl,6,real_hardware
4.21,-0.267,-0.849,0.503,2.375,22.875,8.125,566.0298940973936,walking,adl,6,real_hardware
4.215,-0.316,-0.818,0.517,13.875,20.5,-2.125,566.0298940973936,walking,adl,6,real_hardware
4.22,-0.347,-0.777,0.535,10.75,27.75,-4.75,566.0298940973936,walking,adl,6,real_hardware
4.225,-0.367,-0.742,0.544,10.25,41.0,14.25,566.0249002926296,walking,adl,6,real_hardware
4.23,-0.369,-0.72,0.544,11.375,45.125,3.5,566.0044173690271,walking,adl,6,real_hardware
4.235,-0.359,-0.693,0.55,11.875,44.25,17.375,566.0199065431538,walking,adl,6,real_hardware
4.24,-0.361,-0.685,0.548,14.75,43.75,10.625,566.0199065431538,walking,adl,6,real_hardware
4.245,-0.335,-0.662,0.554,13.625,53.125,15.625,566.0199065431538,walking,adl,6,real_hardware
4.25,-0.332,-0.65,0.552,17.125,46.125,14.5,566.0249002926296,walking,adl,6,real_hardware
4.255,-0.31,-0.625,0.558,14.875,41.125,10.0,566.0249002926296,walking,adl,6,real_hardware
4.26,-0.287,-0.626,0.572,11.5,44.25,11.75,566.0249002926296,walking,adl,6,real_hardware
4.265,-0.251,-0.634,0.58,11.125,23.375,5.0,566.0249002926296,walking,adl,6,real_hardware
4.27,-0.208,-0.654,0.578,-1.0,18.75,1.625,566.0249002926296,walking,adl,6,real_hardware
4.275,-0.146,-0.677,0.576,8.125,18.0,-6.375,566.0249002926296,walking,adl,6,real_hardware
4.28,-0.082,-0.712,0.562,-3.5,-2.25,-5.875,566.0249002926296,walking,adl,6,real_hardware
4.285,-0.056,-0.748,0.55,-1.25,-0.875,-0.5,566.0199065431538,walking,adl,6,real_hardware
4.29,-0.019,-0.789,0.535,-11.625,-9.625,11.125,566.014912848966,walking,adl,6,real_hardware
4.295,0.001,-0.839,0.535,-3.125,-17.375,-7.375,566.014912848966,walking,adl,6,real_hardware
4.3,0.007,-0.886,0.519,-4.75,-24.75,-4.375,566.035395725796,walking,adl,6,real_hardware
4.305,0.017,-0.917,0.515,-8.625,-32.375,-3.75,566.035395725796,walking,adl,6,real_hardware
4.31,0.019,-0.964,0.509,-14.375,-40.5,2.25,566.0199065431538,walking,adl,6,real_hardware
4.315,0.021,-0.984,0.501,-19.75,-34.875,7.25,566.035395725796,walking,adl,6,real_hardware
4.32,0.023,-0.998,0.498,-20.25,-39.875,0.375,566.0403896118763,walking,adl,6,real_hardware
4.325,0.017,-1.001,0.5,-17.125,-31.5,19.125,566.0403896118763,walking,adl,6,real_hardware
4.33,0.021,-1.021,0.494,-26.25,-22.125,8.75,566.0403896118763,walking,adl,6,real_hardware
4.335,0.021,-1.031,0.492,-24.25,-31.25,22.0,566.0403896118763,walking,adl,6,real_hardware
4.34,0.019,-1.031,0.486,-17.25,-24.0,18.875,566.0403896118763,walking,adl,6,real_hardware
4.345,0.009,-1.025,0.482,-14.875,-18.5,14.875,566.0508849169539,walking,adl,6,real_hardware
4.35,-0.015,-1.001,0.47,-25.5,-22.5,20.5,566.035395725796,walking,adl,6,real_hardware
4.355,-0.058,-0.97,0.455,-28.375,-14.75,21.125,566.0304018950051,walking,adl,6,real_hardware
4.36,-0.095,-0.937,0.445,-25.0,-18.375,34.0,566.014912848966,walking,adl,6,real_hardware
4.365,-0.119,-0.919,0.443,-19.75,-19.0,30.0,566.014912848966,walking,adl,6,real_hardware
4.37,-0.156,-0.886,0.427,-24.75,-12.125,24.125,566.014912848966,walking,adl,6,real_hardware
4.375,-0.173,-0.865,0.414,-20.375,-18.875,31.625,566.0199065431538,walking,adl,6,real_hardware
4.38,-0.187,-0.822,0.392,-20.625,-20.875,20.5,566.0249002926296,walking,adl,6,real_hardware
4.385,-0.193,-0.792,0.375,-14.875,-20.375,23.75,566.0249002926296,walking,adl,6,real_hardware
4.39,-0.191,-0.771,0.371,-21.375,-23.625,21.5,566.0403896118763,walking,adl,6,real_hardware
4.395,-0.187,-0.755,0.351,-21.75,-26.375,26.0,566.0453835532463,walking,adl,6,real_hardware
4.4,-0.187,-0.732,0.337,-20.75,-25.25,37.5,566.0403896118763,walking,adl,6,real_hardware
4.405,-0.167,-0.707,0.324,-16.625,-24.0,28.25,566.0403896118763,walking,adl,6,real_hardware
4.41,-0.154,-0.693,0.312,-21.5,-23.375,19.875,566.035395725796,walking,adl,6,real_hardware
4.415,-0.152,-0.679,0.31,-7.125,-30.125,25.75,566.0249002926296,walking,adl,6,real_hardware
4.42,-0.138,-0.681,0.294,-8.25,-22.375,28.5,566.0249002926296,walking,adl,6,real_hardware
4.425,-0.136,-0.687,0.289,-11.125,-37.75,28.875,566.0249002926296,walking,adl,6,real_hardware
4.43,-0.136,-0.699,0.287,0.5,-40.5,24.25,566.0403896118763,walking,adl,6,real_hardware
4.435,-0.134,-0.71,0.296,0.375,-35.625,38.875,566.0453835532463,walking,adl,6,real_hardware
4.44,-0.142,-0.732,0.296,6.5,-31.25,30.375,566.0453835532463,walking,adl,6,real_hardware
4.445,-0.146,-0.767,0.298,4.0,-28.375,20.625,566.0298940973936,walking,adl,6,real_hardware
4.45,-0.142,-0.785,0.304,-1.25,-41.0,33.875,566.0453835532463,walking,adl,6,real_hardware
4.455,-0.144,-0.806,0.3,8.625,-32.75,29.25,566.0403896118763,walking,adl,6,real_hardware
4.46,-0.144,-0.824,0.32,6.75,-38.0,26.375,566.0199065431538,walking,adl,6,real_hardware
4.465,-0.14,-0.843,0.324,16.125,-38.375,28.625,566.0199065431538,walking,adl,6,real_hardware
4.47,-0.152,-0.865,0.33,7.125,-41.5,32.125,566.014912848966,walking,adl,6,real_hardware
4.475,-0.152,-0.873,0.335,12.875,-41.375,25.875,566.014912848966,walking,adl,6,real_hardware
4.48,-0.15,-0.88,0.337,6.75,-34.0,35.75,566.0099192100656,walking,adl,6,real_hardware
4.485,-0.154,-0.88,0.335,9.875,-33.625,30.75,566.0099192100656,walking,adl,6,real_hardware
4.49,-0.15,-0.875,0.345,11.5,-46.5,23.125,566.014912848966,walking,adl,6,real_hardware
4.495,-0.152,-0.861,0.345,15.5,-41.75,36.25,566.0199065431538,walking,adl,6,real_hardware
4.5,-0.156,-0.863,0.335,0.0,-38.75,35.0,566.0199065431538,walking,adl,6,real_hardware
4.505,-0.154,-0.853,0.339,0.875,-41.75,37.25,566.0249002926296,walking,adl,6,real_hardware
4.51,-0.166,-0.839,0.337,-3.625,-45.375,31.75,566.0094109818986,walking,adl,6,real_hardware
4.515,-0.169,-0.845,0.335,10.5,-54.875,35.5,566.0094109818986,walking,adl,6,real_hardware
4.52,-0.171,-0.857,0.333,4.125,-49.75,32.125,566.0094109818986,walking,adl,6,real_hardware
4.525,-0.189,-0.853,0.326,-0.375,-46.375,24.125,566.0249002926296,walking,adl,6,real_hardware
4.53,-0.193,-0.861,0.324,3.0,-47.5,33.5,566.035395725796,walking,adl,6,real_hardware
4.535,-0.214,-0.873,0.322,0.75,-46.0,30.5,566.035395725796,walking,adl,6,real_hardware
4.54,-0.214,-0.886,0.324,-2.625,-52.875,26.625,566.035395725796,walking,adl,6,real_hardware
4.545,-0.218,-0.906,0.349,-9.75,-55.875,35.375,566.0304018950051,walking,adl,6,real_hardware
4.55,-0.212,-0.921,0.363,-1.75,-57.625,28.125,566.0304018950051,walking,adl,6,real_hardware
4.555,-0.203,-0.945,0.363,-7.625,-62.25,25.875,566.0304018950051,walking,adl,6,real_hardware
4.56,-0.189,-0.97,0.382,-10.875,-61.375,30.125,566.0304018950051,walking,adl,6,real_hardware
4.565,-0.177,-0.99,0.392,-13.25,-60.75,34.5,566.014912848966,walking,adl,6,real_hardware
4.57,-0.169,-0.998,0.404,-10.125,-60.875,27.125,566.0304018950051,walking,adl,6,real_hardware
4.575,-0.181,-0.998,0.419,-25.875,-60.25,34.375,566.014912848966,walking,adl,6,real_hardware
4.58,-0.189,-0.996,0.423,-16.625,-58.75,28.125,566.014912848966,walking,adl,6,real_hardware
4.585,-0.21,-0.976,0.435,-22.875,-57.375,26.75,566.014912848966,walking,adl,6,real_hardware
4.59,-0.228,-0.96,0.441,-17.0,-45.125,29.75,566.0304018950051,walking,adl,6,real_hardware
4.595,-0.261,-0.943,0.437,-14.75,-43.375,30.25,566.035395725796,walking,adl,6,real_hardware
4.6,-0.289,-0.916,0.439,-17.375,-35.125,36.375,566.0304018950051,walking,adl,6,real_hardware
4.605,-0.312,-0.906,0.435,-16.25,-23.75,33.25,566.0304018950051,walking,adl,6,real_hardware
4.61,-0.337,-0.894,0.419,-25.375,-21.875,40.625,566.0199065431538,walking,adl,6,real_hardware
4.615,-0.365,-0.892,0.41,-22.75,-17.0,34.5,566.0304018950051,walking,adl,6,real_hardware
4.62,-0.378,-0.875,0.392,-24.375,-14.625,35.75,566.0304018950051,walking,adl,6,real_hardware
4.625,-0.38,-0.882,0.39,-21.125,-9.0,34.375,566.014912848966,walking,adl,6,real_hardware
4.63,-0.375,-0.875,0.363,-25.5,-8.625,35.875,566.014912848966,walking,adl,6,real_hardware
4.635,-0.365,-0.873,0.353,-30.75,-2.75,51.0,566.0199065431538,walking,adl,6,real_hardware
4.64,-0.347,-0.859,0.324,-34.25,-6.25,40.875,566.0199065431538,walking,adl,6,real_hardware
4.645,-0.322,-0.849,0.289,-36.625,-7.25,37.375,566.0049256264522,walking,adl,6,real_hardware
4.65,-0.275,-0.837,0.255,-40.0,-15.875,39.5,565.9944303091437,walking,adl,6,real_hardware
4.655,-0.238,-0.833,0.226,-37.5,-22.75,45.25,565.9994238114425,walking,adl,6,real_hardware
4.66,-0.195,-0.822,0.21,-45.625,-29.5,44.875,566.0044173690271,walking,adl,6,real_hardware
4.665,-0.199,-0.779,0.298,-47.0,-31.5,34.375,566.0044173690271,walking,adl,6,real_hardware
4.67,-0.205,-0.718,0.466,-40.625,-34.0,33.75,566.0044173690271,walking,adl,6,real_hardware
4.675,-0.083,-0.775,0.494,-29.125,-41.75,29.5,566.0199065431538,walking,adl,6,real_hardware
4.68,0.017,-0.904,0.498,-15.25,-57.5,30.0,566.0199065431538,walking,adl,6,real_hardware
4.685,-0.017,-1.062,0.525,1.5,-61.0,36.125,566.0249002926296,walking,adl,6,real_hardware
4.69,-0.095,-1.242,0.544,-0.875,-62.5,35.125,566.0094109818986,walking,adl,6,real_hardware
4.695,-0.138,-1.371,0.566,-14.75,-56.375,23.875,566.0094109818986,walking,adl,6,real_hardware
4.7,-0.222,-1.314,0.644,-20.0,-49.375,28.25,566.0094109818986,walking,adl,6,real_hardware
4.705,-0.314,-1.175,0.718,-13.25,-54.75,33.25,566.0094109818986,walking,adl,6,real_hardware
4.71,-0.365,-1.072,0.779,-15.125,-46.625,33.875,565.9939216796834,walking,adl,6,real_hardware
4.715,-0.371,-1.023,0.8,-13.375,-46.75,37.375,565.9939216796834,walking,adl,6,real_hardware
4.72,-0.38,-1.039,0.8,-13.125,-45.25,30.875,565.9939216796834,walking,adl,6,real_hardware
4.725,-0.363,-1.099,0.767,-18.125,-45.5,44.5,565.9989152112362,walking,adl,6,real_hardware
4.73,-0.302,-1.123,0.73,-26.5,-41.5,44.5,565.9989152112362,walking,adl,6,real_hardware
4.735,-0.25,-1.091,0.687,-36.125,-37.625,44.875,565.9989152112362,walking,adl,6,real_hardware
4.74,-0.203,-1.015,0.656,-38.25,-52.625,49.0,565.9834257809314,walking,adl,6,real_hardware
4.745,-0.169,-0.962,0.638,-35.125,-56.75,46.5,565.9989152112362,walking,adl,6,real_hardware
4.75,-0.126,-0.919,0.609,-42.375,-52.5,39.375,565.9834257809314,walking,adl,6,real_hardware
4.755,-0.087,-0.886,0.582,-39.375,-57.625,37.625,565.9834257809314,walking,adl,6,real_hardware
4.76,-0.066,-0.863,0.568,-42.5,-60.25,31.25,565.9834257809314,walking,adl,6,real_hardware
4.765,-0.056,-0.839,0.552,-38.125,-69.625,28.5,565.9989152112362,walking,adl,6,real_hardware
4.77,-0.048,-0.802,0.523,-37.875,-64.75,23.125,565.9989152112362,walking,adl,6,real_hardware
4.775,-0.046,-0.763,0.496,-39.125,-65.0,26.25,565.9989152112362,walking,adl,6,real_hardware
4.78,-0.054,-0.701,0.458,-35.875,-67.875,29.375,565.9834257809314,walking,adl,6,real_hardware
4.785,-0.078,-0.677,0.441,-22.875,-63.75,20.625,565.9834257809314,walking,adl,6,real_hardware
4.79,-0.123,-0.675,0.417,-25.25,-61.875,30.5,565.9884192311631,walking,adl,6,real_hardware
4.795,-0.175,-0.699,0.398,-8.375,-60.125,27.625,565.9884192311631,walking,adl,6,real_hardware
4.8,-0.224,-0.736,0.396,-2.875,-43.875,25.75,565.9834257809314,walking,adl,6,real_hardware
4.805,-0.269,-0.771,0.394,-1.0,-45.375,31.0,565.9834257809314,walking,adl,6,real_hardware
4.81,-0.298,-0.822,0.4,4.0,-48.625,21.625,565.9834257809314,walking,adl,6,real_hardware
4.815,-0.326,-0.851,0.404,5.0,-39.625,10.375,565.9989152112362,walking,adl,6,real_hardware
4.82,-0.347,-0.896,0.412,7.75,-34.75,11.125,565.9989152112362,walking,adl,6,real_hardware
4.825,-0.355,-0.919,0.406,10.0,-30.5,20.0,566.0144046500569,walking,adl,6,real_hardware
4.83,-0.345,-0.927,0.408,16.875,-21.625,22.0,566.0094109818986,walking,adl,6,real_hardware
4.835,-0.328,-0.935,0.412,6.5,-22.125,14.625,566.0094109818986,walking,adl,6,real_hardware
4.84,-0.3,-0.933,0.429,10.625,-20.125,10.375,566.0094109818986,walking,adl,6,real_hardware
4.845,-0.283,-0.927,0.439,10.75,-20.625,1.5,565.9939216796834,walking,adl,6,real_hardware
4.85,-0.263,-0.925,0.439,11.5,-23.125,8.25,565.9939216796834,walking,adl,6,real_hardware
4.855,-0.25,-0.921,0.443,2.125,-20.5,-0.125,565.9939216796834,walking,adl,6,real_hardware
4.86,-0.236,-0.912,0.451,12.375,-22.75,-1.625,566.0094109818986,walking,adl,6,real_hardware
4.865,-0.207,-0.912,0.464,4.375,-26.375,-4.875,566.0094109818986,walking,adl,6,real_hardware
4.87,-0.177,-0.902,0.466,-6.875,-25.375,1.5,566.0094109818986,walking,adl,6,real_hardware
4.875,-0.136,-0.884,0.455,-4.625,-31.625,-9.625,566.0044173690271,walking,adl,6,real_hardware
4.88,-0.105,-0.876,0.447,-2.0,-28.625,-0.625,566.0044173690271,walking,adl,6,real_hardware
4.885,-0.078,-0.873,0.417,1.25,-31.75,-13.375,566.0044173690271,walking,adl,6,real_hardware
4.89,-0.052,-0.861,0.388,-14.25,-31.875,-6.875,565.9889282034162,walking,adl,6,real_hardware
4.895,-0.039,-0.843,0.369,-9.375,-38.625,2.375,565.9939216796834,walking,adl,6,real_hardware
4.9,-0.027,-0.824,0.355,-9.5,-33.0,-7.875,565.9939216796834,walking,adl,6,real_hardware
4.905,-0.033,-0.785,0.332,1.5,-33.125,-0.875,565.9939216796834,walking,adl,6,real_hardware
4.91,-0.041,-0.771,0.326,-3.375,-43.875,-2.625,565.9939216796834,walking,adl,6,real_hardware
4.915,-0.042,-0.744,0.326,-12.125,-45.75,1.0,565.9989152112362,walking,adl,6,real_hardware
4.92,-0.052,-0.746,0.324,4.5,-37.5,2.625,565.9989152112362,walking,adl,6,real_hardware
4.925,-0.06,-0.746,0.32,5.125,-38.625,-5.25,566.0144046500569,walking,adl,6,real_hardware
4.93,-0.064,-0.759,0.31,5.125,-37.375,3.375,566.0094109818986,walking,adl,6,real_hardware
4.935,-0.072,-0.769,0.322,-0.125,-38.125,6.5,566.0094109818986,walking,adl,6,real_hardware
4.94,-0.068,-0.787,0.326,2.0,-38.75,3.625,566.0144046500569,walking,adl,6,real_hardware
4.945,-0.058,-0.808,0.33,1.625,-40.75,7.75,566.0144046500569,walking,adl,6,real_hardware
4.95,-0.056,-0.822,0.33,-3.125,-36.75,7.0,566.0144046500569,walking,adl,6,real_hardware
4.955,-0.062,-0.828,0.337,7.25,-29.75,11.25,566.0144046500569,walking,adl,6,real_hardware
4.96,-0.054,-0.824,0.335,-0.375,-30.5,14.5,566.0094109818986,walking,adl,6,real_hardware
4.965,-0.046,-0.833,0.328,9.5,-38.625,18.0,565.9939216796834,walking,adl,6,real_hardware
4.97,-0.048,-0.851,0.324,6.875,-32.75,3.875,565.9939216796834,walking,adl,6,real_hardware
4.975,-0.046,-0.861,0.328,-5.5,-26.375,21.125,566.0094109818986,walking,adl,6,real_hardware
4.98,-0.05,-0.876,0.337,1.875,-28.875,20.875,566.0094109818986,walking,adl,6,real_hardware
4.985,-0.052,-0.9,0.333,2.375,-39.625,11.875,566.0249002926296,walking,adl,6,real_hardware
4.99,-0.066,-0.912,0.339,5.5,-24.875,17.25,566.0094109818986,walking,adl,6,real_hardware
4.995,-0.066,-0.917,0.341,-0.625,-25.625,16.875,566.0094109818986,walking,adl,6,real_hardware
5.0,-0.074,-0.921,0.33,5.75,-29.875,18.875,566.0094109818986,walking,adl,6,real_hardware
5.005,-0.078,-0.919,0.328,-2.625,-28.75,18.125,566.0094109818986,walking,adl,6,real_hardware
5.01,-0.082,-0.917,0.33,1.5,-30.625,23.25,566.0094109818986,walking,adl,6,real_hardware
5.015,-0.078,-0.919,0.332,-8.0,-29.125,25.625,566.0094109818986,walking,adl,6,real_hardware
5.02,-0.08,-0.919,0.343,-3.25,-31.375,21.75,566.0094109818986,walking,adl,6,real_hardware
5.025,-0.083,-0.919,0.351,-0.75,-25.875,22.5,566.0094109818986,walking,adl,6,real_hardware
5.03,-0.089,-0.917,0.345,1.375,-26.875,16.5,566.0094109818986,walking,adl,6,real_hardware
5.035,-0.101,-0.917,0.351,-0.5,-23.75,24.5,566.0094109818986,walking,adl,6,real_hardware
5.04,-0.111,-0.917,0.347,-6.75,-27.25,21.375,566.0044173690271,walking,adl,6,real_hardware
5.045,-0.136,-0.919,0.353,-11.0,-30.375,22.875,566.0094109818986,walking,adl,6,real_hardware
5.05,-0.148,-0.919,0.351,-0.875,-25.375,19.25,566.0094109818986,walking,adl,6,real_hardware
5.055,-0.158,-0.923,0.355,-5.75,-27.375,17.625,566.0094109818986,walking,adl,6,real_hardware
5.06,-0.166,-0.923,0.355,-4.75,-23.375,27.5,566.0094109818986,walking,adl,6,real_hardware
5.065,-0.162,-0.921,0.341,-8.875,-18.5,13.875,566.0094109818986,walking,adl,6,real_hardware
5.07,-0.169,-0.927,0.343,-5.75,-21.75,16.875,566.0249002926296,walking,adl,6,real_hardware
5.075,-0.166,-0.919,0.353,-6.125,-26.875,14.125,566.0453835532463,walking,adl,6,real_hardware
5.08,-0.156,-0.91,0.355,-12.125,-28.75,17.125,566.0453835532463,walking,adl,6,real_hardware
5.085,-0.15,-0.908,0.353,0.25,-19.625,4.375,566.0298940973936,walking,adl,6,real_hardware
5.09,-0.144,-0.906,0.351,-11.0,-35.0,11.875,566.0298940973936,walking,adl,6,real_hardware
5.095,-0.142,-0.906,0.345,-8.0,-28.625,11.375,566.0453835532463,walking,adl,6,real_hardware
5.1,-0.148,-0.896,0.337,1.5,-20.125,9.125,566.0298940973936,walking,adl,6,real_hardware
5.105,-0.142,-0.91,0.322,-5.125,-18.0,12.375,566.0298940973936,walking,adl,6,real_hardware
5.11,-0.132,-0.898,0.308,-4.75,-20.125,5.75,566.0298940973936,walking,adl,6,real_hardware
5.115,-0.13,-0.894,0.308,-4.625,-19.75,10.125,566.0298940973936,walking,adl,6,real_hardware
5.12,-0.148,-0.898,0.31,-8.375,-22.625,6.375,566.0403896118763,walking,adl,6,real_hardware
5.125,-0.156,-0.896,0.314,-3.125,-20.75,0.875,566.0403896118763,walking,adl,6,real_hardware
5.13,-0.148,-0.892,0.314,-0.25,-24.25,4.75,566.0249002926296,walking,adl,6,real_hardware
5.135,-0.142,-0.884,0.32,0.5,-25.625,5.0,566.0403896118763,walking,adl,6,real_hardware
5.14,-0.125,-0.886,0.328,-1.5,-25.25,5.5,566.0298940973936,walking,adl,6,real_hardware
5.145,-0.117,-0.888,0.322,-0.375,-35.75,3.875,566.0298940973936,walking,adl,6,real_hardware
5.15,-0.101,-0.875,0.326,-5.875,-27.875,4.5,566.0298940973936,walking,adl,6,real_hardware
5.155,-0.087,-0.863,0.32,-1.375,-30.375,7.875,566.0298940973936,walking,adl,6,real_hardware
5.16,-0.085,-0.857,0.33,-6.5,-22.375,2.25,566.0249002926296,walking,adl,6,real_hardware
5.165,-0.085,-0.839,0.351,-3.125,-20.75,6.625,566.0249002926296,walking,adl,6,real_hardware
5.17,-0.111,-0.837,0.402,-3.125,-27.0,6.125,566.0304018950051,walking,adl,6,real_hardware
5.175,-0.177,-0.875,0.437,3.5,-27.25,4.125,566.025408119503,walking,adl,6,real_hardware
5.18,-0.218,-0.939,0.453,12.5,-28.625,6.125,565.9949386250842,walking,adl,6,real_hardware
5.185,-0.193,-1.001,0.492,17.125,-38.125,-9.25,566.0204143992892,walking,adl,6,real_hardware
5.19,-0.119,-1.095,0.527,19.125,-47.625,-6.125,566.0204143992892,walking,adl,6,real_hardware
5.195,-0.093,-1.105,0.544,14.25,-46.75,-11.125,566.025408119503,walking,adl,6,real_hardware
5.2,-0.064,-1.048,0.562,5.75,-55.0,-9.625,566.025408119503,walking,adl,6,real_hardware
5.205,-0.037,-0.994,0.593,1.875,-58.0,-9.25,566.0099192100656,walking,adl,6,real_hardware
5.21,-0.017,-0.97,0.621,4.125,-61.0,-19.75,566.025408119503,walking,adl,6,real_hardware
5.215,-0.011,-0.976,0.658,14.75,-61.625,-14.0,566.0304018950051,walking,adl,6,real_hardware
5.22,-0.005,-1.011,0.681,12.25,-66.5,-19.25,566.0304018950051,walking,adl,6,real_hardware
5.225,0.005,-1.074,0.707,12.125,-66.75,-15.25,566.0304018950051,walking,adl,6,real_hardware
5.23,0.017,-1.14,0.707,10.125,-72.375,-17.0,566.014912848966,walking,adl,6,real_hardware
5.235,0.017,-1.199,0.707,-2.125,-75.5,-16.0,566.014912848966,walking,adl,6,real_hardware
5.24,0.009,-1.199,0.695,1.125,-73.375,-16.625,566.014912848966,walking,adl,6,real_hardware
5.245,-0.001,-1.167,0.687,-4.875,-70.875,-4.25,565.9994238114425,walking,adl,6,real_hardware
5.25,-0.005,-1.126,0.669,-6.25,-68.375,-1.875,566.0044173690271,walking,adl,6,real_hardware
5.255,-0.017,-1.052,0.666,-9.25,-57.625,3.375,565.9994238114425,walking,adl,6,real_hardware
5.26,-0.005,-0.97,0.65,-26.625,-56.375,3.25,565.9994238114425,walking,adl,6,real_hardware
5.265,0.005,-0.9,0.626,-13.125,-55.5,12.875,565.9994238114425,walking,adl,6,real_hardware
5.27,0.0,-0.806,0.591,-8.5,-45.375,12.5,565.9994238114425,walking,adl,6,real_hardware
5.275,-0.011,-0.755,0.562,-10.625,-40.5,22.0,565.9994238114425,walking,adl,6,real_hardware
5.28,-0.025,-0.699,0.537,-14.25,-37.375,32.75,565.9839347824343,walking,adl,6,real_hardware
5.285,-0.033,-0.658,0.531,-5.5,-31.0,28.375,565.9839347824343,walking,adl,6,real_hardware
5.29,-0.039,-0.615,0.505,-3.375,-37.0,34.75,565.9839347824343,walking,adl,6,real_hardware
5.295,-0.05,-0.593,0.501,0.25,-30.0,35.0,565.9889282034162,walking,adl,6,real_hardware
5.3,-0.066,-0.578,0.49,-4.25,-36.375,44.0,566.0044173690271,walking,adl,6,real_hardware
5.305,-0.082,-0.57,0.48,0.0,-33.875,48.125,566.0044173690271,walking,adl,6,real_hardware
5.31,-0.087,-0.568,0.478,1.375,-36.25,40.625,566.0044173690271,walking,adl,6,real_hardware
5.315,-0.083,-0.587,0.466,6.5,-40.125,36.625,566.0044173690271,walking,adl,6,real_hardware
5.32,-0.066,-0.611,0.47,3.625,-47.875,35.25,566.0044173690271,walking,adl,6,real_hardware
5.325,-0.042,-0.648,0.478,4.625,-58.625,37.875,566.0044173690271,walking,adl,6,real_hardware
5.33,-0.021,-0.695,0.486,5.5,-59.75,26.125,566.0199065431538,walking,adl,6,real_hardware
5.335,-0.009,-0.75,0.501,2.25,-67.0,29.0,566.0199065431538,walking,adl,6,real_hardware
5.34,-0.003,-0.796,0.521,-5.125,-74.625,28.25,566.0199065431538,walking,adl,6,real_hardware
5.345,-0.019,-0.847,0.539,-5.625,-76.125,26.625,566.0094109818986,walking,adl,6,real_hardware
5.35,-0.033,-0.908,0.541,-1.0,-84.375,38.75,566.0094109818986,walking,adl,6,real_hardware
5.355,-0.078,-0.957,0.56,-7.625,-84.25,33.0,566.0094109818986,walking,adl,6,real_hardware
5.36,-0.111,-0.98,0.56,-20.125,-93.5,35.375,566.0199065431538,walking,adl,6,real_hardware
5.365,-0.144,-0.992,0.558,-7.375,-95.625,37.75,566.0044173690271,walking,adl,6,real_hardware
5.37,-0.169,-0.996,0.558,-9.875,-87.125,30.75,566.0044173690271,walking,adl,6,real_hardware
5.375,-0.195,-0.996,0.552,-16.5,-85.25,41.625,566.0199065431538,walking,adl,6,real_hardware
5.38,-0.203,-1.003,0.548,-9.25,-95.875,34.625,566.0094109818986,walking,adl,6,real_hardware
5.385,-0.216,-1.005,0.55,-12.5,-80.5,38.5,566.0249002926296,walking,adl,6,real_hardware
5.39,-0.226,-0.994,0.544,-11.5,-79.875,44.625,566.0249002926296,walking,adl,6,real_hardware
5.395,-0.24,-0.947,0.546,-16.375,-73.0,50.0,566.014912848966,walking,adl,6,real_hardware
5.4,-0.25,-0.917,0.558,-9.125,-71.375,46.375,566.0099192100656,walking,adl,6,real_hardware
5.405,-0.251,-0.892,0.566,-3.5,-65.625,45.625,566.0099192100656,walking,adl,6,real_hardware
5.41,-0.251,-0.861,0.572,-9.375,-61.125,50.125,566.0099192100656,walking,adl,6,real_hardware
5.415,-0.253,-0.832,0.58,-3.125,-58.625,47.875,566.0099192100656,walking,adl,6,real_hardware
5.42,-0.251,-0.81,0.589,-10.375,-59.375,50.25,566.0099192100656,walking,adl,6,real_hardware
5.425,-0.255,-0.794,0.593,-4.5,-63.75,47.625,565.9944303091437,walking,adl,6,real_hardware
5.43,-0.255,-0.775,0.587,-3.25,-54.5,55.375,565.9944303091437,walking,adl,6,real_hardware
5.435,-0.263,-0.763,0.576,-3.625,-56.75,47.375,565.9944303091437,walking,adl,6,real_hardware
5.44,-0.271,-0.759,0.572,-3.75,-58.25,44.25,565.9944303091437,walking,adl,6,real_hardware
5.445,-0.267,-0.751,0.562,0.5,-53.0,40.875,565.9944303091437,walking,adl,6,real_hardware
5.45,-0.269,-0.751,0.544,-3.875,-60.875,44.625,565.9944303091437,walking,adl,6,real_hardware
5.455,-0.273,-0.761,0.533,2.125,-48.125,46.125,565.9994238114425,walking,adl,6,real_hardware
5.46,-0.265,-0.767,0.529,4.5,-48.875,48.625,565.9889282034162,walking,adl,6,real_hardware
5.465,-0.261,-0.783,0.517,4.75,-55.0,41.125,565.9839347824343,walking,adl,6,real_hardware
5.47,-0.244,-0.796,0.507,10.125,-59.75,49.875,565.9839347824343,walking,adl,6,real_hardware
5.475,-0.234,-0.804,0.505,0.25,-63.125,46.25,565.9994238114425,walking,adl,6,real_hardware
5.48,-0.224,-0.822,0.492,2.625,-52.125,44.5,565.9994238114425,walking,adl,6,real_hardware
5.485,-0.22,-0.833,0.484,2.125,-59.5,40.875,565.9944303091437,walking,adl,6,real_hardware
5.49,-0.218,-0.849,0.478,0.125,-57.75,46.875,565.9944303091437,walking,adl,6,real_hardware
5.495,-0.22,-0.847,0.468,-0.625,-55.375,38.5,565.9944303091437,walking,adl,6,real_hardware
5.5,-0.22,-0.849,0.46,3.375,-49.875,47.0,565.9944303091437,walking,adl,6,real_hardware
5.505,-0.228,-0.849,0.451,-4.75,-49.5,40.125,565.9944303091437,walking,adl,6,real_hardware
5.51,-0.228,-0.843,0.451,5.5,-47.75,46.375,565.9994238114425,walking,adl,6,real_hardware
5.515,-0.234,-0.841,0.449,4.625,-47.125,40.125,565.9994238114425,walking,adl,6,real_hardware
5.52,-0.236,-0.839,0.443,2.5,-54.25,42.875,565.9994238114425,walking,adl,6,real_hardware
5.525,-0.236,-0.845,0.435,1.625,-52.375,37.75,565.9994238114425,walking,adl,6,real_hardware
5.53,-0.236,-0.847,0.429,-4.375,-60.5,36.25,566.0044173690271,walking,adl,6,real_hardware
5.535,-0.228,-0.863,0.421,-3.875,-53.5,33.125,566.0044173690271,walking,adl,6,real_hardware
5.54,-0.218,-0.867,0.417,1.0,-60.625,34.5,566.0094109818986,walking,adl,6,real_hardware
5.545,-0.199,-0.878,0.423,-0.375,-65.625,26.625,566.0094109818986,walking,adl,6,real_hardware
5.55,-0.183,-0.888,0.419,-8.625,-62.625,34.375,566.0094109818986,walking,adl,6,real_hardware
5.555,-0.171,-0.896,0.435,-3.375,-57.625,26.0,566.0094109818986,walking,adl,6,real_hardware
5.56,-0.15,-0.906,0.445,-6.875,-63.0,31.625,566.0094109818986,walking,adl,6,real_hardware
5.565,-0.126,-0.91,0.445,-11.25,-66.0,35.5,566.0094109818986,walking,adl,6,real_hardware
5.57,-0.119,-0.908,0.455,-5.125,-70.375,29.625,566.0249002926296,walking,adl,6,real_hardware
5.575,-0.115,-0.906,0.466,-3.125,-62.375,34.875,566.0249002926296,walking,adl,6,real_hardware
5.58,-0.117,-0.898,0.482,-4.125,-68.125,28.125,566.0298940973936,walking,adl,6,real_hardware
5.585,-0.113,-0.904,0.476,-8.25,-65.125,33.875,566.0144046500569,walking,adl,6,real_hardware
5.59,-0.119,-0.904,0.486,-6.125,-64.625,32.625,566.0144046500569,walking,adl,6,real_hardware
5.595,-0.126,-0.912,0.48,-7.375,-63.5,38.125,566.0094109818986,walking,adl,6,real_hardware
5.6,-0.117,-0.927,0.482,-7.625,-59.75,30.125,566.0144046500569,walking,adl,6,real_hardware
5.605,-0.111,-0.933,0.474,-5.75,-68.375,35.0,566.0144046500569,walking,adl,6,real_hardware
5.61,-0.111,-0.937,0.48,-12.25,-64.5,34.125,566.0144046500569,walking,adl,6,real_hardware
5.615,-0.125,-0.921,0.478,-11.375,-71.125,36.625,566.0094109818986,walking,adl,6,real_hardware
5.62,-0.134,-0.904,0.484,-19.375,-64.75,36.0,566.0044173690271,walking,adl,6,real_hardware
5.625,-0.148,-0.875,0.484,-25.125,-65.75,28.875,565.9994238114425,walking,adl,6,real_hardware
5.63,-0.167,-0.859,0.501,-23.25,-67.125,31.125,565.9994238114425,walking,adl,6,real_hardware
5.635,-0.181,-0.847,0.5,-22.125,-64.0,23.875,565.9994238114425,walking,adl,6,real_hardware
5.64,-0.189,-0.861,0.492,-12.625,-58.125,31.25,565.9994238114425,walking,adl,6,real_hardware
5.645,-0.189,-0.873,0.482,-16.375,-69.625,31.625,565.9839347824343,walking,adl,6,real_hardware
5.65,-0.187,-0.878,0.468,-19.0,-70.375,28.75,565.9839347824343,walking,adl,6,real_hardware
5.655,-0.195,-0.861,0.46,-15.375,-72.25,32.75,565.9944303091437,walking,adl,6,real_hardware
5.66,-0.193,-0.835,0.464,-15.375,-66.875,28.125,566.0099192100656,walking,adl,6,real_hardware
5.665,-0.167,-0.814,0.47,-12.5,-64.875,22.125,566.0099192100656,walking,adl,6,real_hardware
5.67,-0.13,-0.818,0.474,-15.25,-75.375,27.25,565.9994238114425,walking,adl,6,real_hardware
5.675,-0.099,-0.82,0.494,-21.625,-85.25,38.375,565.9994238114425,walking,adl,6,real_hardware
5.68,-0.083,-0.841,0.529,-23.125,-83.375,27.75,565.9889282034162,walking,adl,6,real_hardware
5.685,-0.08,-0.843,0.558,-16.375,-76.25,21.625,565.9889282034162,walking,adl,6,real_hardware
5.69,-0.07,-0.841,0.585,-21.625,-75.125,20.375,565.9839347824343,walking,adl,6,real_hardware
5.695,-0.07,-0.849,0.597,-20.75,-75.875,23.125,565.9994238114425,walking,adl,6,real_hardware
5.7,-0.082,-0.859,0.613,-17.0,-78.625,21.0,565.9839347824343,walking,adl,6,real_hardware
5.705,-0.099,-0.871,0.619,-12.375,-79.75,23.125,565.9994238114425,walking,adl,6,real_hardware
5.71,-0.128,-0.882,0.617,-7.75,-70.875,23.375,565.9994238114425,walking,adl,6,real_hardware
5.715,-0.183,-0.9,0.613,-10.375,-62.375,22.875,565.9889282034162,walking,adl,6,real_hardware
5.72,-0.232,-0.9,0.607,-13.0,-56.75,22.125,565.9889282034162,walking,adl,6,real_hardware
5.725,-0.296,-0.898,0.595,-3.875,-52.375,29.375,565.9889282034162,walking,adl,6,real_hardware
5.73,-0.341,-0.894,0.585,-11.5,-53.125,25.5,565.9889282034162,walking,adl,6,real_hardware
5.735,-0.371,-0.888,0.574,-9.0,-47.125,24.875,565.9889282034162,walking,adl,6,real_hardware
5.74,-0.394,-0.882,0.556,-6.375,-37.625,29.0,565.9939216796834,walking,adl,6,real_hardware
5.745,-0.396,-0.875,0.535,-5.625,-41.75,28.75,565.9939216796834,walking,adl,6,real_hardware
5.75,-0.375,-0.859,0.517,-11.875,-27.625,24.875,565.9939216796834,walking,adl,6,real_hardware
5.755,-0.351,-0.853,0.494,-13.25,-37.625,23.0,565.9939216796834,walking,adl,6,real_hardware
5.76,-0.308,-0.832,0.478,-19.0,-24.875,18.75,565.9939216796834,walking,adl,6,real_hardware
5.765,-0.265,-0.794,0.47,-19.25,-34.0,13.25,566.0094109818986,walking,adl,6,real_hardware
5.77,-0.218,-0.751,0.484,-11.375,-34.75,14.375,566.0144046500569,walking,adl,6,real_hardware
5.775,-0.195,-0.73,0.482,-11.25,-40.5,12.375,566.0094109818986,walking,adl,6,real_hardware
5.78,-0.167,-0.712,0.478,-13.125,-48.5,8.25,566.0094109818986,walking,adl,6,real_hardware
5.785,-0.136,-0.705,0.478,-7.0,-42.5,3.375,566.0094109818986,walking,adl,6,real_hardware
5.79,-0.123,-0.712,0.486,-1.0,-46.875,0.875,566.0044173690271,walking,adl,6,real_hardware
5.795,-0.109,-0.726,0.478,-3.375,-43.375,-4.625,566.0044173690271,walking,adl,6,real_hardware
5.8,-0.109,-0.75,0.47,-1.75,-49.875,0.0,566.0044173690271,walking,adl,6,real_hardware
5.805,-0.107,-0.761,0.466,-6.0,-51.375,7.875,566.0044173690271,walking,adl,6,real_hardware
5.81,-0.097,-0.775,0.468,-1.875,-51.875,13.0,566.014912848966,walking,adl,6,real_hardware
5.815,-0.087,-0.783,0.466,-5.0,-49.375,5.625,565.9994238114425,walking,adl,6,real_hardware
5.82,-0.085,-0.787,0.462,-12.625,-46.0,16.25,565.9994238114425,walking,adl,6,real_hardware
5.825,-0.091,-0.798,0.462,-8.0,-43.5,14.625,565.9994238114425,walking,adl,6,real_hardware
5.83,-0.101,-0.789,0.458,-10.25,-35.0,18.625,565.9994238114425,walking,adl,6,real_hardware
5.835,-0.107,-0.783,0.449,-4.5,-33.875,24.5,565.9994238114425,walking,adl,6,real_hardware
5.84,-0.119,-0.765,0.443,2.5,-34.875,18.75,565.9994238114425,walking,adl,6,real_hardware
5.845,-0.125,-0.753,0.425,-3.875,-28.0,25.5,565.9994238114425,walking,adl,6,real_hardware
5.85,-0.14,-0.736,0.404,-1.75,-22.75,14.125,565.9994238114425,walking,adl,6,real_hardware
5.855,-0.146,-0.718,0.396,-7.125,-21.875,29.5,565.9994238114425,walking,adl,6,real_hardware
5.86,-0.154,-0.732,0.386,-2.125,-9.75,31.375,565.9889282034162,walking,adl,6,real_hardware
5.865,-0.164,-0.75,0.394,0.125,-17.0,29.875,566.0044173690271,walking,adl,6,real_hardware
5.87,-0.173,-0.773,0.404,8.625,-0.625,32.625,566.0094109818986,walking,adl,6,real_hardware
5.875,-0.193,-0.814,0.414,6.375,-3.25,31.625,565.9939216796834,walking,adl,6,real_hardware
5.88,-0.21,-0.851,0.421,5.125,2.75,27.5,565.9989152112362,walking,adl,6,real_hardware
5.885,-0.22,-0.876,0.431,0.75,-3.875,34.0,565.9989152112362,walking,adl,6,real_hardware
5.89,-0.236,-0.89,0.447,8.5,4.25,30.5,566.0144046500569,walking,adl,6,real_hardware
5.895,-0.246,-0.914,0.46,-2.25,-0.5,31.875,566.0144046500569,walking,adl,6,real_hardware
5.9,-0.238,-0.921,0.464,9.875,-0.875,33.5,566.0144046500569,walking,adl,6,real_hardware
5.905,-0.246,-0.931,0.472,1.875,8.375,29.625,566.0094109818986,walking,adl,6,real_hardware
5.91,-0.259,-0.943,0.494,2.125,3.75,27.25,565.9939216796834,walking,adl,6,real_hardware
5.915,-0.257,-0.951,0.511,-2.75,4.25,23.375,565.9939216796834,walking,adl,6,real_hardware
5.92,-0.269,-0.974,0.533,1.875,5.0,21.125,565.9784323859842,walking,adl,6,real_hardware
5.925,-0.281,-0.996,0.546,13.5,6.625,14.375,565.9784323859842,walking,adl,6,real_hardware
5.93,-0.277,-1.023,0.566,11.125,-7.125,11.75,565.9784323859842,walking,adl,6,real_hardware
5.935,-0.273,-1.044,0.566,5.875,-4.75,18.625,565.9939216796834,walking,adl,6,real_hardware
5.94,-0.271,-1.048,0.591,11.75,-12.125,15.25,565.9889282034162,walking,adl,6,real_hardware
5.945,-0.25,-1.037,0.603,2.875,-12.0,6.375,565.9889282034162,walking,adl,6,real_hardware
5.95,-0.228,-1.017,0.601,-4.375,-18.75,2.75,565.9889282034162,walking,adl,6,real_hardware
5.955,-0.191,-0.976,0.597,-9.75,-16.5,1.75,565.9889282034162,walking,adl,6,real_hardware
5.96,-0.154,-0.914,0.593,-6.375,-11.375,6.125,565.9889282034162,walking,adl,6,real_hardware
5.965,-0.121,-0.863,0.578,-12.625,-18.5,6.75,565.9889282034162,walking,adl,6,real_hardware
5.97,-0.089,-0.808,0.552,-16.0,-9.125,-1.125,565.9889282034162,walking,adl,6,real_hardware
5.975,-0.076,-0.767,0.531,-8.75,-13.75,-5.125,565.9889282034162,walking,adl,6,real_hardware
5.98,-0.074,-0.74,0.515,-12.625,-13.375,-1.5,565.9839347824343,walking,adl,6,real_hardware
5.985,-0.074,-0.712,0.494,-9.875,-13.75,-0.625,565.9889282034162,walking,adl,6,real_hardware
5.99,-0.076,-0.71,0.486,-4.625,-19.375,-2.875,565.9839347824343,idle_standing,adl,6,real_hardware
5.995,-0.083,-0.712,0.462,-8.625,-14.5,6.375,565.9839347824343,idle_standing,adl,6,real_hardware
6.0,-0.101,-0.732,0.451,0.25,-14.0,-2.875,565.9839347824343,idle_standing,adl,6,real_hardware
6.005,-0.113,-0.761,0.441,0.625,-4.375,-1.875,565.9839347824343,idle_standing,adl,6,real_hardware
6.01,-0.136,-0.798,0.439,2.875,-10.5,-4.0,565.9889282034162,idle_standing,adl,6,real_hardware
6.015,-0.138,-0.839,0.435,8.0,-11.0,1.625,565.9889282034162,idle_standing,adl,6,real_hardware
6.02,-0.15,-0.871,0.437,13.375,-4.75,-4.125,565.9889282034162,idle_standing,adl,6,real_hardware
6.025,-0.156,-0.89,0.437,4.25,-8.125,3.875,565.9889282034162,idle_standing,adl,6,real_hardware
6.03,-0.152,-0.908,0.435,2.75,0.875,0.75,565.9889282034162,idle_standing,adl,6,real_hardware
6.035,-0.146,-0.923,0.433,2.75,-3.125,3.625,565.9889282034162,idle_standing,adl,6,real_hardware
6.04,-0.146,-0.925,0.431,4.125,-0.625,-1.5,565.9939216796834,idle_standing,adl,6,real_hardware
6.045,-0.154,-0.923,0.441,-1.875,-1.5,-0.875,565.9939216796834,idle_standing,adl,6,real_hardware
6.05,-0.156,-0.925,0.431,1.0,3.125,2.75,565.9939216796834,idle_standing,adl,6,real_hardware
6.055,-0.166,-0.917,0.431,0.125,-4.875,-2.25,565.9939216796834,idle_standing,adl,6,real_hardware
6.06,-0.164,-0.914,0.443,-1.875,-0.625,3.75,565.9889282034162,idle_standing,adl,6,real_hardware
6.065,-0.167,-0.912,0.449,2.75,2.0,9.125,565.9939216796834,idle_standing,adl,6,real_hardware
6.07,-0.173,-0.91,0.443,-8.0,-1.0,7.125,565.9939216796834,idle_standing,adl,6,real_hardware
6.075,-0.171,-0.919,0.451,-4.875,0.25,-3.25,565.9939216796834,idle_standing,adl,6,real_hardware
6.08,-0.171,-0.917,0.445,-3.25,7.5,-8.5,565.9989152112362,idle_standing,adl,6,real_hardware
6.085,-0.166,-0.914,0.447,-12.0,0.625,0.125,565.9939216796834,idle_standing,adl,6,real_hardware
6.09,-0.164,-0.914,0.447,-9.375,1.125,2.25,565.9939216796834,idle_standing,adl,6,real_hardware
6.095,-0.152,-0.9,0.445,-11.25,2.75,4.0,565.9939216796834,idle_standing,adl,6,real_hardware
6.1,-0.156,-0.892,0.431,0.625,-0.625,-0.875,565.9939216796834,idle_standing,adl,6,real_hardware
6.105,-0.15,-0.888,0.435,-7.125,1.625,5.625,566.0044173690271,idle_standing,adl,6,real_hardware
6.11,-0.142,-0.882,0.433,-5.75,5.625,-3.375,566.0044173690271,idle_standing,adl,6,real_hardware
6.115,-0.134,-0.888,0.435,-9.125,1.375,-2.0,565.9839347824343,idle_standing,adl,6,real_hardware
6.12,-0.14,-0.888,0.425,-1.375,2.75,-1.875,565.9839347824343,idle_standing,adl,6,real_hardware
6.125,-0.148,-0.892,0.437,-6.625,-0.875,0.625,565.9634525328457,idle_standing,adl,6,real_hardware
6.13,-0.146,-0.904,0.437,2.375,-1.125,-2.375,565.9684457619419,idle_standing,adl,6,real_hardware
6.135,-0.156,-0.9,0.441,-2.75,4.875,1.625,565.978941416737,idle_standing,adl,6,real_hardware
6.14,-0.162,-0.9,0.443,-1.375,5.25,-5.125,565.978941416737,idle_standing,adl,6,real_hardware
6.145,-0.152,-0.892,0.433,2.5,2.75,0.0,565.9839347824343,idle_standing,adl,6,real_hardware
6.15,-0.152,-0.884,0.437,0.375,1.625,-1.25,565.9839347824343,idle_standing,adl,6,real_hardware
6.155,-0.15,-0.876,0.429,3.375,-1.0,-6.625,565.9839347824343,idle_standing,adl,6,real_hardware
6.16,-0.152,-0.863,0.423,-0.625,-6.375,1.625,565.9839347824343,idle_standing,adl,6,real_hardware
6.165,-0.144,-0.859,0.423,4.25,-4.5,-6.125,566.0044173690271,idle_standing,adl,6,real_hardware
6.17,-0.132,-0.857,0.431,1.375,4.0,-2.125,565.9839347824343,idle_standing,adl,6,real_hardware
6.175,-0.142,-0.855,0.433,0.25,-0.75,-6.875,565.9839347824343,idle_standing,adl,6,real_hardware
6.18,-0.14,-0.857,0.429,4.125,2.125,2.75,565.9994238114425,idle_standing,adl,6,real_hardware
6.185,-0.134,-0.865,0.439,4.25,5.875,3.375,565.9839347824343,idle_standing,adl,6,real_hardware
6.19,-0.123,-0.873,0.447,4.25,-1.25,-3.625,565.9839347824343,idle_standing,adl,6,real_hardware
6.195,-0.111,-0.88,0.455,14.25,-3.875,-3.125,565.9994238114425,idle_standing,adl,6,real_hardware
6.2,-0.109,-0.89,0.457,5.0,-8.375,-4.25,565.9994238114425,idle_standing,adl,6,real_hardware
6.205,-0.101,-0.896,0.468,4.25,-8.75,-2.375,565.9994238114425,idle_standing,adl,6,real_hardware
6.21,-0.093,-0.902,0.464,14.375,-7.0,-4.5,565.9994238114425,idle_standing,adl,6,real_hardware
6.215,-0.083,-0.896,0.46,2.625,-9.0,-5.125,565.9994238114425,idle_standing,adl,6,real_hardware
6.22,-0.074,-0.9,0.453,3.25,-5.625,-5.0,565.9994238114425,idle_standing,adl,6,real_hardware
6.225,-0.076,-0.908,0.449,-6.875,-13.875,1.75,565.9994238114425,idle_standing,adl,6,real_hardware
6.23,-0.072,-0.902,0.439,4.625,-7.75,-7.75,565.9994238114425,idle_standing,adl,6,real_hardware
6.235,-0.076,-0.898,0.443,-7.0,-10.0,-5.0,565.9839347824343,idle_standing,adl,6,real_hardware
6.24,-0.08,-0.894,0.437,0.0,-14.0,-3.375,565.9944303091437,idle_standing,adl,6,real_hardware
6.245,-0.091,-0.886,0.443,0.25,-12.0,-3.875,565.9944303091437,idle_standing,adl,6,real_hardware
6.25,-0.091,-0.878,0.441,4.75,-15.625,4.5,565.9994238114425,idle_standing,adl,6,real_hardware
6.255,-0.089,-0.869,0.445,4.0,-14.625,1.375,565.9839347824343,idle_standing,adl,6,real_hardware
6.26,-0.082,-0.865,0.451,6.5,-13.125,1.125,565.9839347824343,idle_standing,adl,6,real_hardware
6.265,-0.076,-0.861,0.458,-1.125,-18.625,5.625,565.9839347824343,idle_standing,adl,6,real_hardware
6.27,-0.072,-0.849,0.457,0.0,-10.25,4.375,565.9839347824343,idle_standing,adl,6,real_hardware
6.275,-0.074,-0.839,0.457,3.0,-17.0,3.125,565.9839347824343,idle_standing,adl,6,real_hardware
6.28,-0.072,-0.837,0.455,0.625,-20.5,6.125,565.9994238114425,idle_standing,adl,6,real_hardware
6.285,-0.083,-0.835,0.455,1.5,-10.375,14.0,565.9994238114425,idle_standing,adl,6,real_hardware
6.29,-0.087,-0.832,0.445,4.25,-14.375,4.25,565.978941416737,idle_standing,adl,6,real_hardware
6.295,-0.111,-0.835,0.447,16.875,-10.875,14.75,565.9944303091437,idle_standing,adl,6,real_hardware
6.3,-0.142,-0.847,0.435,7.125,-14.75,9.5,565.9944303091437,idle_standing,adl,6,real_hardware
6.305,-0.158,-0.847,0.447,4.0,-11.0,10.875,565.9944303091437,idle_standing,adl,6,real_hardware
6.31,-0.167,-0.853,0.457,1.625,-11.375,16.375,565.9944303091437,idle_standing,adl,6,real_hardware
6.315,-0.171,-0.855,0.453,8.375,-12.0,17.875,565.9944303091437,idle_standing,adl,6,real_hardware
6.32,-0.175,-0.865,0.451,8.5,-1.625,5.875,565.9944303091437,idle_standing,adl,6,real_hardware
6.325,-0.177,-0.859,0.457,6.0,-8.375,11.0,565.978941416737,idle_standing,adl,6,real_hardware
6.33,-0.177,-0.865,0.466,2.75,-11.125,17.5,565.9994238114425,idle_standing,adl,6,real_hardware
6.335,-0.183,-0.867,0.474,4.5,-3.875,3.375,565.9994238114425,idle_standing,adl,6,real_hardware
6.34,-0.189,-0.886,0.472,15.5,-1.875,11.25,565.9994238114425,idle_standing,adl,6,real_hardware
6.345,-0.197,-0.904,0.476,3.25,-3.125,13.875,566.0044173690271,idle_standing,adl,6,real_hardware
6.35,-0.214,-0.925,0.476,8.0,-4.75,12.0,565.9889282034162,idle_standing,adl,6,real_hardware
6.355,-0.224,-0.953,0.482,3.875,-0.25,-0.875,565.9939216796834,idle_standing,adl,6,real_hardware
6.36,-0.23,-0.964,0.482,-1.5,1.875,7.875,565.9889282034162,idle_standing,adl,6,real_hardware
6.365,-0.228,-0.972,0.48,3.875,-7.375,0.25,565.9839347824343,idle_standing,adl,6,real_hardware
6.37,-0.228,-0.96,0.476,-3.5,-8.75,-0.625,565.978941416737,idle_standing,adl,6,real_hardware
6.375,-0.224,-0.939,0.468,1.125,-6.125,1.0,565.978941416737,idle_standing,adl,6,real_hardware
6.38,-0.21,-0.904,0.455,-0.25,-3.0,9.875,565.9944303091437,idle_standing,adl,6,real_hardware
6.385,-0.197,-0.88,0.453,-4.625,2.125,-6.875,565.978941416737,idle_standing,adl,6,real_hardware
6.39,-0.189,-0.869,0.447,-1.375,-7.625,1.125,565.9839347824343,idle_standing,adl,6,real_hardware
6.395,-0.179,-0.853,0.437,-6.125,-6.75,5.125,565.9839347824343,idle_standing,adl,6,real_hardware
6.4,-0.179,-0.843,0.435,7.5,0.875,-4.625,565.9684457619419,idle_standing,adl,6,real_hardware
6.405,-0.173,-0.839,0.441,-1.375,-11.25,4.0,565.9634525328457,idle_standing,adl,6,real_hardware
6.41,-0.166,-0.837,0.431,-3.5,-11.0,1.625,565.978941416737,idle_standing,adl,6,real_hardware
6.415,-0.169,-0.845,0.435,-2.625,6.5,3.125,565.9839347824343,idle_standing,adl,6,real_hardware
6.42,-0.164,-0.855,0.437,4.25,-5.0,2.25,565.9634525328457,idle_standing,adl,6,real_hardware
6.425,-0.167,-0.865,0.447,-2.75,-6.875,2.25,565.9839347824343,idle_standing,adl,6,real_hardware
6.43,-0.167,-0.871,0.451,3.625,-2.75,3.125,565.9684457619419,idle_standing,adl,6,real_hardware
6.435,-0.167,-0.884,0.457,1.25,-4.75,3.875,565.9839347824343,idle_standing,adl,6,real_hardware
6.44,-0.169,-0.904,0.458,4.5,7.5,1.625,565.9839347824343,idle_standing,adl,6,real_hardware
6.445,-0.177,-0.916,0.468,-0.5,2.75,0.0,565.9839347824343,idle_standing,adl,6,real_hardware
6.45,-0.189,-0.923,0.47,2.125,-4.25,1.625,565.9994238114425,idle_standing,adl,6,real_hardware
6.455,-0.207,-0.941,0.468,4.625,-3.5,4.25,565.9839347824343,idle_standing,adl,6,real_hardware
6.46,-0.21,-0.953,0.478,4.375,-1.5,2.25,565.9994238114425,idle_standing,adl,6,real_hardware
6.465,-0.214,-0.966,0.486,6.75,-1.875,-5.75,565.9994238114425,idle_standing,adl,6,real_hardware
6.47,-0.212,-0.957,0.48,-0.125,-3.0,-7.625,565.9839347824343,idle_standing,adl,6,real_hardware
6.475,-0.197,-0.941,0.474,6.0,3.375,-11.75,565.978941416737,idle_standing,adl,6,real_hardware
6.48,-0.181,-0.921,0.474,2.625,1.5,-6.375,565.9839347824343,idle_standing,adl,6,real_hardware
6.485,-0.16,-0.896,0.464,1.375,-6.25,-17.375,565.9839347824343,idle_standing,adl,6,real_hardware
6.49,-0.144,-0.878,0.458,-4.75,-5.125,-13.0,565.9839347824343,idle_standing,adl,6,real_hardware
6.495,-0.119,-0.855,0.455,-8.0,-2.5,-5.25,565.9839347824343,idle_standing,adl,6,real_hardware
6.5,-0.107,-0.849,0.441,2.125,-9.75,-13.5,565.978941416737,idle_standing,adl,6,real_hardware
6.505,-0.091,-0.837,0.443,7.0,-2.0,-9.75,565.9839347824343,idle_standing,adl,6,real_hardware
6.51,-0.082,-0.841,0.441,4.0,1.125,-11.75,565.9739481063239,idle_standing,adl,6,real_hardware
6.515,-0.076,-0.835,0.441,-3.75,-12.5,-4.625,565.9739481063239,idle_standing,adl,6,real_hardware
6.52,-0.076,-0.841,0.445,5.875,-3.5,0.75,565.978941416737,idle_standing,adl,6,real_hardware
6.525,-0.082,-0.851,0.445,-3.75,-1.125,-10.125,565.9839347824343,idle_standing,adl,6,real_hardware
6.53,-0.082,-0.855,0.449,5.375,4.875,-11.125,565.9839347824343,idle_standing,adl,6,real_hardware
6.535,-0.097,-0.863,0.449,-2.625,1.625,-5.75,565.9684457619419,idle_standing,adl,6,real_hardware
6.54,-0.101,-0.875,0.453,0.0,0.875,0.375,565.9684457619419,idle_standing,adl,6,real_hardware
6.545,-0.113,-0.884,0.46,1.375,5.25,-1.875,565.9684457619419,idle_standing,adl,6,real_hardware
6.55,-0.128,-0.894,0.464,-5.375,-1.0,4.375,565.9734390463211,idle_standing,adl,6,real_hardware
6.555,-0.134,-0.894,0.458,-5.5,-1.0,-0.5,565.9734390463211,idle_standing,adl,6,real_hardware
6.56,-0.148,-0.892,0.462,-1.75,2.375,-3.125,565.9889282034162,idle_standing,adl,6,real_hardware
6.565,-0.16,-0.882,0.464,-5.125,-7.875,4.625,565.9889282034162,idle_standing,adl,6,real_hardware
6.57,-0.164,-0.875,0.458,1.625,1.25,4.25,565.9939216796834,idle_standing,adl,6,real_hardware
6.575,-0.166,-0.875,0.462,-15.625,-0.25,5.125,565.9939216796834,idle_standing,adl,6,real_hardware
6.58,-0.166,-0.876,0.451,-5.0,-7.25,1.75,565.9939216796834,idle_standing,adl,6,real_hardware
6.585,-0.169,-0.873,0.457,-5.875,-1.5,1.375,565.9939216796834,idle_standing,adl,6,real_hardware
6.59,-0.171,-0.875,0.451,0.5,-2.0,-1.75,565.9939216796834,idle_standing,adl,6,real_hardware
6.595,-0.175,-0.876,0.453,1.625,-2.0,-9.5,565.9889282034162,idle_standing,adl,6,real_hardware
6.6,-0.189,-0.871,0.453,-9.5,-1.375,-0.125,565.9889282034162,idle_standing,adl,6,real_hardware
6.605,-0.183,-0.88,0.449,-2.125,8.375,-2.25,565.9839347824343,idle_standing,adl,6,real_hardware
6.61,-0.177,-0.884,0.447,4.0,-0.75,5.875,565.9994238114425,idle_standing,adl,6,real_hardware
6.615,-0.179,-0.884,0.447,-4.375,8.0,1.25,566.0044173690271,idle_standing,adl,6,real_hardware
6.62,-0.183,-0.888,0.455,-6.875,7.0,-0.25,566.0044173690271,idle_standing,adl,6,real_hardware
6.625,-0.177,-0.892,0.458,-9.125,1.625,-6.875,566.0044173690271,idle_standing,adl,6,real_hardware
6.63,-0.177,-0.894,0.453,-13.125,1.875,1.5,566.0044173690271,idle_standing,adl,6,real_hardware
6.635,-0.175,-0.894,0.451,-7.625,4.5,-0.25,566.0094109818986,idle_standing,adl,6,real_hardware
6.64,-0.166,-0.886,0.458,-7.0,4.125,5.625,565.9939216796834,idle_standing,adl,6,real_hardware
6.645,-0.166,-0.888,0.462,-8.75,7.125,-4.0,565.9889282034162,idle_standing,adl,6,real_hardware
6.65,-0.166,-0.884,0.453,-9.75,3.5,8.75,565.9939216796834,idle_standing,adl,6,real_hardware
6.655,-0.164,-0.88,0.455,-4.0,13.875,3.75,565.9939216796834,idle_standing,adl,6,real_hardware
6.66,-0.164,-0.869,0.451,-1.5,9.75,-0.875,565.9889282034162,idle_standing,adl,6,real_hardware
6.665,-0.167,-0.871,0.447,-12.125,5.375,-0.375,565.9939216796834,idle_standing,adl,6,real_hardware
6.67,-0.164,-0.851,0.445,-9.25,8.0,0.5,565.9939216796834,idle_standing,adl,6,real_hardware
6.675,-0.171,-0.849,0.447,-8.5,11.75,-2.875,565.9939216796834,idle_standing,adl,6,real_hardware
6.68,-0.169,-0.849,0.451,-7.125,7.25,-8.5,565.9939216796834,idle_standing,adl,6,real_hardware
6.685,-0.171,-0.857,0.453,-1.625,9.625,-2.875,565.9989152112362,idle_standing,adl,6,real_hardware
6.69,-0.164,-0.865,0.46,-10.125,3.5,2.25,565.9989152112362,idle_standing,adl,6,real_hardware
6.695,-0.171,-0.876,0.462,-4.125,11.75,-5.625,565.9939216796834,idle_standing,adl,6,real_hardware
6.7,-0.162,-0.882,0.466,-4.875,1.625,-5.75,565.9939216796834,idle_standing,adl,6,real_hardware
6.705,-0.154,-0.882,0.466,0.375,8.25,0.5,565.9939216796834,idle_standing,adl,6,real_hardware
6.71,-0.146,-0.878,0.466,-6.875,1.375,0.0,565.9939216796834,idle_standing,adl,6,real_hardware
6.715,-0.136,-0.861,0.472,-2.5,6.125,2.375,566.0044173690271,idle_standing,adl,6,real_hardware
6.72,-0.125,-0.855,0.466,-3.25,-4.75,0.375,566.0094109818986,idle_standing,adl,6,real_hardware
6.725,-0.111,-0.857,0.46,-4.625,7.125,-2.875,566.0094109818986,idle_standing,adl,6,real_hardware
6.73,-0.103,-0.855,0.464,6.5,-1.0,-5.5,566.0094109818986,idle_standing,adl,6,real_hardware
6.735,-0.099,-0.855,0.458,-2.5,-0.5,0.5,566.0094109818986,idle_standing,adl,6,real_hardware
6.74,-0.099,-0.857,0.466,-8.5,-0.25,1.5,565.9939216796834,idle_standing,adl,6,real_hardware
6.745,-0.095,-0.861,0.464,3.375,0.125,2.75,565.9939216796834,idle_standing,adl,6,real_hardware
6.75,-0.101,-0.857,0.466,-6.5,4.875,1.875,565.9939216796834,idle_standing,adl,6,real_hardware
6.755,-0.123,-0.861,0.466,-4.625,-0.25,0.0,565.9939216796834,idle_standing,adl,6,real_hardware
6.76,-0.126,-0.859,0.464,-1.5,1.125,1.25,565.9939216796834,idle_standing,adl,6,real_hardware
6.765,-0.134,-0.863,0.47,-3.875,-3.125,-1.25,565.9939216796834,idle_standing,adl,6,real_hardware
6.77,-0.138,-0.857,0.468,4.875,1.625,-0.5,565.9939216796834,idle_standing,adl,6,real_hardware
6.775,-0.144,-0.859,0.47,5.75,-5.75,4.5,565.9939216796834,idle_standing,adl,6,real_hardware
6.78,-0.152,-0.859,0.474,-2.375,-1.75,-1.25,565.9939216796834,idle_standing,adl,6,real_hardware
6.785,-0.154,-0.865,0.482,1.25,-0.75,3.375,566.0094109818986,idle_standing,adl,6,real_hardware
6.79,-0.162,-0.871,0.476,11.125,6.125,-3.875,566.0094109818986,idle_standing,adl,6,real_hardware
6.795,-0.152,-0.894,0.486,-3.375,-2.0,1.625,565.9939216796834,idle_standing,adl,6,real_hardware
6.8,-0.15,-0.902,0.476,1.5,-5.75,10.125,566.0094109818986,idle_standing,adl,6,real_hardware
6.805,-0.16,-0.908,0.468,2.375,-2.25,5.0,565.9939216796834,idle_standing,adl,6,real_hardware
6.81,-0.154,-0.912,0.462,7.625,4.875,5.375,565.9939216796834,idle_standing,adl,6,real_hardware
6.815,-0.177,-0.906,0.451,4.5,3.5,7.875,565.9939216796834,idle_standing,adl,6,real_hardware
6.82,-0.191,-0.917,0.441,-3.875,2.125,5.5,565.9939216796834,idle_standing,adl,6,real_hardware
6.825,-0.195,-0.919,0.433,-0.5,2.375,3.125,565.9889282034162,idle_standing,adl,6,real_hardware
6.83,-0.195,-0.923,0.416,-8.375,3.375,11.5,565.9889282034162,idle_standing,adl,6,real_hardware
6.835,-0.189,-0.917,0.394,1.5,7.0,-1.75,565.9889282034162,idle_standing,adl,6,real_hardware
6.84,-0.187,-0.912,0.392,-3.625,1.375,13.125,565.9734390463211,idle_standing,adl,6,real_hardware
6.845,-0.191,-0.902,0.4,1.5,4.125,7.625,565.9784323859842,idle_standing,adl,6,real_hardware
6.85,-0.197,-0.894,0.402,-5.625,-5.5,15.5,565.9939216796834,idle_standing,adl,6,real_hardware
6.855,-0.21,-0.882,0.402,-8.0,-2.75,5.875,565.9939216796834,idle_standing,adl,6,real_hardware
6.86,-0.216,-0.875,0.408,-2.375,1.25,3.625,565.9939216796834,idle_standing,adl,6,real_hardware
6.865,-0.224,-0.857,0.396,-3.5,-1.25,8.5,565.9939216796834,idle_standing,adl,6,real_hardware
6.87,-0.232,-0.849,0.394,7.25,4.25,11.0,565.9734390463211,idle_standing,adl,6,real_hardware
6.875,-0.25,-0.839,0.406,-0.875,2.625,12.5,565.9734390463211,idle_standing,adl,6,real_hardware
6.88,-0.25,-0.845,0.414,-1.5,-5.125,2.75,565.9684457619419,idle_standing,adl,6,real_hardware
6.885,-0.246,-0.845,0.419,2.25,3.75,11.625,565.9684457619419,idle_standing,adl,6,real_hardware
6.89,-0.244,-0.867,0.435,6.5,0.0,4.0,565.9839347824343,idle_standing,adl,6,real_hardware
6.895,-0.246,-0.876,0.439,-1.875,7.5,3.625,565.9889282034162,idle_standing,adl,6,real_hardware
6.9,-0.244,-0.884,0.445,3.375,12.625,1.75,565.9889282034162,idle_standing,adl,6,real_hardware
6.905,-0.246,-0.871,0.455,2.875,12.375,-1.875,565.9939216796834,idle_standing,adl,6,real_hardware
6.91,-0.25,-0.871,0.455,13.5,8.875,-1.25,565.9784323859842,idle_standing,adl,6,real_hardware
6.915,-0.25,-0.857,0.464,8.625,5.875,-2.375,565.9784323859842,idle_standing,adl,6,real_hardware
6.92,-0.246,-0.851,0.462,3.25,9.625,-0.5,565.9784323859842,idle_standing,adl,6,real_hardware
6.925,-0.232,-0.849,0.464,9.625,5.375,8.125,565.9939216796834,idle_standing,adl,6,real_hardware
6.93,-0.226,-0.853,0.46,3.75,16.0,-9.875,565.9939216796834,idle_standing,adl,6,real_hardware
6.935,-0.216,-0.857,0.46,8.5,10.625,-5.5,565.9939216796834,idle_standing,adl,6,real_hardware
6.94,-0.203,-0.863,0.462,10.5,6.625,-6.0,565.9939216796834,idle_standing,adl,6,real_hardware
6.945,-0.187,-0.871,0.462,6.0,13.5,-5.875,565.9939216796834,idle_standing,adl,6,real_hardware
6.95,-0.179,-0.876,0.462,5.875,8.5,-2.875,565.9939216796834,idle_standing,adl,6,real_hardware
6.955,-0.16,-0.884,0.464,-1.5,9.625,-8.625,565.9939216796834,idle_standing,adl,6,real_hardware
6.96,-0.148,-0.89,0.457,1.875,10.5,-16.625,565.9839347824343,idle_standing,adl,6,real_hardware
6.965,-0.138,-0.88,0.451,5.0,11.0,-10.625,565.9889282034162,idle_standing,adl,6,real_hardware
6.97,-0.128,-0.888,0.439,0.75,9.5,-9.875,565.9734390463211,idle_standing,adl,6,real_hardware
6.975,-0.125,-0.871,0.435,-1.375,4.75,-3.375,565.9684457619419,idle_standing,adl,6,real_hardware
6.98,-0.125,-0.855,0.435,-3.0,-4.0,-6.25,565.9684457619419,idle_standing,adl,6,real_hardware
6.985,-0.14,-0.851,0.441,4.375,-3.125,-4.625,565.9889282034162,idle_standing,adl,6,real_hardware
6.99,-0.13,-0.855,0.468,4.25,-2.75,-5.625,565.9889282034162,idle_standing,adl,6,real_hardware
6.995,-0.113,-0.886,0.466,2.25,-5.5,-5.375,565.9889282034162,idle_standing,adl,6,real_hardware
7.0,-0.121,-0.91,0.46,1.0,-1.5,-11.625,565.9889282034162,idle_standing,adl,6,real_hardware
7.005,-0.142,-0.947,0.455,7.0,-4.75,-15.25,565.9889282034162,idle_standing,adl,6,real_hardware
7.01,-0.154,-0.96,0.453,0.5,4.75,-1.125,565.9734390463211,idle_standing,adl,6,real_hardware
7.015,-0.166,-0.949,0.464,4.0,1.125,-1.25,565.9889282034162,idle_standing,adl,6,real_hardware
7.02,-0.171,-0.925,0.453,1.875,5.875,0.625,565.9939216796834,idle_standing,adl,6,real_hardware
7.025,-0.175,-0.894,0.46,2.0,5.75,2.125,565.9939216796834,idle_standing,adl,6,real_hardware
7.03,-0.179,-0.867,0.447,-0.75,10.625,-2.375,565.9939216796834,idle_standing,adl,6,real_hardware
7.035,-0.179,-0.849,0.458,7.5,4.625,3.0,565.9939216796834,idle_standing,adl,6,real_hardware
7.04,-0.183,-0.847,0.464,1.75,-0.625,0.5,565.9939216796834,idle_standing,adl,6,real_hardware
7.045,-0.193,-0.837,0.462,4.875,2.375,-3.5,565.9939216796834,idle_standing,adl,6,real_hardware
7.05,-0.199,-0.835,0.472,1.5,10.75,-0.75,565.9939216796834,idle_standing,adl,6,real_hardware
7.055,-0.201,-0.837,0.468,3.625,9.125,-5.0,565.9939216796834,idle_standing,adl,6,real_hardware
7.06,-0.21,-0.837,0.48,-1.75,-0.875,-2.75,565.9784323859842,idle_standing,adl,6,real_hardware
7.065,-0.207,-0.845,0.482,5.75,11.5,-5.75,565.9784323859842,idle_standing,adl,6,real_hardware
7.07,-0.205,-0.843,0.486,6.625,-2.375,4.125,565.9939216796834,idle_standing,adl,6,real_hardware
7.075,-0.205,-0.845,0.488,2.25,1.5,-9.5,565.9784323859842,idle_standing,adl,6,real_hardware
7.08,-0.199,-0.843,0.494,-5.875,11.375,4.375,565.9939216796834,idle_standing,adl,6,real_hardware
7.085,-0.197,-0.851,0.494,-1.125,13.875,-1.875,565.9939216796834,idle_standing,adl,6,real_hardware
7.09,-0.191,-0.861,0.494,3.125,5.375,-7.125,565.9939216796834,idle_standing,adl,6,real_hardware
7.095,-0.191,-0.859,0.492,2.5,-3.5,3.125,566.0044173690271,idle_standing,adl,6,real_hardware
7.1,-0.187,-0.861,0.494,4.25,7.5,2.875,566.0044173690271,idle_standing,adl,6,real_hardware
7.105,-0.181,-0.861,0.498,4.875,3.75,-3.625,566.0044173690271,idle_standing,adl,6,real_hardware
7.11,-0.173,-0.859,0.488,-0.5,4.875,-6.0,565.9994238114425,idle_standing,adl,6,real_hardware
7.115,-0.167,-0.861,0.478,4.25,9.0,-6.5,566.0044173690271,idle_standing,adl,6,real_hardware
7.12,-0.175,-0.859,0.472,3.0,0.875,-2.75,565.9889282034162,idle_standing,adl,6,real_hardware
7.125,-0.173,-0.861,0.472,9.5,6.875,-8.375,565.9889282034162,idle_standing,adl,6,real_hardware
7.13,-0.187,-0.861,0.474,3.0,8.125,-6.25,565.9889282034162,idle_standing,adl,6,real_hardware
7.135,-0.181,-0.861,0.468,3.75,5.375,-0.625,566.0094109818986,idle_standing,adl,6,real_hardware
7.14,-0.185,-0.863,0.468,8.0,18.875,-3.875,566.0094109818986,idle_standing,adl,6,real_hardware
7.145,-0.181,-0.876,0.476,4.5,1.375,-3.5,565.9939216796834,idle_standing,adl,6,real_hardware
7.15,-0.171,-0.882,0.476,1.125,6.375,-2.125,565.9939216796834,idle_standing,adl,6,real_hardware
7.155,-0.169,-0.882,0.48,5.25,5.0,-5.0,565.9939216796834,idle_standing,adl,6,real_hardware
7.16,-0.169,-0.878,0.478,-8.0,3.75,-4.5,565.9939216796834,idle_standing,adl,6,real_hardware
7.165,-0.167,-0.876,0.472,0.375,4.75,-13.625,565.9939216796834,idle_standing,adl,6,real_hardware
7.17,-0.162,-0.878,0.474,1.5,3.0,-7.375,565.9939216796834,idle_standing,adl,6,real_hardware
7.175,-0.154,-0.871,0.47,-6.0,4.875,-2.875,565.9939216796834,idle_standing,adl,6,real_hardware
7.18,-0.156,-0.873,0.478,-0.125,2.75,-3.875,565.9939216796834,idle_standing,adl,6,real_hardware
7.185,-0.146,-0.876,0.468,5.375,10.125,1.0,565.9939216796834,idle_standing,adl,6,real_hardware
7.19,-0.15,-0.871,0.462,3.25,9.375,-3.5,565.9784323859842,idle_standing,adl,6,real_hardware
7.195,-0.154,-0.878,0.462,-5.75,2.75,-3.625,565.9784323859842,idle_standing,adl,6,real_hardware
7.2,-0.152,-0.88,0.462,-1.25,2.125,-6.5,565.9784323859842,idle_standing,adl,6,real_hardware
7.205,-0.152,-0.876,0.462,2.25,3.625,-4.625,565.9939216796834,idle_standing,adl,6,real_hardware
7.21,-0.15,-0.875,0.464,-3.75,1.75,-7.25,565.9939216796834,idle_standing,adl,6,real_hardware
7.215,-0.15,-0.871,0.462,-0.5,-0.125,3.125,565.9939216796834,idle_standing,adl,6,real_hardware
7.22,-0.146,-0.871,0.462,5.125,6.125,-6.25,565.9889282034162,idle_standing,adl,6,real_hardware
7.225,-0.142,-0.867,0.464,6.75,5.375,2.75,565.9889282034162,idle_standing,adl,6,real_hardware
7.23,-0.142,-0.863,0.466,3.625,5.625,-7.875,565.9889282034162,idle_standing,adl,6,real_hardware
7.235,-0.132,-0.855,0.468,6.5,1.125,-3.25,565.9939216796834,idle_standing,adl,6,real_hardware
7.24,-0.134,-0.855,0.462,-1.5,3.25,-4.125,565.9939216796834,idle_standing,adl,6,real_hardware
7.245,-0.132,-0.855,0.464,3.125,-6.875,-5.125,565.9784323859842,idle_standing,adl,6,real_hardware
7.25,-0.132,-0.859,0.462,2.375,6.875,-7.625,565.9784323859842,idle_standing,adl,6,real_hardware
7.255,-0.138,-0.857,0.464,4.625,6.25,0.5,565.9734390463211,idle_standing,adl,6,real_hardware
7.26,-0.154,-0.861,0.458,-1.625,4.25,8.375,565.9734390463211,idle_standing,adl,6,real_hardware
7.265,-0.156,-0.863,0.455,5.5,7.75,2.75,565.9734390463211,idle_standing,adl,6,real_hardware
7.27,-0.162,-0.873,0.449,1.0,-4.5,-3.125,565.9784323859842,idle_standing,adl,6,real_hardware
7.275,-0.167,-0.873,0.449,1.125,-6.25,5.625,565.9939216796834,idle_standing,adl,6,real_hardware
7.28,-0.169,-0.871,0.441,-0.375,5.375,-2.25,565.9939216796834,idle_standing,adl,6,real_hardware
7.285,-0.171,-0.865,0.451,-9.375,1.375,5.0,565.9989152112362,idle_standing,adl,6,real_hardware
7.29,-0.162,-0.857,0.447,1.0,0.0,-0.75,565.9939216796834,idle_standing,adl,6,real_hardware
7.295,-0.156,-0.857,0.455,3.375,1.875,-3.0,565.9939216796834,idle_standing,adl,6,real_hardware
7.3,-0.15,-0.859,0.468,-2.5,0.375,-2.875,565.9784323859842,idle_standing,adl,6,real_hardware
7.305,-0.144,-0.867,0.47,2.375,-4.125,12.25,565.9784323859842,idle_standing,adl,6,real_hardware
7.31,-0.14,-0.878,0.47,-2.5,2.125,6.0,565.9939216796834,idle_standing,adl,6,real_hardware
7.315,-0.144,-0.884,0.478,4.25,4.875,3.75,565.9939216796834,idle_standing,adl,6,real_hardware
7.32,-0.15,-0.9,0.476,4.5,8.0,-1.75,565.9939216796834,idle_standing,adl,6,real_hardware
7.325,-0.15,-0.912,0.476,7.875,1.0,-1.125,565.9939216796834,idle_standing,adl,6,real_hardware
7.33,-0.148,-0.91,0.476,6.125,2.375,-8.625,565.9784323859842,idle_standing,adl,6,real_hardware
7.335,-0.15,-0.91,0.476,1.0,-1.875,0.0,565.9784323859842,idle_standing,adl,6,real_hardware
7.34,-0.148,-0.902,0.476,1.25,-6.75,0.0,565.9784323859842,idle_standing,adl,6,real_hardware
7.345,-0.146,-0.886,0.47,-4.0,-3.0,-2.5,565.9684457619419,idle_standing,adl,6,real_hardware
7.35,-0.142,-0.892,0.472,-1.0,-1.75,-3.75,565.978941416737,idle_standing,adl,6,real_hardware
7.355,-0.138,-0.884,0.47,0.625,-2.0,-4.25,565.9839347824343,idle_standing,adl,6,real_hardware
7.36,-0.132,-0.884,0.474,-0.25,2.125,-3.375,565.9839347824343,idle_standing,adl,6,real_hardware
7.365,-0.13,-0.875,0.47,-0.375,4.25,-0.625,565.9889282034162,idle_standing,adl,6,real_hardware
7.37,-0.13,-0.871,0.474,-4.0,-2.625,1.125,566.0044173690271,idle_standing,adl,6,real_hardware
7.375,-0.123,-0.863,0.466,-2.0,6.125,5.125,565.9889282034162,idle_standing,adl,6,real_hardware
7.38,-0.128,-0.861,0.46,3.75,-1.625,2.75,565.9734390463211,idle_standing,adl,6,real_hardware
7.385,-0.132,-0.851,0.458,-1.875,-6.125,0.625,565.9784323859842,idle_standing,adl,6,real_hardware
7.39,-0.134,-0.845,0.449,0.875,-7.625,6.875,565.9734390463211,idle_standing,adl,6,real_hardware
7.395,-0.14,-0.855,0.443,5.375,2.75,-5.75,565.9839347824343,idle_standing,adl,6,real_hardware
7.4,-0.144,-0.849,0.441,-2.75,2.375,3.875,565.9839347824343,idle_standing,adl,6,real_hardware
7.405,-0.15,-0.845,0.443,-5.75,-4.5,6.125,565.9689548511942,idle_standing,adl,6,real_hardware
7.41,-0.148,-0.841,0.447,-3.5,0.75,8.0,565.9689548511942,idle_standing,adl,6,real_hardware
7.415,-0.156,-0.837,0.445,-4.625,-0.5,14.75,565.9584593590325,idle_standing,adl,6,real_hardware
7.42,-0.152,-0.833,0.449,5.875,-3.625,-1.0,565.9739481063239,idle_standing,adl,6,real_hardware
7.425,-0.148,-0.839,0.455,-6.375,1.75,11.875,565.978941416737,idle_standing,adl,6,real_hardware
7.43,-0.148,-0.853,0.466,1.25,8.75,13.25,565.9634525328457,idle_standing,adl,6,real_hardware
7.435,-0.16,-0.873,0.474,4.5,5.75,-4.0,565.9634525328457,idle_standing,adl,6,real_hardware
7.44,-0.175,-0.9,0.47,-0.875,-2.25,7.375,565.9634525328457,idle_standing,adl,6,real_hardware
7.445,-0.189,-0.925,0.478,7.75,2.75,1.25,565.9684457619419,idle_standing,adl,6,real_hardware
7.45,-0.205,-0.957,0.478,2.375,5.625,1.25,565.9839347824343,idle_standing,adl,6,real_hardware
7.455,-0.21,-0.966,0.48,2.5,0.875,1.875,565.9839347824343,idle_standing,adl,6,real_hardware
7.46,-0.212,-0.955,0.49,-4.75,-3.625,6.0,565.9839347824343,idle_standing,adl,6,real_hardware
7.465,-0.205,-0.937,0.476,2.75,-3.625,3.125,565.9839347824343,idle_standing,adl,6,real_hardware
7.47,-0.201,-0.908,0.472,-4.25,1.25,3.25,565.9839347824343,idle_standing,adl,6,real_hardware
7.475,-0.189,-0.875,0.462,-9.25,-3.5,0.5,565.9994238114425,idle_standing,adl,6,real_hardware
7.48,-0.181,-0.855,0.46,0.0,0.125,2.375,565.978941416737,idle_standing,adl,6,real_hardware
7.485,-0.169,-0.849,0.455,5.25,-0.625,-0.25,565.978941416737,idle_standing,adl,6,real_hardware
7.49,-0.162,-0.845,0.445,2.375,-6.75,-4.875,565.9634525328457,idle_standing,adl,6,real_hardware
7.495,-0.154,-0.847,0.453,1.75,-6.125,-1.375,565.9684457619419,idle_standing,adl,6,real_hardware
7.5,-0.152,-0.847,0.455,0.0,-7.375,-2.625,565.9684457619419,idle_standing,adl,6,real_hardware
7.505,-0.146,-0.849,0.451,1.0,-6.875,6.75,565.9684457619419,idle_standing,adl,6,real_hardware
7.51,-0.148,-0.853,0.457,-2.5,-10.75,0.875,565.9684457619419,idle_standing,adl,6,real_hardware
7.515,-0.146,-0.855,0.464,0.0,-13.125,-0.875,565.9684457619419,idle_standing,adl,6,real_hardware
7.52,-0.152,-0.857,0.46,-3.375,-10.375,4.375,565.9634525328457,idle_standing,adl,6,real_hardware
7.525,-0.144,-0.859,0.466,0.625,-11.0,5.375,565.9634525328457,idle_standing,adl,6,real_hardware
7.53,-0.152,-0.871,0.457,1.5,-3.5,5.625,565.9684457619419,idle_standing,adl,6,real_hardware
7.535,-0.156,-0.871,0.458,10.25,-2.625,0.875,565.9634525328457,idle_standing,adl,6,real_hardware
7.54,-0.16,-0.882,0.457,7.0,-12.5,9.5,565.9684457619419,idle_standing,adl,6,real_hardware
7.545,-0.16,-0.888,0.455,3.75,0.125,7.25,565.9684457619419,idle_standing,adl,6,real_hardware
7.55,-0.166,-0.888,0.458,3.5,0.375,2.125,565.9684457619419,idle_standing,adl,6,real_hardware
7.555,-0.162,-0.888,0.462,5.375,-6.0,-0.375,565.9684457619419,idle_standing,adl,6,real_hardware
7.56,-0.162,-0.886,0.46,-0.125,-6.0,-0.875,565.9684457619419,idle_standing,adl,6,real_hardware
7.565,-0.166,-0.89,0.455,3.5,-6.125,6.875,565.9684457619419,idle_standing,adl,6,real_hardware
7.57,-0.171,-0.882,0.458,-15.875,-11.0,10.0,565.9684457619419,idle_standing,adl,6,real_hardware
7.575,-0.171,-0.876,0.458,2.5,0.125,10.5,565.9684457619419,idle_standing,adl,6,real_hardware
7.58,-0.166,-0.878,0.453,-9.5,-11.5,3.125,565.9889282034162,idle_standing,adl,6,real_hardware
7.585,-0.164,-0.88,0.451,0.0,-8.5,6.875,565.9889282034162,idle_standing,adl,6,real_hardware
7.59,-0.171,-0.878,0.451,-1.125,0.375,5.75,565.9734390463211,idle_standing,adl,6,real_hardware
7.595,-0.169,-0.878,0.451,-0.375,-10.625,5.25,565.9734390463211,idle_standing,adl,6,real_hardware
7.6,-0.166,-0.875,0.453,-2.125,-3.75,1.125,565.9684457619419,idle_standing,adl,6,real_hardware
7.605,-0.164,-0.888,0.455,-9.875,-0.875,14.0,565.9684457619419,idle_standing,adl,6,real_hardware
7.61,-0.16,-0.882,0.449,-6.0,-6.375,5.25,565.9684457619419,idle_standing,adl,6,real_hardware
7.615,-0.156,-0.875,0.453,-2.75,-14.75,5.25,565.9634525328457,idle_standing,adl,6,real_hardware
7.62,-0.16,-0.869,0.449,-0.375,-10.375,6.0,565.9634525328457,idle_standing,adl,6,real_hardware
7.625,-0.158,-0.867,0.451,-0.875,-3.625,3.0,565.9634525328457,idle_standing,adl,6,real_hardware
7.63,-0.158,-0.865,0.449,-6.5,-6.375,5.875,565.9634525328457,idle_standing,adl,6,real_hardware
7.635,-0.16,-0.867,0.455,-4.0,-3.375,7.875,565.9634525328457,idle_standing,adl,6,real_hardware
7.64,-0.169,-0.871,0.457,6.875,-5.0,2.0,565.9634525328457,idle_standing,adl,6,real_hardware
7.645,-0.179,-0.869,0.449,0.75,-5.125,5.125,565.9684457619419,idle_standing,adl,6,real_hardware
7.65,-0.181,-0.873,0.458,0.625,-13.625,5.5,565.9684457619419,idle_standing,adl,6,real_hardware
7.655,-0.183,-0.875,0.453,7.5,-2.375,-2.375,565.9684457619419,idle_standing,adl,6,real_hardware
7.66,-0.185,-0.884,0.457,1.875,-6.125,2.25,565.9684457619419,idle_standing,adl,6,real_hardware
7.665,-0.181,-0.884,0.453,-0.25,-14.25,9.5,565.9734390463211,idle_standing,adl,6,real_hardware
7.67,-0.183,-0.886,0.466,-8.0,-9.625,11.0,565.9579498977415,idle_standing,adl,6,real_hardware
7.675,-0.187,-0.89,0.462,5.625,-4.375,-0.625,565.9579498977415,idle_standing,adl,6,real_hardware
7.68,-0.185,-0.884,0.46,0.125,-3.25,-2.375,565.9579498977415,idle_standing,adl,6,real_hardware
7.685,-0.181,-0.886,0.458,-0.625,-9.375,1.0,565.9734390463211,idle_standing,adl,6,real_hardware
7.69,-0.189,-0.882,0.458,-11.25,-11.0,6.75,565.9784323859842,idle_standing,adl,6,real_hardware
7.695,-0.195,-0.884,0.449,-5.375,-4.5,3.875,565.9629431008007,idle_standing,adl,6,real_hardware
7.7,-0.193,-0.882,0.449,-4.0,-0.625,4.625,565.9784323859842,idle_standing,adl,6,real_hardware
7.705,-0.191,-0.884,0.451,-6.625,-7.875,8.75,565.9834257809314,idle_standing,adl,6,real_hardware
7.71,-0.187,-0.878,0.453,-6.875,-9.625,6.0,565.9784323859842,idle_standing,adl,6,real_hardware
7.715,-0.191,-0.878,0.453,-3.75,-11.5,-0.75,565.9784323859842,idle_standing,adl,6,real_hardware
7.72,-0.183,-0.871,0.455,4.625,-7.375,6.75,565.9784323859842,idle_standing,adl,6,real_hardware
7.725,-0.181,-0.873,0.447,-1.375,-9.125,-5.125,565.9734390463211,idle_standing,adl,6,real_hardware
7.73,-0.179,-0.875,0.451,-2.125,-6.0,4.75,565.9784323859842,idle_standing,adl,6,real_hardware
7.735,-0.177,-0.875,0.453,0.125,-8.625,5.125,565.9784323859842,idle_standing,adl,6,real_hardware
7.74,-0.16,-0.876,0.449,-3.0,-12.5,6.0,565.9629431008007,idle_standing,adl,6,real_hardware
7.745,-0.16,-0.876,0.441,-6.125,-9.25,3.25,565.9629431008007,idle_standing,adl,6,real_hardware
7.75,-0.164,-0.882,0.445,-9.875,-17.625,5.625,565.9629431008007,idle_standing,adl,6,real_hardware
7.755,-0.162,-0.884,0.445,-3.5,-10.0,0.125,565.9784323859842,idle_standing,adl,6,real_hardware
7.76,-0.166,-0.878,0.437,-6.625,-9.875,-2.75,565.9784323859842,idle_standing,adl,6,real_hardware
7.765,-0.162,-0.878,0.437,4.25,-10.5,3.0,565.9784323859842,idle_standing,adl,6,real_hardware
7.77,-0.173,-0.88,0.429,-1.125,-9.625,-3.5,565.9784323859842,idle_standing,adl,6,real_hardware
7.775,-0.181,-0.876,0.431,3.75,-12.5,2.625,565.9784323859842,idle_standing,adl,6,real_hardware
7.78,-0.187,-0.869,0.437,-3.25,-19.5,3.125,565.9939216796834,idle_standing,adl,6,real_hardware
7.785,-0.183,-0.875,0.439,-2.875,-8.875,2.0,565.9939216796834,idle_standing,adl,6,real_hardware
7.79,-0.175,-0.875,0.441,-12.5,-16.875,6.625,565.9784323859842,idle_standing,adl,6,real_hardware
7.795,-0.183,-0.876,0.437,-8.875,-16.625,1.125,565.9734390463211,idle_standing,adl,6,real_hardware
7.8,-0.187,-0.867,0.431,-6.375,-10.125,1.5,565.9734390463211,idle_standing,adl,6,real_hardware
7.805,-0.195,-0.861,0.441,0.75,-10.875,4.875,565.9889282034162,idle_standing,adl,6,real_hardware
7.81,-0.203,-0.851,0.447,-7.625,-13.75,-1.75,565.9784323859842,idle_standing,adl,6,real_hardware
7.815,-0.203,-0.851,0.443,3.0,-7.375,0.75,565.9939216796834,idle_standing,adl,6,real_hardware
7.82,-0.216,-0.857,0.447,-2.125,-2.625,-3.5,565.9734390463211,idle_standing,adl,6,real_hardware
7.825,-0.224,-0.871,0.447,-0.125,-13.5,-0.375,565.9889282034162,idle_standing,adl,6,real_hardware
7.83,-0.232,-0.876,0.455,5.25,-1.375,3.0,565.9784323859842,idle_standing,adl,6,real_hardware
7.835,-0.236,-0.871,0.451,0.75,-9.625,-4.0,565.9784323859842,idle_standing,adl,6,real_hardware
7.84,-0.242,-0.876,0.451,2.5,-0.5,0.5,565.9734390463211,idle_standing,adl,6,real_hardware
7.845,-0.24,-0.882,0.451,-1.0,-2.0,3.375,565.9734390463211,idle_standing,adl,6,real_hardware
7.85,-0.238,-0.88,0.449,1.25,-9.375,0.5,565.9584593590325,idle_standing,adl,6,real_hardware
7.855,-0.232,-0.886,0.449,-6.875,-12.5,4.25,565.9584593590325,idle_standing,adl,6,real_hardware
7.86,-0.22,-0.898,0.447,-1.25,-8.375,1.0,565.9484731772521,idle_standing,adl,6,real_hardware
7.865,-0.207,-0.904,0.453,-5.625,-5.0,6.0,565.9534662405015,idle_standing,adl,6,real_hardware
7.87,-0.199,-0.9,0.455,-2.125,-12.125,7.75,565.9584593590325,idle_standing,adl,6,real_hardware
7.875,-0.189,-0.902,0.451,-7.75,-8.125,9.75,565.9634525328457,idle_standing,adl,6,real_hardware
7.88,-0.179,-0.898,0.453,-8.875,-9.0,-1.25,565.9684457619419,idle_standing,adl,6,real_hardware
7.885,-0.169,-0.894,0.458,-2.5,-8.25,1.25,565.9684457619419,idle_standing,adl,6,real_hardware
7.89,-0.164,-0.89,0.455,-0.25,-13.25,8.5,565.9839347824343,idle_standing,adl,6,real_hardware
7.895,-0.16,-0.89,0.46,-5.25,-14.25,2.25,565.9734390463211,idle_standing,adl,6,real_hardware
7.9,-0.152,-0.88,0.462,-1.0,-16.5,1.625,565.9734390463211,idle_standing,adl,6,real_hardware
7.905,-0.154,-0.873,0.478,-4.375,-16.625,0.75,565.9734390463211,idle_standing,adl,6,real_hardware
7.91,-0.158,-0.865,0.468,-2.75,-10.125,4.375,565.9734390463211,idle_standing,adl,6,real_hardware
7.915,-0.16,-0.857,0.46,-7.125,-14.0,-4.125,565.9734390463211,idle_standing,adl,6,real_hardware
7.92,-0.166,-0.855,0.46,-0.875,-13.125,-0.5,565.9784323859842,idle_standing,adl,6,real_hardware
7.925,-0.171,-0.857,0.464,0.125,-11.625,12.0,565.9784323859842,idle_standing,adl,6,real_hardware
7.93,-0.191,-0.849,0.458,8.125,-8.25,4.5,565.9784323859842,idle_standing,adl,6,real_hardware
7.935,-0.197,-0.841,0.457,3.875,-1.625,8.5,565.9784323859842,idle_standing,adl,6,real_hardware
7.94,-0.207,-0.837,0.462,10.0,-8.625,1.5,565.9734390463211,idle_standing,adl,6,real_hardware
7.945,-0.216,-0.839,0.46,8.0,-7.625,1.625,565.9734390463211,idle_standing,adl,6,real_hardware
7.95,-0.22,-0.839,0.458,-2.25,-6.875,8.625,565.9734390463211,idle_standing,adl,6,real_hardware
7.955,-0.224,-0.845,0.458,0.875,-5.0,4.0,565.9734390463211,idle_standing,adl,6,real_hardware
7.96,-0.23,-0.849,0.464,1.125,-7.375,6.375,565.9734390463211,idle_standing,adl,6,real_hardware
7.965,-0.226,-0.859,0.462,5.75,-9.0,3.375,565.9734390463211,idle_standing,adl,6,real_hardware
7.97,-0.234,-0.873,0.468,7.125,1.0,-2.375,565.9734390463211,idle_standing,adl,6,real_hardware
7.975,-0.232,-0.878,0.464,-4.125,-2.5,-4.625,565.9734390463211,idle_standing,adl,6,real_hardware
7.98,-0.234,-0.878,0.468,2.875,-2.375,3.875,565.9839347824343,idle_standing,adl,6,real_hardware
7.985,-0.228,-0.878,0.47,15.0,-2.25,-4.0,565.9839347824343,idle_standing,adl,6,real_hardware
7.99,-0.218,-0.878,0.476,1.75,1.75,4.5,565.9839347824343,idle_standing,adl,6,real_hardware
7.995,-0.214,-0.865,0.468,1.875,0.0,-1.5,565.9684457619419,idle_standing,adl,6,real_hardware
8.0,-0.21,-0.865,0.472,-3.5,-2.125,5.5,565.9839347824343,idle_standing,adl,6,real_hardware
8.005,-0.201,-0.857,0.457,5.75,-12.0,-2.125,565.978941416737,idle_standing,adl,6,real_hardware
8.01,-0.197,-0.861,0.462,3.625,-6.25,-1.75,565.978941416737,idle_standing,adl,6,real_hardware
8.015,-0.191,-0.859,0.457,12.25,-8.875,-1.5,565.978941416737,idle_standing,adl,6,real_hardware
8.02,-0.179,-0.863,0.455,6.625,-1.625,-5.5,565.978941416737,idle_standing,adl,6,real_hardware
8.025,-0.181,-0.855,0.455,0.75,1.625,5.625,565.978941416737,idle_standing,adl,6,real_hardware
8.03,-0.179,-0.861,0.449,7.125,-4.25,0.875,565.978941416737,idle_standing,adl,6,real_hardware
8.035,-0.173,-0.861,0.441,14.75,2.375,-3.125,565.978941416737,idle_standing,adl,6,real_hardware
8.04,-0.185,-0.861,0.441,2.625,3.75,2.25,565.9634525328457,idle_standing,adl,6,real_hardware
8.045,-0.181,-0.867,0.447,15.375,3.875,-0.375,565.9634525328457,idle_standing,adl,6,real_hardware
8.05,-0.181,-0.871,0.445,3.625,0.25,-2.875,565.9634525328457,idle_standing,adl,6,real_hardware
8.055,-0.181,-0.875,0.445,-0.25,-5.75,1.0,565.9584593590325,idle_standing,adl,6,real_hardware
8.06,-0.185,-0.89,0.443,9.75,0.125,3.75,565.9584593590325,idle_standing,adl,6,real_hardware
8.065,-0.183,-0.89,0.451,10.375,5.0,1.125,565.9584593590325,idle_standing,adl,6,real_hardware
8.07,-0.197,-0.902,0.445,-1.625,-1.75,-0.25,565.9634525328457,idle_standing,adl,6,real_hardware
8.075,-0.193,-0.904,0.447,1.125,-1.0,0.5,565.9584593590325,idle_standing,adl,6,real_hardware
8.08,-0.195,-0.908,0.451,9.5,9.875,-5.75,565.9584593590325,idle_standing,adl,6,real_hardware
8.085,-0.197,-0.906,0.447,-1.5,3.125,1.125,565.9584593590325,idle_standing,adl,6,real_hardware
8.09,-0.201,-0.908,0.453,0.0,-1.5,1.625,565.9534662405015,idle_standing,adl,6,real_hardware
8.095,-0.203,-0.894,0.46,-4.25,-0.75,5.375,565.9484731772521,idle_standing,adl,6,real_hardware
8.1,-0.207,-0.898,0.466,-1.375,3.0,5.25,565.9484731772521,idle_standing,adl,6,real_hardware
8.105,-0.201,-0.892,0.47,3.75,2.125,10.0,565.9534662405015,idle_standing,adl,6,real_hardware
8.11,-0.203,-0.886,0.482,2.875,-2.375,-2.0,565.9689548511942,idle_standing,adl,6,real_hardware
8.115,-0.205,-0.884,0.474,0.125,0.5,0.0,565.9689548511942,idle_standing,adl,6,real_hardware
8.12,-0.205,-0.884,0.482,-4.0,2.5,-5.125,565.9534662405015,idle_standing,adl,6,real_hardware
8.125,-0.203,-0.884,0.476,-2.5,-3.625,-5.375,565.9584593590325,idle_standing,adl,6,real_hardware
8.13,-0.205,-0.878,0.486,-6.625,6.875,5.0,565.9584593590325,idle_standing,adl,6,real_hardware
8.135,-0.203,-0.876,0.486,-8.125,5.25,-3.375,565.9584593590325,idle_standing,adl,6,real_hardware
8.14,-0.203,-0.871,0.48,-4.125,6.125,-1.125,565.9584593590325,idle_standing,adl,6,real_hardware
8.145,-0.207,-0.873,0.486,0.625,4.125,-8.5,565.978941416737,idle_standing,adl,6,real_hardware
8.15,-0.197,-0.861,0.49,-11.125,10.625,3.25,565.9739481063239,idle_standing,adl,6,real_hardware
8.155,-0.193,-0.851,0.488,4.625,-1.875,0.5,565.978941416737,idle_standing,adl,6,real_hardware
8.16,-0.191,-0.853,0.492,-6.75,3.375,4.875,565.978941416737,idle_standing,adl,6,real_hardware
8.165,-0.183,-0.851,0.49,-7.25,5.375,-10.0,565.9634525328457,idle_standing,adl,6,real_hardware
8.17,-0.185,-0.849,0.492,2.5,10.625,-2.125,565.9634525328457,idle_standing,adl,6,real_hardware
8.175,-0.175,-0.859,0.49,-7.25,12.125,-5.0,565.978941416737,idle_standing,adl,6,real_hardware
8.18,-0.181,-0.859,0.494,-10.5,2.25,2.875,565.9634525328457,idle_standing,adl,6,real_hardware
8.185,-0.183,-0.861,0.498,-5.125,5.75,-4.875,565.9684457619419,idle_standing,adl,6,real_hardware
8.19,-0.185,-0.851,0.494,5.0,4.875,-5.125,565.9684457619419,idle_standing,adl,6,real_hardware
8.195,-0.187,-0.855,0.5,-5.75,4.75,-2.375,565.9839347824343,idle_standing,adl,6,real_hardware
8.2,-0.185,-0.845,0.498,3.0,5.375,6.125,565.9889282034162,idle_standing,adl,6,real_hardware
8.205,-0.191,-0.841,0.5,0.625,2.75,-2.875,565.9889282034162,idle_standing,adl,6,real_hardware
8.21,-0.189,-0.833,0.5,-1.0,7.5,-9.875,565.9734390463211,idle_standing,adl,6,real_hardware
8.215,-0.187,-0.83,0.488,-4.0,5.875,1.125,565.9734390463211,idle_standing,adl,6,real_hardware
8.22,-0.191,-0.832,0.494,-2.25,8.875,-5.25,565.9734390463211,idle_standing,adl,6,real_hardware
8.225,-0.197,-0.839,0.488,-0.625,2.5,-4.5,565.9734390463211,idle_standing,adl,6,real_hardware
8.23,-0.195,-0.841,0.496,0.125,2.375,-6.25,565.9734390463211,idle_standing,adl,6,real_hardware
8.235,-0.185,-0.845,0.496,-1.0,8.875,0.0,565.9734390463211,idle_standing,adl,6,real_hardware
8.24,-0.187,-0.851,0.492,-7.25,2.75,6.875,565.9734390463211,idle_standing,adl,6,real_hardware
8.245,-0.187,-0.857,0.492,-1.125,11.5,-3.625,565.9734390463211,idle_standing,adl,6,real_hardware
8.25,-0.185,-0.857,0.49,1.75,-0.875,-5.25,565.9734390463211,idle_standing,adl,6,real_hardware
8.255,-0.175,-0.859,0.49,4.25,9.125,-4.625,565.9734390463211,idle_standing,adl,6,real_hardware
8.26,-0.177,-0.865,0.486,-5.375,1.5,-2.5,565.9889282034162,idle_standing,adl,6,real_hardware
8.265,-0.177,-0.863,0.486,-3.875,4.125,0.5,565.9734390463211,idle_standing,adl,6,real_hardware
8.27,-0.171,-0.865,0.48,-1.0,0.75,-0.625,565.9579498977415,idle_standing,adl,6,real_hardware
8.275,-0.177,-0.859,0.482,-4.125,4.5,-2.375,565.9579498977415,idle_standing,adl,6,real_hardware
8.28,-0.173,-0.865,0.472,-7.75,3.5,-5.625,565.9579498977415,idle_standing,adl,6,real_hardware
8.285,-0.171,-0.867,0.46,6.125,3.125,0.375,565.9579498977415,idle_standing,adl,6,real_hardware
8.29,-0.171,-0.861,0.462,3.125,2.5,-8.5,565.9579498977415,idle_standing,adl,6,real_hardware
8.295,-0.171,-0.869,0.462,-0.75,3.75,-3.625,565.9579498977415,idle_standing,adl,6,real_hardware
8.3,-0.171,-0.869,0.457,-7.0,4.5,0.625,565.9529567499649,idle_standing,adl,6,real_hardware
8.305,-0.167,-0.869,0.462,-0.875,4.25,-0.75,565.9684457619419,idle_standing,adl,6,real_hardware
8.31,-0.16,-0.873,0.457,-6.375,-2.5,-7.0,565.9684457619419,idle_standing,adl,6,real_hardware
8.315,-0.15,-0.869,0.457,-14.75,1.625,5.625,565.9684457619419,idle_standing,adl,6,real_hardware
8.32,-0.156,-0.884,0.453,-2.25,-5.5,-0.75,565.9529567499649,idle_standing,adl,6,real_hardware
8.325,-0.162,-0.876,0.455,4.625,7.625,-9.875,565.9529567499649,idle_standing,adl,6,real_hardware
8.33,-0.154,-0.876,0.451,-0.375,-7.125,0.0,565.9684457619419,idle_standing,adl,6,real_hardware
8.335,-0.154,-0.876,0.453,-0.75,2.25,-3.375,565.9684457619419,idle_standing,adl,6,real_hardware
8.34,-0.152,-0.88,0.455,-4.75,3.75,11.25,565.9684457619419,idle_standing,adl,6,real_hardware
8.345,-0.152,-0.875,0.457,4.125,-3.375,-1.75,565.9684457619419,idle_standing,adl,6,real_hardware
8.35,-0.154,-0.876,0.449,-4.75,3.0,-2.75,565.9684457619419,idle_standing,adl,6,real_hardware
8.355,-0.156,-0.873,0.453,-1.5,1.125,-7.75,565.9684457619419,idle_standing,adl,6,real_hardware
8.36,-0.166,-0.875,0.445,2.625,1.125,3.875,565.9684457619419,idle_standing,adl,6,real_hardware
8.365,-0.167,-0.876,0.441,0.75,-1.25,1.625,565.9684457619419,idle_standing,adl,6,real_hardware
8.37,-0.173,-0.878,0.443,-4.75,4.875,-8.25,565.9684457619419,idle_standing,adl,6,real_hardware
8.375,-0.179,-0.88,0.443,-1.625,-7.0,-5.125,565.9684457619419,idle_standing,adl,6,real_hardware
8.38,-0.177,-0.88,0.447,-2.0,2.125,-1.125,565.9684457619419,idle_standing,adl,6,real_hardware
8.385,-0.179,-0.878,0.441,2.875,5.25,0.0,565.9479636574699,idle_standing,adl,6,real_hardware
8.39,-0.181,-0.882,0.443,-1.0,-5.875,-0.5,565.9529567499649,idle_standing,adl,6,real_hardware
8.395,-0.177,-0.884,0.441,5.375,-1.5,-4.875,565.9529567499649,idle_standing,adl,6,real_hardware
8.4,-0.179,-0.876,0.443,0.0,2.375,0.0,565.9684457619419,idle_standing,adl,6,real_hardware
8.405,-0.185,-0.876,0.451,0.0,-3.375,-1.25,565.9734390463211,idle_standing,adl,6,real_hardware
8.41,-0.185,-0.882,0.443,1.25,4.75,1.375,565.9734390463211,idle_standing,adl,6,real_hardware
8.415,-0.187,-0.88,0.443,-5.875,5.125,-1.25,565.9579498977415,idle_standing,adl,6,real_hardware
8.42,-0.181,-0.884,0.443,-0.625,1.625,-0.625,565.9579498977415,idle_standing,adl,6,real_hardware
8.425,-0.181,-0.88,0.445,3.375,3.625,1.625,565.9734390463211,idle_standing,adl,6,real_hardware
8.43,-0.179,-0.871,0.451,0.25,10.125,0.625,565.9734390463211,idle_standing,adl,6,real_hardware
8.435,-0.181,-0.88,0.449,2.0,-3.5,0.0,565.9734390463211,idle_standing,adl,6,real_hardware
8.44,-0.179,-0.876,0.455,-2.625,4.25,-11.25,565.9734390463211,idle_standing,adl,6,real_hardware
8.445,-0.177,-0.882,0.458,-2.625,8.375,-3.75,565.9734390463211,idle_standing,adl,6,real_hardware
8.45,-0.183,-0.878,0.455,4.75,6.375,-8.75,565.9734390463211,idle_standing,adl,6,real_hardware
8.455,-0.181,-0.882,0.458,2.0,3.625,-1.625,565.9734390463211,idle_standing,adl,6,real_hardware
8.46,-0.185,-0.884,0.464,6.5,3.75,-8.5,565.9734390463211,idle_standing,adl,6,real_hardware
8.465,-0.183,-0.88,0.464,-0.5,4.25,-5.0,565.9734390463211,idle_standing,adl,6,real_hardware
8.47,-0.181,-0.884,0.47,-0.5,-0.25,-5.0,565.9734390463211,idle_standing,adl,6,real_hardware
8.475,-0.179,-0.882,0.47,0.0,3.75,-1.5,565.9734390463211,idle_standing,adl,6,real_hardware
8.48,-0.179,-0.884,0.472,-1.375,4.875,0.25,565.9734390463211,idle_standing,adl,6,real_hardware
8.485,-0.177,-0.88,0.476,8.375,6.5,-5.75,565.9734390463211,idle_standing,adl,6,real_hardware
8.49,-0.175,-0.878,0.476,-1.25,1.125,2.5,565.9734390463211,idle_standing,adl,6,real_hardware
8.495,-0.179,-0.875,0.474,-5.125,7.875,-6.875,565.9734390463211,idle_standing,adl,6,real_hardware
8.5,-0.169,-0.875,0.474,1.125,0.0,1.875,565.9734390463211,idle_standing,adl,6,real_hardware
8.505,-0.169,-0.873,0.472,0.875,-1.5,-5.75,565.9734390463211,idle_standing,adl,6,real_hardware
8.51,-0.171,-0.875,0.476,0.125,-1.875,4.375,565.9839347824343,idle_standing,adl,6,real_hardware
8.515,-0.164,-0.876,0.468,-1.875,-1.25,4.5,565.9684457619419,idle_standing,adl,6,real_hardware
8.52,-0.162,-0.875,0.462,-5.125,-8.0,2.5,565.9839347824343,idle_standing,adl,6,real_hardware
8.525,-0.16,-0.867,0.46,-2.25,-7.5,-5.125,565.9684457619419,idle_standing,adl,6,real_hardware
8.53,-0.154,-0.863,0.455,-3.0,-4.125,3.5,565.9684457619419,idle_standing,adl,6,real_hardware
8.535,-0.158,-0.865,0.451,-0.375,-2.0,-1.75,565.9889282034162,idle_standing,adl,6,real_hardware
8.54,-0.16,-0.867,0.447,-4.25,-5.375,2.375,565.9889282034162,idle_standing,adl,6,real_hardware
8.545,-0.162,-0.863,0.443,-6.625,-7.75,7.5,565.9734390463211,idle_standing,adl,6,real_hardware
8.55,-0.164,-0.869,0.443,-4.25,-3.875,-2.875,565.9889282034162,idle_standing,adl,6,real_hardware
8.555,-0.162,-0.869,0.447,-4.875,-9.625,-2.75,565.9839347824343,idle_standing,adl,6,real_hardware
8.56,-0.162,-0.875,0.439,-2.5,-9.0,5.375,565.9839347824343,idle_standing,adl,6,real_hardware
8.565,-0.162,-0.878,0.445,-1.5,-3.125,7.25,565.978941416737,idle_standing,adl,6,real_hardware
8.57,-0.167,-0.886,0.443,-0.5,-8.625,10.0,565.9634525328457,idle_standing,adl,6,real_hardware
8.575,-0.162,-0.886,0.449,6.75,2.25,2.25,565.9634525328457,idle_standing,adl,6,real_hardware
8.58,-0.169,-0.888,0.451,0.0,-8.25,9.25,565.9634525328457,idle_standing,adl,6,real_hardware
8.585,-0.167,-0.886,0.455,0.0,-4.125,9.0,565.9634525328457,idle_standing,adl,6,real_hardware
8.59,-0.167,-0.888,0.453,5.0,-7.875,0.75,565.9634525328457,idle_standing,adl,6,real_hardware
8.595,-0.171,-0.888,0.457,2.625,-10.0,2.125,565.9839347824343,idle_standing,adl,6,real_hardware
8.6,-0.164,-0.89,0.457,4.0,-11.125,5.0,565.9734390463211,idle_standing,adl,6,real_hardware
8.605,-0.158,-0.892,0.462,-8.75,-13.0,4.0,565.9684457619419,idle_standing,adl,6,real_hardware
8.61,-0.156,-0.894,0.453,2.25,-6.0,7.625,565.9684457619419,idle_standing,adl,6,real_hardware
8.615,-0.156,-0.894,0.46,-2.0,-17.625,2.25,565.9634525328457,idle_standing,adl,6,real_hardware
8.62,-0.158,-0.89,0.455,-9.375,-16.875,4.625,565.9634525328457,idle_standing,adl,6,real_hardware
8.625,-0.154,-0.886,0.453,-10.375,-21.125,13.0,565.9634525328457,idle_standing,adl,6,real_hardware
8.63,-0.148,-0.878,0.449,-1.5,-8.125,4.5,565.9634525328457,idle_standing,adl,6,real_hardware
8.635,-0.142,-0.871,0.443,-1.875,-11.125,4.875,565.9634525328457,idle_standing,adl,6,real_hardware
8.64,-0.146,-0.865,0.443,-7.875,-18.5,10.625,565.9634525328457,idle_standing,adl,6,real_hardware
8.645,-0.142,-0.865,0.451,-7.875,-15.875,15.25,565.9684457619419,idle_standing,adl,6,real_hardware
8.65,-0.138,-0.859,0.455,0.0,-14.375,3.0,565.9684457619419,idle_standing,adl,6,real_hardware
8.655,-0.142,-0.863,0.453,0.875,-10.625,11.75,565.9734390463211,idle_standing,adl,6,real_hardware
8.66,-0.14,-0.853,0.455,1.5,-22.75,9.25,565.9839347824343,idle_standing,adl,6,real_hardware
8.665,-0.14,-0.859,0.464,3.375,-17.875,7.25,565.9839347824343,idle_standing,adl,6,real_hardware
8.67,-0.134,-0.861,0.464,-9.5,-21.25,15.375,565.9839347824343,idle_standing,adl,6,real_hardware
8.675,-0.132,-0.869,0.47,-6.125,-16.5,9.25,565.9734390463211,idle_standing,adl,6,real_hardware
8.68,-0.126,-0.875,0.474,-0.75,-18.5,11.25,565.9734390463211,idle_standing,adl,6,real_hardware
8.685,-0.125,-0.871,0.472,2.0,-25.0,10.125,565.9684457619419,idle_standing,adl,6,real_hardware
8.69,-0.134,-0.873,0.476,-6.75,-16.0,17.25,565.9684457619419,idle_standing,adl,6,real_hardware
8.695,-0.128,-0.876,0.482,-7.0,-22.75,5.875,565.9839347824343,idle_standing,adl,6,real_hardware
8.7,-0.126,-0.878,0.474,-0.75,-27.625,6.625,565.9839347824343,idle_standing,adl,6,real_hardware
8.705,-0.125,-0.875,0.48,-7.625,-31.25,5.75,565.9684457619419,idle_standing,adl,6,real_hardware
8.71,-0.125,-0.873,0.484,-3.875,-21.625,14.875,565.9839347824343,idle_standing,adl,6,real_hardware
8.715,-0.134,-0.871,0.484,-9.25,-27.625,13.625,565.9839347824343,idle_standing,adl,6,real_hardware
8.72,-0.13,-0.869,0.482,0.125,-27.5,17.75,565.9889282034162,idle_standing,adl,6,real_hardware
8.725,-0.13,-0.867,0.478,-3.875,-24.875,10.5,565.9839347824343,idle_standing,adl,6,real_hardware
8.73,-0.125,-0.859,0.474,8.875,-21.0,5.375,565.9889282034162,idle_standing,adl,6,real_hardware
8.735,-0.123,-0.861,0.466,-0.625,-21.5,12.25,565.9889282034162,idle_standing,adl,6,real_hardware
8.74,-0.13,-0.863,0.472,-8.25,-28.125,12.875,565.9889282034162,idle_standing,adl,6,real_hardware
8.745,-0.123,-0.855,0.472,-3.25,-24.875,21.375,565.9889282034162,idle_standing,adl,6,real_hardware
8.75,-0.125,-0.861,0.47,-5.875,-35.0,13.875,565.9689548511942,idle_standing,adl,6,real_hardware
8.755,-0.136,-0.865,0.474,5.375,-29.625,15.125,565.9689548511942,idle_standing,adl,6,real_hardware
8.76,-0.138,-0.863,0.47,0.875,-25.125,7.125,565.9739481063239,idle_standing,adl,6,real_hardware
8.765,-0.158,-0.871,0.464,11.125,-24.25,16.875,565.9589685067843,idle_standing,adl,6,real_hardware
8.77,-0.154,-0.867,0.462,-3.375,-27.125,11.625,565.9639616513479,idle_standing,adl,6,real_hardware
8.775,-0.166,-0.869,0.458,2.5,-24.0,5.625,565.9689548511942,idle_standing,adl,6,real_hardware
8.78,-0.167,-0.861,0.466,0.625,-24.0,11.75,565.9739481063239,idle_standing,adl,6,real_hardware
8.785,-0.179,-0.857,0.472,8.0,-22.875,11.625,565.9739481063239,idle_standing,adl,6,real_hardware
8.79,-0.183,-0.857,0.47,-2.0,-20.625,15.25,565.978941416737,idle_standing,adl,6,real_hardware
8.795,-0.183,-0.855,0.462,-4.25,-26.125,11.875,565.978941416737,idle_standing,adl,6,real_hardware
8.8,-0.197,-0.861,0.466,0.375,-19.875,8.125,565.978941416737,idle_standing,adl,6,real_hardware
8.805,-0.197,-0.857,0.466,2.0,-8.25,9.375,565.978941416737,idle_standing,adl,6,real_hardware
8.81,-0.195,-0.867,0.476,5.375,-19.0,1.75,565.978941416737,idle_standing,adl,6,real_hardware
8.815,-0.195,-0.869,0.482,5.5,-21.125,9.625,565.978941416737,idle_standing,adl,6,real_hardware
8.82,-0.189,-0.869,0.482,0.625,-13.125,12.5,565.9839347824343,idle_standing,adl,6,real_hardware
8.825,-0.191,-0.867,0.482,7.625,-15.625,3.0,565.9839347824343,idle_standing,adl,6,real_hardware
8.83,-0.197,-0.863,0.484,7.375,-8.5,5.625,565.9839347824343,idle_standing,adl,6,real_hardware
8.835,-0.199,-0.873,0.484,0.625,-10.75,6.75,565.9839347824343,idle_standing,adl,6,real_hardware
8.84,-0.191,-0.875,0.486,12.75,-8.625,3.625,565.9634525328457,idle_standing,adl,6,real_hardware
8.845,-0.201,-0.882,0.482,8.375,-9.25,-1.0,565.9634525328457,idle_standing,adl,6,real_hardware
8.85,-0.195,-0.888,0.482,0.625,-5.25,5.375,565.9634525328457,idle_standing,adl,6,real_hardware
8.855,-0.187,-0.892,0.486,6.875,-9.125,0.5,565.978941416737,idle_standing,adl,6,real_hardware
8.86,-0.197,-0.892,0.484,-0.875,-11.625,2.375,565.978941416737,idle_standing,adl,6,real_hardware
8.865,-0.185,-0.892,0.492,0.5,-1.0,3.5,565.978941416737,idle_standing,adl,6,real_hardware
8.87,-0.179,-0.892,0.488,-2.125,-8.625,9.5,565.978941416737,idle_standing,adl,6,real_hardware
8.875,-0.177,-0.888,0.49,5.5,-1.25,2.875,565.9839347824343,idle_standing,adl,6,real_hardware
8.88,-0.177,-0.896,0.486,2.0,-10.5,-8.5,565.9839347824343,idle_standing,adl,6,real_hardware
8.885,-0.167,-0.896,0.476,-5.25,-3.625,4.75,565.9839347824343,idle_standing,adl,6,real_hardware
8.89,-0.162,-0.888,0.476,-10.875,-12.625,1.75,565.9684457619419,idle_standing,adl,6,real_hardware
8.895,-0.156,-0.888,0.478,-2.625,-8.875,-0.125,565.9684457619419,idle_standing,adl,6,real_hardware
8.9,-0.162,-0.882,0.484,-9.375,-6.875,0.5,565.9684457619419,idle_standing,adl,6,real_hardware
8.905,-0.156,-0.876,0.49,3.75,-6.5,-2.75,565.9684457619419,idle_standing,adl,6,real_hardware
8.91,-0.16,-0.875,0.484,-17.375,-11.25,-7.375,565.9684457619419,idle_standing,adl,6,real_hardware
8.915,-0.158,-0.863,0.478,-3.25,-14.25,-1.25,565.9684457619419,idle_standing,adl,6,real_hardware
8.92,-0.166,-0.865,0.48,-10.375,-8.25,-9.25,565.9734390463211,idle_standing,adl,6,real_hardware
8.925,-0.169,-0.863,0.474,-13.0,-7.875,4.625,565.9889282034162,idle_standing,adl,6,real_hardware
8.93,-0.175,-0.863,0.482,-5.25,-4.625,-1.375,565.9734390463211,idle_standing,adl,6,real_hardware
8.935,-0.169,-0.861,0.47,-7.875,-7.375,6.375,565.9734390463211,idle_standing,adl,6,real_hardware
8.94,-0.162,-0.857,0.464,2.25,-3.375,-4.0,565.9734390463211,idle_standing,adl,6,real_hardware
8.945,-0.162,-0.863,0.462,-8.375,-10.25,-3.25,565.9579498977415,idle_standing,adl,6,real_hardware
8.95,-0.158,-0.857,0.458,-3.875,-3.375,-0.75,565.9579498977415,idle_standing,adl,6,real_hardware
8.955,-0.162,-0.855,0.453,0.0,-5.375,-7.5,565.9734390463211,idle_standing,adl,6,real_hardware
8.96,-0.154,-0.853,0.453,-3.75,-2.75,-5.0,565.9734390463211,idle_standing,adl,6,real_hardware
8.965,-0.152,-0.853,0.451,5.375,0.5,-11.375,565.9734390463211,idle_standing,adl,6,real_hardware
8.97,-0.148,-0.863,0.453,-3.375,-2.75,-3.375,565.9734390463211,idle_standing,adl,6,real_hardware
8.975,-0.146,-0.865,0.453,-14.0,-4.375,4.25,565.9684457619419,idle_standing,adl,6,real_hardware
8.98,-0.152,-0.867,0.451,0.625,-3.625,-0.25,565.9684457619419,idle_standing,adl,6,real_hardware
8.985,-0.152,-0.875,0.46,-2.75,-2.625,-9.25,565.9529567499649,idle_standing,adl,6,real_hardware
8.99,-0.148,-0.875,0.453,-3.125,0.75,-2.375,565.9579498977415,idle_standing,adl,6,real_hardware
8.995,-0.16,-0.873,0.458,-1.625,0.75,-2.75,565.9734390463211,idle_standing,adl,6,real_hardware
9.0,-0.154,-0.873,0.458,-2.375,-4.375,-4.875,565.9734390463211,idle_standing,adl,6,real_hardware
9.005,-0.162,-0.875,0.466,3.75,-2.625,1.125,565.9734390463211,idle_standing,adl,6,real_hardware
9.01,-0.166,-0.882,0.453,-7.125,-11.625,-1.25,565.9734390463211,idle_standing,adl,6,real_hardware
9.015,-0.173,-0.88,0.462,-3.0,-6.25,-1.25,565.9734390463211,idle_standing,adl,6,real_hardware
9.02,-0.175,-0.878,0.46,-1.75,2.75,-6.25,565.9579498977415,idle_standing,adl,6,real_hardware
9.025,-0.175,-0.882,0.46,0.75,-8.375,-4.625,565.9579498977415,idle_standing,adl,6,real_hardware
9.03,-0.171,-0.875,0.455,-3.875,-1.0,-2.0,565.9579498977415,idle_standing,adl,6,real_hardware
9.035,-0.167,-0.876,0.462,7.125,-1.0,0.0,565.9579498977415,idle_standing,adl,6,real_hardware
9.04,-0.167,-0.869,0.46,3.75,-0.5,-7.0,565.9579498977415,idle_standing,adl,6,real_hardware
9.045,-0.164,-0.865,0.453,-3.625,0.0,-11.5,565.9579498977415,idle_standing,adl,6,real_hardware
9.05,-0.15,-0.871,0.457,0.375,10.75,-5.25,565.9579498977415,idle_standing,adl,6,real_hardware
9.055,-0.15,-0.863,0.453,0.75,5.875,-9.125,565.9579498977415,idle_standing,adl,6,real_hardware
9.06,-0.146,-0.861,0.464,0.75,4.375,-2.75,565.9579498977415,idle_standing,adl,6,real_hardware
9.065,-0.146,-0.867,0.457,-0.875,-2.375,6.75,565.9579498977415,idle_standing,adl,6,real_hardware
9.07,-0.142,-0.865,0.46,-0.125,5.25,9.625,565.9579498977415,idle_standing,adl,6,real_hardware
9.075,-0.148,-0.875,0.451,-1.125,6.0,0.125,565.9579498977415,idle_standing,adl,6,real_hardware
9.08,-0.156,-0.876,0.449,1.125,12.25,1.75,565.9579498977415,idle_standing,adl,6,real_hardware
9.085,-0.154,-0.88,0.455,-1.625,4.25,-2.75,565.9579498977415,idle_standing,adl,6,real_hardware
9.09,-0.152,-0.876,0.453,-0.625,5.375,0.5,565.9529567499649,idle_standing,adl,6,real_hardware
9.095,-0.156,-0.873,0.458,0.25,5.375,-5.375,565.9529567499649,idle_standing,adl,6,real_hardware
9.1,-0.154,-0.875,0.455,2.0,3.5,-2.125,565.9529567499649,idle_standing,adl,6,real_hardware
9.105,-0.154,-0.876,0.453,-4.125,9.125,-12.125,565.9529567499649,idle_standing,adl,6,real_hardware
9.11,-0.146,-0.875,0.458,-4.375,7.75,-1.875,565.9529567499649,idle_standing,adl,6,real_hardware
9.115,-0.152,-0.873,0.455,7.25,9.25,-6.0,565.9529567499649,idle_standing,adl,6,real_hardware
9.12,-0.148,-0.88,0.457,-4.125,9.5,-1.75,565.9479636574699,idle_standing,adl,6,real_hardware
9.125,-0.144,-0.88,0.458,0.125,17.0,-1.625,565.9479636574699,idle_standing,adl,6,real_hardware
9.13,-0.148,-0.884,0.46,-7.375,4.125,-0.875,565.9529567499649,idle_standing,adl,6,real_hardware
9.135,-0.144,-0.888,0.458,-4.125,13.25,-4.125,565.9529567499649,idle_standing,adl,6,real_hardware
9.14,-0.146,-0.882,0.453,-0.125,14.75,-0.75,565.9529567499649,idle_standing,adl,6,real_hardware
9.145,-0.14,-0.884,0.457,1.625,11.75,-2.75,565.9529567499649,idle_standing,adl,6,real_hardware
9.15,-0.134,-0.89,0.458,4.25,11.875,-4.5,565.9529567499649,idle_standing,adl,6,real_hardware
9.155,-0.136,-0.882,0.455,-3.75,12.875,-4.375,565.9529567499649,idle_standing,adl,6,real_hardware
9.16,-0.134,-0.882,0.46,-3.25,3.125,-2.375,565.9529567499649,idle_standing,adl,6,real_hardware
9.165,-0.128,-0.878,0.46,9.25,4.875,-10.25,565.9684457619419,idle_standing,adl,6,real_hardware
9.17,-0.128,-0.878,0.457,-11.625,9.625,-0.125,565.9634525328457,idle_standing,adl,6,real_hardware
9.175,-0.126,-0.882,0.457,0.5,9.25,4.75,565.9634525328457,idle_standing,adl,6,real_hardware
9.18,-0.126,-0.882,0.462,1.0,9.625,-4.5,565.9479636574699,idle_standing,adl,6,real_hardware
9.185,-0.13,-0.878,0.457,-4.0,3.25,-5.125,565.9479636574699,idle_standing,adl,6,real_hardware
9.19,-0.128,-0.884,0.46,2.625,2.125,1.125,565.9479636574699,idle_standing,adl,6,real_hardware
9.195,-0.126,-0.884,0.464,2.125,13.5,-5.625,565.9479636574699,idle_standing,adl,6,real_hardware
9.2,-0.128,-0.886,0.462,2.625,10.125,-2.25,565.9429706202563,idle_standing,adl,6,real_hardware
9.205,-0.128,-0.884,0.466,-6.5,4.25,-4.0,565.9429706202563,idle_standing,adl,6,real_hardware
9.21,-0.13,-0.884,0.468,-3.625,19.5,-5.375,565.9429706202563,idle_standing,adl,6,real_hardware
9.215,-0.134,-0.882,0.466,-6.375,6.25,-6.75,565.9429706202563,idle_standing,adl,6,real_hardware
9.22,-0.138,-0.882,0.466,-0.875,11.125,0.625,565.9429706202563,idle_standing,adl,6,real_hardware
9.225,-0.13,-0.876,0.462,-2.75,4.25,-5.125,565.9429706202563,idle_standing,adl,6,real_hardware
9.23,-0.126,-0.875,0.464,-1.625,-1.75,-1.875,565.9479636574699,idle_standing,adl,6,real_hardware
9.235,-0.123,-0.878,0.453,-4.25,4.375,-5.875,565.9479636574699,idle_standing,adl,6,real_hardware
9.24,-0.119,-0.875,0.457,-0.125,2.375,-6.125,565.9479636574699,idle_standing,adl,6,real_hardware
9.245,-0.121,-0.869,0.453,-4.125,4.375,-0.125,565.9479636574699,idle_standing,adl,6,real_hardware
9.25,-0.125,-0.861,0.453,4.625,5.75,-5.875,565.9479636574699,idle_standing,adl,6,real_hardware
9.255,-0.123,-0.865,0.457,2.75,2.0,5.625,565.9479636574699,idle_standing,adl,6,real_hardware
9.26,-0.126,-0.873,0.455,-3.5,4.0,5.625,565.9479636574699,idle_standing,adl,6,real_hardware
9.265,-0.123,-0.867,0.453,-1.25,4.125,8.0,565.9634525328457,idle_standing,adl,6,real_hardware
9.27,-0.132,-0.865,0.457,3.5,2.375,-5.0,565.9584593590325,idle_standing,adl,6,real_hardware
9.275,-0.138,-0.867,0.458,7.75,4.625,-3.0,565.9584593590325,idle_standing,adl,6,real_hardware
9.28,-0.132,-0.869,0.46,-1.5,4.375,-0.625,565.9584593590325,idle_standing,adl,6,real_hardware
9.285,-0.142,-0.873,0.458,6.75,9.25,1.125,565.9584593590325,idle_standing,adl,6,real_hardware
9.29,-0.134,-0.88,0.46,-2.5,3.375,-4.0,565.9429706202563,idle_standing,adl,6,real_hardware
9.295,-0.144,-0.876,0.466,2.625,2.25,0.125,565.9479636574699,idle_standing,adl,6,real_hardware
9.3,-0.144,-0.876,0.462,4.875,5.75,3.875,565.9429706202563,idle_standing,adl,6,real_hardware
9.305,-0.146,-0.878,0.466,7.25,-4.0,1.25,565.9274818899955,idle_standing,adl,6,real_hardware
9.31,-0.148,-0.875,0.464,-5.375,1.875,3.125,565.9429706202563,idle_standing,adl,6,real_hardware
9.315,-0.154,-0.878,0.458,-3.25,-2.0,1.375,565.9429706202563,idle_standing,adl,6,real_hardware
9.32,-0.156,-0.882,0.462,4.875,3.5,-8.625,565.9324747906096,idle_standing,adl,6,real_hardware
9.325,-0.156,-0.88,0.462,-4.25,-0.125,-1.75,565.9274818899955,idle_standing,adl,6,real_hardware
9.33,-0.152,-0.878,0.462,0.625,-3.25,-1.875,565.9274818899955,idle_standing,adl,6,real_hardware
9.335,-0.158,-0.886,0.466,2.375,-0.125,-1.75,565.9274818899955,idle_standing,adl,6,real_hardware
9.34,-0.154,-0.884,0.46,-2.0,-4.875,-0.5,565.9274818899955,idle_standing,adl,6,real_hardware
9.345,-0.156,-0.88,0.46,-1.375,1.625,3.75,565.922489044661,idle_standing,adl,6,real_hardware
9.35,-0.158,-0.882,0.46,2.0,2.25,-0.875,565.922489044661,idle_standing,adl,6,real_hardware
9.355,-0.156,-0.875,0.462,-0.375,-0.625,2.125,565.922489044661,idle_standing,adl,6,real_hardware
9.36,-0.156,-0.88,0.464,-0.875,9.125,5.25,565.922489044661,idle_standing,adl,6,real_hardware
9.365,-0.156,-0.878,0.462,5.125,4.375,-4.875,565.922489044661,idle_standing,adl,6,real_hardware
9.37,-0.156,-0.878,0.46,2.625,3.875,0.5,565.9379776383237,idle_standing,adl,6,real_hardware
9.375,-0.158,-0.88,0.464,11.5,8.0,-9.25,565.9379776383237,idle_standing,adl,6,real_hardware
9.38,-0.16,-0.88,0.462,-2.5,-2.375,-2.875,565.9429706202563,idle_standing,adl,6,real_hardware
9.385,-0.162,-0.878,0.466,-3.875,4.125,-1.25,565.9324747906096,idle_standing,adl,6,real_hardware
9.39,-0.16,-0.886,0.468,-2.5,5.5,1.625,565.9324747906096,idle_standing,adl,6,real_hardware
9.395,-0.158,-0.884,0.458,-1.375,0.625,-5.125,565.9479636574699,idle_standing,adl,6,real_hardware
9.4,-0.158,-0.88,0.462,-1.375,1.125,-2.25,565.9479636574699,idle_standing,adl,6,real_hardware
9.405,-0.162,-0.882,0.46,-1.25,7.25,0.875,565.9529567499649,idle_standing,adl,6,real_hardware
9.41,-0.158,-0.875,0.458,-6.0,1.25,4.625,565.9529567499649,idle_standing,adl,6,real_hardware
9.415,-0.154,-0.869,0.46,-2.375,-5.75,1.875,565.9529567499649,idle_standing,adl,6,real_hardware
9.42,-0.152,-0.869,0.457,-12.125,-1.5,-6.875,565.9579498977415,idle_standing,adl,6,real_hardware
9.425,-0.164,-0.871,0.451,-8.375,-1.0,-0.625,565.9579498977415,idle_standing,adl,6,real_hardware
9.43,-0.162,-0.869,0.451,2.0,5.0,-2.375,565.9424607576777,idle_standing,adl,6,real_hardware
9.435,-0.164,-0.873,0.451,-5.5,-3.0,-10.25,565.9579498977415,idle_standing,adl,6,real_hardware
9.44,-0.16,-0.876,0.455,1.125,1.25,-1.375,565.9579498977415,idle_standing,adl,6,real_hardware
9.445,-0.156,-0.878,0.453,2.75,2.375,-3.875,565.9529567499649,idle_standing,adl,6,real_hardware
9.45,-0.158,-0.876,0.451,0.25,2.375,4.5,565.9579498977415,idle_standing,adl,6,real_hardware
9.455,-0.164,-0.886,0.445,0.125,4.5,-1.0,565.9529567499649,idle_standing,adl,6,real_hardware
9.46,-0.156,-0.882,0.445,2.0,-1.625,5.75,565.9529567499649,idle_standing,adl,6,real_hardware
9.465,-0.16,-0.884,0.449,4.625,4.0,-1.0,565.9684457619419,idle_standing,adl,6,real_hardware
9.47,-0.154,-0.884,0.443,-7.625,1.875,6.625,565.9529567499649,idle_standing,adl,6,real_hardware
9.475,-0.154,-0.884,0.455,1.75,-0.5,-0.125,565.9579498977415,idle_standing,adl,6,real_hardware
9.48,-0.148,-0.88,0.455,1.5,2.75,-1.375,565.9579498977415,idle_standing,adl,6,real_hardware
9.485,-0.144,-0.884,0.451,4.75,2.5,3.5,565.9529567499649,idle_standing,adl,6,real_hardware
9.49,-0.142,-0.878,0.441,-0.125,-4.875,3.0,565.9529567499649,idle_standing,adl,6,real_hardware
9.495,-0.14,-0.871,0.447,-0.875,-4.75,-2.375,565.9529567499649,idle_standing,adl,6,real_hardware
9.5,-0.14,-0.878,0.449,0.75,1.25,-0.625,565.9529567499649,idle_standing,adl,6,real_hardware
9.505,-0.136,-0.876,0.447,5.75,3.5,-2.375,565.9684457619419,idle_standing,adl,6,real_hardware
9.51,-0.144,-0.88,0.455,4.875,0.125,-3.125,565.9479636574699,idle_standing,adl,6,real_hardware
9.515,-0.146,-0.878,0.449,6.875,-1.5,0.125,565.9529567499649,idle_standing,adl,6,real_hardware
9.52,-0.15,-0.875,0.457,3.0,-1.875,-1.25,565.9634525328457,idle_standing,adl,6,real_hardware
9.525,-0.15,-0.876,0.455,-3.375,-2.0,2.25,565.9529567499649,idle_standing,adl,6,real_hardware
9.53,-0.156,-0.875,0.449,4.875,-1.75,0.125,565.9529567499649,idle_standing,adl,6,real_hardware
9.535,-0.156,-0.882,0.458,-4.25,-4.75,-3.125,565.9579498977415,idle_standing,adl,6,real_hardware
9.54,-0.156,-0.882,0.451,12.875,3.25,-3.875,565.9529567499649,idle_standing,adl,6,real_hardware
9.545,-0.15,-0.875,0.46,-0.25,-1.625,0.5,565.9529567499649,idle_standing,adl,6,real_hardware
9.55,-0.146,-0.875,0.458,0.0,-5.75,2.25,565.9579498977415,idle_standing,adl,6,real_hardware
9.555,-0.156,-0.878,0.457,0.625,-10.0,1.75,565.9579498977415,idle_standing,adl,6,real_hardware
9.56,-0.148,-0.878,0.457,10.0,-1.0,-7.25,565.9529567499649,idle_standing,adl,6,real_hardware
9.565,-0.152,-0.873,0.46,0.375,0.0,3.75,565.9529567499649,idle_standing,adl,6,real_hardware
9.57,-0.152,-0.878,0.46,6.25,-7.125,2.625,565.9479636574699,idle_standing,adl,6,real_hardware
9.575,-0.158,-0.873,0.458,7.5,-5.375,2.25,565.9479636574699,idle_standing,adl,6,real_hardware
9.58,-0.162,-0.865,0.462,2.625,-5.25,-6.625,565.9529567499649,idle_standing,adl,6,real_hardware
9.585,-0.169,-0.871,0.455,8.25,-2.875,-1.125,565.9429706202563,idle_standing,adl,6,real_hardware
9.59,-0.169,-0.869,0.466,-3.75,-8.375,-1.25,565.9429706202563,idle_standing,adl,6,real_hardware
9.595,-0.166,-0.869,0.46,0.875,-7.25,-3.5,565.9429706202563,idle_standing,adl,6,real_hardware
9.6,-0.173,-0.861,0.458,2.0,-5.25,-4.25,565.9479636574699,idle_standing,adl,6,real_hardware
9.605,-0.179,-0.867,0.462,0.625,3.875,0.375,565.9429706202563,idle_standing,adl,6,real_hardware
9.61,-0.179,-0.863,0.462,-5.375,-3.125,1.25,565.9479636574699,idle_standing,adl,6,real_hardware
9.615,-0.183,-0.861,0.464,-5.125,-2.75,-3.125,565.9479636574699,idle_standing,adl,6,real_hardware
9.62,-0.185,-0.863,0.474,-3.75,-4.25,2.75,565.9479636574699,idle_standing,adl,6,real_hardware
9.625,-0.187,-0.863,0.468,-3.75,-5.375,3.375,565.9529567499649,idle_standing,adl,6,real_hardware
9.63,-0.193,-0.871,0.466,-5.75,-1.375,-0.25,565.9529567499649,idle_standing,adl,6,real_hardware
9.635,-0.185,-0.878,0.457,0.375,-11.75,-4.75,565.9529567499649,idle_standing,adl,6,real_hardware
9.64,-0.187,-0.878,0.458,-2.25,-3.25,0.0,565.9529567499649,idle_standing,adl,6,real_hardware
9.645,-0.193,-0.886,0.458,-1.75,-2.375,-6.25,565.9529567499649,idle_standing,adl,6,real_hardware
9.65,-0.187,-0.882,0.458,-2.75,-1.375,-4.75,565.9684457619419,idle_standing,adl,6,real_hardware
9.655,-0.189,-0.884,0.453,-1.5,-4.125,-8.375,565.9529567499649,idle_standing,adl,6,real_hardware
9.66,-0.199,-0.888,0.457,-14.625,-3.625,-11.0,565.9579498977415,idle_standing,adl,6,real_hardware
9.665,-0.201,-0.894,0.453,-0.25,-3.5,-14.25,565.9579498977415,idle_standing,adl,6,real_hardware
9.67,-0.199,-0.9,0.445,-15.625,-6.125,7.25,565.9579498977415,idle_standing,adl,6,real_hardware
9.675,-0.207,-0.894,0.445,-9.5,-8.125,-0.125,565.9579498977415,idle_standing,adl,6,real_hardware
9.68,-0.21,-0.9,0.439,-4.875,-2.125,-7.0,565.9579498977415,idle_standing,adl,6,real_hardware
9.685,-0.201,-0.9,0.439,-4.875,-3.75,-8.0,565.9529567499649,idle_standing,adl,6,real_hardware
9.69,-0.201,-0.898,0.433,-13.0,1.625,-7.0,565.9529567499649,idle_standing,adl,6,real_hardware
9.695,-0.203,-0.892,0.433,-5.875,3.0,-7.5,565.9529567499649,idle_standing,adl,6,real_hardware
9.7,-0.201,-0.882,0.423,-14.25,-2.125,2.625,565.9529567499649,idle_standing,adl,6,real_hardware
9.705,-0.193,-0.865,0.419,-6.0,1.375,-2.125,565.9529567499649,idle_standing,adl,6,real_hardware
9.71,-0.193,-0.861,0.41,-8.5,4.5,-2.375,565.9529567499649,idle_standing,adl,6,real_hardware
9.715,-0.193,-0.853,0.406,-7.625,-1.375,-4.125,565.9579498977415,idle_standing,adl,6,real_hardware
9.72,-0.183,-0.843,0.398,-11.25,2.25,-2.125,565.9529567499649,idle_standing,adl,6,real_hardware
9.725,-0.179,-0.839,0.386,-13.0,5.0,-3.125,565.9529567499649,idle_standing,adl,6,real_hardware
9.73,-0.177,-0.839,0.384,-5.0,10.5,1.375,565.9529567499649,idle_standing,adl,6,real_hardware
9.735,-0.173,-0.839,0.378,-0.125,11.25,-7.375,565.9579498977415,idle_standing,adl,6,real_hardware
9.74,-0.173,-0.847,0.376,3.875,9.375,-3.875,565.9579498977415,idle_standing,adl,6,real_hardware
9.745,-0.181,-0.847,0.376,-2.125,8.125,4.625,565.9529567499649,idle_standing,adl,6,real_hardware
9.75,-0.177,-0.859,0.371,-4.625,2.0,8.0,565.9374677465034,idle_standing,adl,6,real_hardware
9.755,-0.189,-0.859,0.375,0.5,12.0,-0.875,565.9374677465034,idle_standing,adl,6,real_hardware
9.76,-0.195,-0.878,0.371,4.125,10.25,0.25,565.9374677465034,idle_standing,adl,6,real_hardware
9.765,-0.207,-0.878,0.365,2.75,11.75,-7.0,565.9374677465034,idle_standing,adl,6,real_hardware
9.77,-0.208,-0.884,0.353,4.0,15.125,0.0,565.9374677465034,idle_standing,adl,6,real_hardware
9.775,-0.216,-0.886,0.343,4.125,12.625,-1.125,565.9374677465034,idle_standing,adl,6,real_hardware
9.78,-0.207,-0.886,0.343,-3.125,15.0,-5.5,565.9324747906096,idle_standing,adl,6,real_hardware
9.785,-0.21,-0.882,0.337,2.625,15.375,-10.5,565.9374677465034,idle_standing,adl,6,real_hardware
9.79,-0.205,-0.878,0.318,2.625,18.375,-8.5,565.9374677465034,idle_standing,adl,6,real_hardware
9.795,-0.203,-0.882,0.32,3.0,15.5,-6.875,565.9374677465034,idle_standing,adl,6,real_hardware
9.8,-0.197,-0.869,0.32,0.75,12.25,-8.625,565.9579498977415,idle_standing,adl,6,real_hardware
9.805,-0.193,-0.867,0.316,-9.875,28.25,-0.75,565.9579498977415,idle_standing,adl,6,real_hardware
9.81,-0.187,-0.857,0.32,-2.875,25.25,-6.0,565.9424607576777,idle_standing,adl,6,real_hardware
9.815,-0.181,-0.851,0.32,-8.125,19.625,-4.5,565.9374677465034,idle_standing,adl,6,real_hardware
9.82,-0.175,-0.845,0.322,-11.375,25.5,-6.75,565.9424607576777,idle_standing,adl,6,real_hardware
9.825,-0.167,-0.841,0.326,-3.625,24.125,-14.875,565.9529567499649,idle_standing,adl,6,real_hardware
9.83,-0.166,-0.837,0.318,-4.25,35.25,-7.5,565.9579498977415,idle_standing,adl,6,real_hardware
9.835,-0.167,-0.847,0.306,-6.125,28.25,-8.25,565.9579498977415,idle_standing,adl,6,real_hardware
9.84,-0.173,-0.851,0.294,-3.125,27.125,-7.0,565.9529567499649,idle_standing,adl,6,real_hardware
9.845,-0.181,-0.849,0.296,-4.75,29.875,-2.625,565.9529567499649,idle_standing,adl,6,real_hardware
9.85,-0.191,-0.835,0.296,-9.125,31.625,-11.625,565.9479636574699,idle_standing,adl,6,real_hardware
9.855,-0.195,-0.826,0.3,-5.625,29.625,-17.0,565.9479636574699,idle_standing,adl,6,real_hardware
9.86,-0.187,-0.82,0.302,-15.0,27.0,-9.625,565.9479636574699,idle_standing,adl,6,real_hardware
9.865,-0.181,-0.814,0.281,-7.625,28.625,-14.125,565.9429706202563,idle_standing,adl,6,real_hardware
9.87,-0.158,-0.804,0.273,-7.25,34.0,-15.375,565.9379776383237,idle_standing,adl,6,real_hardware
9.875,-0.14,-0.792,0.291,-11.125,21.375,-15.75,565.9429706202563,idle_standing,adl,6,real_hardware
9.88,-0.121,-0.783,0.289,-6.25,22.25,-10.0,565.9479636574699,idle_standing,adl,6,real_hardware
9.885,-0.113,-0.787,0.285,-13.25,22.25,-16.875,565.9529567499649,idle_standing,adl,6,real_hardware
9.89,-0.097,-0.783,0.292,-18.5,22.25,-5.125,565.9684457619419,idle_standing,adl,6,real_hardware
9.895,-0.078,-0.781,0.289,-15.375,18.5,-14.875,565.9529567499649,idle_standing,adl,6,real_hardware
9.9,-0.062,-0.771,0.291,-20.625,16.0,-9.125,565.9529567499649,idle_standing,adl,6,real_hardware
9.905,-0.048,-0.765,0.292,-22.625,14.375,-8.0,565.9684457619419,idle_standing,adl,6,real_hardware
9.91,-0.031,-0.753,0.291,-20.375,13.5,-8.5,565.9684457619419,idle_standing,adl,6,real_hardware
9.915,-0.015,-0.738,0.289,-22.0,15.25,-10.5,565.9684457619419,idle_standing,adl,6,real_hardware
9.92,0.0,-0.722,0.281,-17.5,8.375,-13.5,565.9889282034162,idle_standing,adl,6,real_hardware
9.925,0.013,-0.701,0.273,-18.75,4.375,-2.75,565.9889282034162,idle_standing,adl,6,real_hardware
9.93,0.021,-0.689,0.257,-19.875,8.5,-12.0,565.9839347824343,idle_standing,adl,6,real_hardware
9.935,0.017,-0.675,0.248,-20.125,5.875,-3.5,565.9839347824343,idle_standing,adl,6,real_hardware
9.94,0.013,-0.664,0.24,-17.75,10.5,-0.375,565.9839347824343,idle_standing,adl,6,real_hardware
9.945,-0.005,-0.66,0.23,-18.625,8.5,-3.25,565.9684457619419,idle_standing,adl,6,real_hardware
9.95,-0.027,-0.66,0.23,-17.125,9.625,-2.0,565.9684457619419,idle_standing,adl,6,real_hardware
9.955,-0.037,-0.66,0.222,-21.375,1.125,6.5,565.9684457619419,idle_standing,adl,6,real_hardware
9.96,-0.06,-0.66,0.236,-18.25,15.5,-3.375,565.9684457619419,idle_standing,adl,6,real_hardware
9.965,-0.078,-0.667,0.234,-17.25,12.25,-5.125,565.9684457619419,idle_standing,adl,6,real_hardware
9.97,-0.091,-0.677,0.236,-9.125,8.125,-2.0,565.9684457619419,idle_standing,adl,6,real_hardware
9.975,-0.091,-0.687,0.24,-17.125,8.25,-3.125,565.9734390463211,idle_standing,adl,6,real_hardware
9.98,-0.097,-0.693,0.238,-9.375,11.0,-5.125,565.9734390463211,idle_standing,adl,6,real_hardware
9.985,-0.089,-0.697,0.242,-18.75,9.5,-1.75,565.9839347824343,idle_standing,adl,6,real_hardware
9.99,-0.091,-0.691,0.244,-16.375,17.25,-10.75,565.9839347824343,idle_standing,adl,6,real_hardware
9.995,-0.089,-0.695,0.25,-24.875,10.75,-14.75,565.9839347824343,idle_standing,adl,6,real_hardware
10.0,-0.093,-0.703,0.257,-11.125,22.0,1.0,565.9684457619419,idle_standing,adl,6,real_hardware
10.005,-0.097,-0.732,0.261,-23.375,5.875,-0.875,565.9684457619419,idle_standing,adl,6,real_hardware
10.01,-0.095,-0.748,0.275,-19.375,10.625,-5.875,565.9839347824343,idle_standing,adl,6,real_hardware
10.015,-0.107,-0.763,0.289,-16.25,17.5,-7.25,565.9839347824343,idle_standing,adl,6,real_hardware
10.02,-0.101,-0.789,0.296,-19.5,7.5,-0.375,565.9839347824343,idle_standing,adl,6,real_hardware
10.025,-0.111,-0.808,0.31,-20.875,11.75,-9.625,565.9839347824343,idle_standing,adl,6,real_hardware
10.03,-0.126,-0.835,0.32,-20.25,7.875,-5.75,565.9839347824343,idle_standing,adl,6,real_hardware
10.035,-0.142,-0.863,0.335,-16.875,8.25,-8.25,565.9839347824343,idle_standing,adl,6,real_hardware
10.04,-0.158,-0.892,0.337,-14.5,13.75,-6.125,565.9839347824343,idle_standing,adl,6,real_hardware
10.045,-0.187,-0.923,0.361,-18.625,14.375,-10.125,565.9839347824343,idle_standing,adl,6,real_hardware
10.05,-0.193,-0.931,0.382,-18.625,19.625,-9.0,565.9839347824343,idle_standing,adl,6,real_hardware
10.055,-0.193,-0.951,0.392,-16.0,10.625,-2.875,565.978941416737,idle_standing,adl,6,real_hardware
10.06,-0.175,-0.958,0.402,-12.25,9.0,-12.25,565.978941416737,idle_standing,adl,6,real_hardware
10.065,-0.154,-0.957,0.416,-14.625,6.375,-7.875,565.9839347824343,idle_standing,adl,6,real_hardware
10.07,-0.134,-0.951,0.423,-17.0,11.125,-3.25,565.9839347824343,idle_standing,adl,6,real_hardware
10.075,-0.113,-0.964,0.427,-23.875,3.625,-3.5,565.9839347824343,idle_standing,adl,6,real_hardware
10.08,-0.089,-0.97,0.414,-19.875,4.875,-4.5,565.9994238114425,idle_standing,adl,6,real_hardware
10.085,-0.062,-0.992,0.41,-19.875,4.5,-1.25,565.9839347824343,idle_standing,adl,6,real_hardware
10.09,-0.05,-1.011,0.398,-18.375,3.875,-5.75,565.978941416737,idle_standing,adl,6,real_hardware
10.095,-0.05,-1.019,0.378,-26.125,11.375,-4.375,565.978941416737,idle_standing,adl,6,real_hardware
10.1,-0.056,-1.039,0.339,-21.0,12.875,-9.5,565.978941416737,idle_standing,adl,6,real_hardware
10.105,-0.064,-1.037,0.314,-31.0,9.75,-6.125,565.9739481063239,idle_standing,adl,6,real_hardware
10.11,-0.064,-1.035,0.298,-34.5,7.625,2.25,565.9739481063239,idle_standing,adl,6,real_hardware
10.115,-0.076,-1.025,0.267,-32.375,6.5,-8.875,565.9739481063239,idle_standing,adl,6,real_hardware
10.12,-0.101,-1.015,0.238,-34.625,12.25,-10.625,565.978941416737,idle_standing,adl,6,real_hardware
10.125,-0.123,-0.994,0.214,-35.0,12.0,-4.625,565.978941416737,idle_standing,adl,6,real_hardware
10.13,-0.16,-0.98,0.193,-33.5,13.75,-14.875,565.978941416737,idle_standing,adl,6,real_hardware
10.135,-0.167,-0.966,0.191,-33.0,11.625,-9.75,565.978941416737,idle_standing,adl,6,real_hardware
10.14,-0.179,-0.951,0.185,-25.75,11.0,-11.5,565.9839347824343,idle_standing,adl,6,real_hardware
10.145,-0.181,-0.945,0.179,-26.25,7.5,-16.625,565.978941416737,idle_standing,adl,6,real_hardware
10.15,-0.179,-0.949,0.177,-21.0,10.75,-12.125,565.978941416737,idle_standing,adl,6,real_hardware
10.155,-0.171,-0.947,0.177,-22.75,21.25,-15.375,565.978941416737,idle_standing,adl,6,real_hardware
10.16,-0.16,-0.957,0.175,-16.125,6.375,1.625,565.9839347824343,idle_standing,adl,6,real_hardware
10.165,-0.132,-0.958,0.177,-16.625,10.0,-4.5,565.9839347824343,idle_standing,adl,6,real_hardware
10.17,-0.095,-0.958,0.191,-12.75,15.75,-6.625,565.9839347824343,fall_sitting,fall,6,real_hardware
10.175,-0.064,-0.964,0.195,-14.625,12.5,-1.625,565.9684457619419,fall_sitting,fall,6,real_hardware
10.18,-0.044,-0.957,0.199,-5.625,13.75,-1.5,565.9684457619419,fall_sitting,fall,6,real_hardware
10.185,-0.023,-0.957,0.218,-6.875,5.0,-3.0,565.9684457619419,fall_sitting,fall,6,real_hardware
10.19,-0.019,-0.953,0.24,0.875,7.125,1.625,565.9529567499649,fall_sitting,fall,6,real_hardware
10.195,-0.017,-0.955,0.253,-4.0,3.5,-2.875,565.9479636574699,fall_sitting,fall,6,real_hardware
10.2,-0.035,-0.97,0.261,-1.875,2.75,7.25,565.9479636574699,fall_sitting,fall,6,real_hardware
10.205,-0.05,-0.978,0.255,2.125,-5.25,3.375,565.9634525328457,fall_sitting,fall,6,real_hardware
10.21,-0.093,-1.001,0.246,-2.5,1.375,-3.5,565.9634525328457,fall_sitting,fall,6,real_hardware
10.215,-0.105,-1.023,0.24,0.125,-0.5,6.25,565.9584593590325,fall_sitting,fall,6,real_hardware
10.22,-0.126,-1.046,0.24,3.375,2.875,-1.75,565.9429706202563,fall_sitting,fall,6,real_hardware
10.225,-0.134,-1.066,0.251,-2.25,-5.25,3.375,565.9429706202563,fall_sitting,fall,6,real_hardware
10.23,-0.123,-1.082,0.257,3.625,-12.625,6.375,565.9274818899955,fall_sitting,fall,6,real_hardware
10.235,-0.113,-1.103,0.259,-2.125,-2.75,4.75,565.922489044661,fall_sitting,fall,6,real_hardware
10.24,-0.105,-1.119,0.265,-5.125,-5.625,2.25,565.9119931682499,fall_sitting,fall,6,real_hardware
10.245,-0.093,-1.125,0.253,-5.125,-8.0,-7.25,565.9119931682499,fall_sitting,fall,6,real_hardware
10.25,-0.097,-1.121,0.234,-6.375,-6.5,-1.125,565.9119931682499,fall_sitting,fall,6,real_hardware
10.255,-0.111,-1.103,0.212,-16.125,-12.0,0.0,565.9119931682499,fall_sitting,fall,6,real_hardware
10.26,-0.117,-1.078,0.197,-14.5,-6.75,-3.875,565.9274818899955,fall_sitting,fall,6,real_hardware
10.265,-0.14,-1.064,0.191,-3.75,-10.0,-9.0,565.9379776383237,fall_sitting,fall,6,real_hardware
10.27,-0.166,-1.06,0.191,-13.25,-4.875,-1.25,565.9379776383237,fall_sitting,fall,6,real_hardware
10.275,-0.181,-1.06,0.189,-13.5,-8.875,1.125,565.9379776383237,fall_sitting,fall,6,real_hardware
10.28,-0.191,-1.062,0.177,-17.125,-2.0,-2.5,565.9379776383237,fall_sitting,fall,6,real_hardware
10.285,-0.175,-1.054,0.175,-18.75,-8.375,-2.5,565.9429706202563,fall_sitting,fall,6,real_hardware
10.29,-0.162,-1.052,0.158,-18.25,-19.5,3.25,565.9379776383237,fall_sitting,fall,6,real_hardware
10.295,-0.119,-1.029,0.152,-13.25,-14.25,-1.25,565.9429706202563,fall_sitting,fall,6,real_hardware
10.3,-0.082,-1.031,0.148,-15.75,-15.75,0.125,565.9429706202563,fall_sitting,fall,6,real_hardware
10.305,-0.06,-1.025,0.148,-15.0,-14.75,-0.125,565.9274818899955,fall_sitting,fall,6,real_hardware
10.31,-0.039,-1.019,0.148,-11.125,-11.625,-3.375,565.9324747906096,fall_sitting,fall,6,real_hardware
10.315,-0.023,-1.011,0.15,-13.875,-16.625,-3.125,565.9274818899955,fall_sitting,fall,6,real_hardware
10.32,-0.023,-0.986,0.138,-12.125,-12.0,8.0,565.9274818899955,fall_sitting,fall,6,real_hardware
10.325,-0.031,-0.958,0.138,-12.375,-9.625,2.375,565.9379776383237,fall_sitting,fall,6,real_hardware
10.33,-0.039,-0.931,0.13,-6.125,-16.5,6.125,565.9174962546055,fall_sitting,fall,6,real_hardware
10.335,-0.042,-0.919,0.123,-5.25,-11.0,-0.375,565.9174962546055,fall_sitting,fall,6,real_hardware
10.34,-0.041,-0.917,0.115,-2.875,-17.625,-1.875,565.9174962546055,fall_sitting,fall,6,real_hardware
10.345,-0.035,-0.912,0.109,-17.0,-15.875,8.375,565.9379776383237,fall_sitting,fall,6,real_hardware
10.35,-0.005,-0.919,0.099,-4.0,-23.75,13.625,565.922489044661,fall_sitting,fall,6,real_hardware
10.355,0.013,-0.933,0.087,-16.375,-30.125,8.75,565.922489044661,fall_sitting,fall,6,real_hardware
10.36,0.023,-0.943,0.074,-13.5,-25.75,9.125,565.922489044661,fall_sitting,fall,6,real_hardware
10.365,0.025,-0.966,0.052,-10.0,-24.375,7.875,565.922489044661,fall_sitting,fall,6,real_hardware
10.37,0.031,-0.974,0.044,-0.5,-21.875,10.875,565.922489044661,fall_sitting,fall,6,real_hardware
10.375,0.037,-0.98,0.041,-4.75,-23.125,24.375,565.922489044661,fall_sitting,fall,6,real_hardware
10.38,0.037,-0.972,0.025,-2.0,-25.25,20.25,565.922489044661,fall_sitting,fall,6,real_hardware
10.385,0.035,-0.953,0.017,-1.625,-24.875,17.125,565.922489044661,fall_sitting,fall,6,real_hardware
10.39,0.039,-0.935,-0.003,-8.0,-24.25,21.875,565.9429706202563,fall_sitting,fall,6,real_hardware
10.395,0.042,-0.927,-0.005,-1.125,-28.0,14.375,565.9429706202563,fall_sitting,fall,6,real_hardware
10.4,0.039,-0.914,-0.007,2.5,-33.875,18.5,565.9429706202563,fall_sitting,fall,6,real_hardware
10.405,0.033,-0.904,0.013,-0.75,-36.0,20.25,565.9479636574699,fall_sitting,fall,6,real_hardware
10.41,0.025,-0.906,0.039,-9.625,-46.0,16.125,565.9479636574699,fall_sitting,fall,6,real_hardware
10.415,0.017,-0.919,0.076,4.875,-42.625,19.75,565.9684457619419,fall_sitting,fall,6,real_hardware
10.42,-0.009,-0.914,0.103,-4.125,-40.875,15.875,565.9529567499649,fall_sitting,fall,6,real_hardware
10.425,-0.033,-0.9,0.119,-6.0,-41.125,24.25,565.9529567499649,fall_sitting,fall,6,real_hardware
10.43,-0.064,-0.89,0.14,3.25,-53.75,22.25,565.9529567499649,fall_sitting,fall,6,real_hardware
10.435,-0.111,-0.88,0.15,-7.125,-44.125,15.25,565.9684457619419,fall_sitting,fall,6,real_hardware
10.44,-0.152,-0.859,0.158,-0.25,-43.875,10.125,565.9684457619419,fall_sitting,fall,6,real_hardware
10.445,-0.203,-0.826,0.179,-4.125,-45.875,4.5,565.9684457619419,fall_sitting,fall,6,real_hardware
10.45,-0.22,-0.781,0.185,4.75,-43.875,13.5,565.9529567499649,fall_sitting,fall,6,real_hardware
10.455,-0.244,-0.761,0.189,7.75,-34.875,1.75,565.9529567499649,fall_sitting,fall,6,real_hardware
10.46,-0.236,-0.714,0.177,1.25,-33.25,10.0,565.9529567499649,fall_sitting,fall,6,real_hardware
10.465,-0.199,-0.673,0.154,14.375,-35.375,10.375,565.9529567499649,fall_sitting,fall,6,real_hardware
10.47,-0.167,-0.642,0.158,10.375,-33.0,8.875,565.9529567499649,fall_sitting,fall,6,real_hardware
10.475,-0.138,-0.63,0.16,7.125,-32.0,8.75,565.9529567499649,fall_sitting,fall,6,real_hardware
10.48,-0.105,-0.611,0.169,4.875,-31.875,14.375,565.9529567499649,fall_sitting,fall,6,real_hardware
10.485,-0.093,-0.619,0.189,19.0,-33.875,9.875,565.9684457619419,fall_sitting,fall,6,real_hardware
10.49,-0.089,-0.648,0.197,20.625,-28.125,9.875,565.9684457619419,fall_sitting,fall,6,real_hardware
10.495,-0.105,-0.669,0.222,24.5,-32.875,12.875,565.9839347824343,fall_sitting,fall,6,real_hardware
10.5,-0.144,-0.673,0.257,18.75,-34.625,9.5,565.9684457619419,fall_sitting,fall,6,real_hardware
10.505,-0.177,-0.654,0.292,14.125,-26.25,13.375,565.9684457619419,fall_sitting,fall,6,real_hardware
10.51,-0.208,-0.623,0.298,18.625,-26.5,15.625,565.9684457619419,fall_sitting,fall,6,real_hardware
10.515,-0.23,-0.587,0.279,19.5,-27.5,8.5,565.9684457619419,fall_sitting,fall,6,real_hardware
10.52,-0.236,-0.556,0.226,27.875,-24.0,10.5,565.9839347824343,fall_sitting,fall,6,real_hardware
10.525,-0.228,-0.523,0.193,25.625,-34.75,9.5,565.9684457619419,fall_sitting,fall,6,real_hardware
10.53,-0.199,-0.501,0.179,33.25,-32.375,8.375,565.9684457619419,fall_sitting,fall,6,real_hardware
10.535,-0.144,-0.492,0.14,27.375,-32.0,16.375,565.9684457619419,fall_sitting,fall,6,real_hardware
10.54,-0.066,-0.531,0.105,47.625,-31.375,11.75,565.9839347824343,fall_sitting,fall,6,real_hardware
10.545,-0.033,-0.595,0.099,61.0,-23.25,16.75,565.9639616513479,fall_sitting,fall,6,real_hardware
10.55,-0.007,-0.691,0.134,59.375,-29.25,15.75,565.9484731772521,fall_sitting,fall,6,real_hardware
10.555,0.009,-0.791,0.191,49.5,-33.75,24.75,565.9689548511942,fall_sitting,fall,6,real_hardware
10.56,0.023,-0.9,0.238,59.5,-38.125,25.375,565.9739481063239,fall_sitting,fall,6,real_hardware
10.565,0.025,-0.968,0.349,50.625,-37.625,27.75,565.9739481063239,fall_sitting,fall,6,real_hardware
10.57,0.021,-0.982,0.529,53.0,-32.75,27.875,565.978941416737,fall_sitting,fall,6,real_hardware
10.575,0.0,-0.929,0.818,59.375,-29.0,24.125,565.978941416737,fall_sitting,fall,6,real_hardware
10.58,-0.048,-0.783,1.525,75.875,-36.125,29.0,565.978941416737,fall_sitting,fall,6,real_hardware
10.585,-0.117,-0.824,2.214,102.75,-40.875,49.125,565.9739481063239,fall_sitting,fall,6,real_hardware
10.59,-0.255,-1.445,2.638,132.25,-25.875,54.125,565.9634525328457,fall_sitting,fall,6,real_hardware
10.595,-0.613,-2.988,2.595,134.0,28.25,86.75,565.9634525328457,fall_sitting,fall,6,real_hardware
10.6,-1.023,-3.808,2.445,159.375,77.5,92.5,565.9479636574699,fall_sitting,fall,6,real_hardware
10.605,-1.126,-3.605,2.619,147.125,77.625,102.25,565.9324747906096,fall_sitting,fall,6,real_hardware
10.61,-0.835,-3.332,2.464,107.125,60.875,79.375,565.9324747906096,fall_sitting,fall,6,real_hardware
10.615,-0.529,-3.105,2.044,65.375,29.875,57.125,565.9324747906096,fall_sitting,fall,6,real_hardware
10.62,-0.261,-2.66,1.738,29.375,2.25,38.75,565.9324747906096,fall_sitting,fall,6,real_hardware
10.625,-0.054,-1.96,1.501,-2.125,-16.0,14.5,565.9479636574699,fall_sitting,fall,6,real_hardware
10.63,-0.158,-1.525,1.273,-25.875,-40.875,0.75,565.9479636574699,fall_sitting,fall,6,real_hardware
10.635,-0.277,-1.181,0.968,-29.375,-54.25,-10.5,565.9479636574699,fall_sitting,fall,6,real_hardware
10.64,-0.333,-0.914,0.599,-25.125,-59.375,-23.0,565.9634525328457,fall_sitting,fall,6,real_hardware
10.645,-0.332,-0.707,0.23,-5.625,-52.875,-26.0,565.9634525328457,fall_sitting,fall,6,real_hardware
10.65,-0.343,-0.587,-0.074,11.375,-37.25,-31.25,565.9634525328457,fall_sitting,fall,6,real_hardware
10.655,-0.392,-0.523,-0.308,22.375,-35.5,-27.375,565.978941416737,fall_sitting,fall,6,real_hardware
10.66,-0.46,-0.486,-0.417,38.75,-34.0,-19.75,565.978941416737,fall_sitting,fall,6,real_hardware
10.665,-0.48,-0.429,-0.505,49.75,-34.5,-23.0,565.978941416737,fall_sitting,fall,6,real_hardware
10.67,-0.412,-0.412,-0.537,70.5,-28.25,-22.0,565.9839347824343,fall_sitting,fall,6,real_hardware
10.675,-0.341,-0.367,-0.519,80.5,-27.625,-9.375,565.9839347824343,fall_sitting,fall,6,real_hardware
10.68,-0.32,-0.291,-0.505,93.5,-11.375,-6.875,565.978941416737,fall_sitting,fall,6,real_hardware
10.685,-0.337,-0.222,-0.435,104.125,0.75,10.625,565.9994238114425,fall_sitting,fall,6,real_hardware
10.69,-0.353,-0.199,-0.291,115.875,1.5,5.25,565.9944303091437,fall_sitting,fall,6,real_hardware
10.695,-0.382,-0.238,-0.072,119.875,6.25,-4.5,565.9994238114425,fall_sitting,fall,6,real_hardware
10.7,-0.408,-0.322,0.148,131.875,21.0,5.375,566.014912848966,fall_sitting,fall,6,real_hardware
10.705,-0.398,-0.466,0.351,119.625,28.625,2.75,565.9994238114425,fall_sitting,fall,6,real_hardware
10.71,-0.371,-0.589,0.478,118.0,25.5,4.5,565.9994238114425,fall_sitting,fall,6,real_hardware
10.715,-0.333,-0.718,0.55,117.625,38.25,-3.625,565.9839347824343,fall_sitting,fall,6,real_hardware
10.72,-0.279,-0.824,0.644,106.625,46.125,-6.75,565.9944303091437,fall_sitting,fall,6,real_hardware
10.725,-0.236,-0.892,0.708,92.0,48.625,-3.0,565.9944303091437,fall_sitting,fall,6,real_hardware
10.73,-0.207,-0.957,0.765,80.0,44.625,-12.625,566.0099192100656,fall_sitting,fall,6,real_hardware
10.735,-0.16,-0.996,0.818,70.125,47.875,-5.75,566.014912848966,fall_sitting,fall,6,real_hardware
10.74,-0.126,-1.005,0.835,50.125,38.375,-5.25,566.014912848966,fall_sitting,fall,6,real_hardware
10.745,-0.134,-0.97,0.808,47.5,33.5,-14.25,566.014912848966,fall_sitting,fall,6,real_hardware
10.75,-0.164,-0.912,0.761,49.0,30.125,-7.125,566.0304018950051,fall_sitting,fall,6,real_hardware
10.755,-0.197,-0.841,0.697,37.5,21.375,-5.875,566.0304018950051,fall_sitting,fall,6,real_hardware
10.76,-0.244,-0.779,0.628,51.625,12.75,-7.0,566.0304018950051,fall_sitting,fall,6,real_hardware
10.765,-0.289,-0.742,0.585,60.375,3.375,-3.75,566.0304018950051,fall_sitting,fall,6,real_hardware
10.77,-0.314,-0.695,0.58,57.625,-6.125,-2.25,566.014912848966,fall_sitting,fall,6,real_hardware
10.775,-0.306,-0.666,0.591,59.75,-12.125,-6.375,566.014912848966,fall_sitting,fall,6,real_hardware
10.78,-0.283,-0.638,0.628,63.875,-7.0,-0.375,566.014912848966,fall_sitting,fall,6,real_hardware
10.785,-0.267,-0.636,0.675,58.5,-18.75,-4.875,565.9944303091437,fall_sitting,fall,6,real_hardware
10.79,-0.265,-0.642,0.722,53.875,-21.875,2.375,565.9944303091437,fall_sitting,fall,6,real_hardware
10.795,-0.269,-0.677,0.732,54.5,-15.75,3.875,565.9944303091437,fall_sitting,fall,6,real_hardware
10.8,-0.277,-0.71,0.742,56.75,-12.0,2.25,565.978941416737,fall_sitting,fall,6,real_hardware
10.805,-0.283,-0.744,0.748,66.375,-12.625,11.875,565.9634525328457,fall_sitting,fall,6,real_hardware
10.81,-0.271,-0.767,0.718,59.25,-17.75,6.625,565.9739481063239,fall_sitting,fall,6,real_hardware
10.815,-0.24,-0.787,0.687,52.5,-21.125,3.25,565.9739481063239,fall_sitting,fall,6,real_hardware
10.82,-0.21,-0.816,0.642,57.125,-21.625,9.25,565.9689548511942,fall_sitting,fall,6,real_hardware
10.825,-0.181,-0.83,0.613,61.625,-18.5,11.75,565.9689548511942,fall_sitting,fall,6,real_hardware
10.83,-0.185,-0.818,0.583,65.25,-20.5,15.5,565.9689548511942,fall_sitting,fall,6,real_hardware
10.835,-0.224,-0.798,0.578,65.875,-13.75,12.25,565.9389964813477,fall_sitting,fall,6,real_hardware
10.84,-0.273,-0.779,0.564,68.375,-13.375,14.625,565.943989404785,fall_sitting,fall,6,real_hardware
10.845,-0.31,-0.763,0.56,68.5,-7.75,7.25,565.953975417503,fall_sitting,fall,6,real_hardware
10.85,-0.351,-0.751,0.57,67.625,-10.0,5.25,565.9589685067843,fall_sitting,fall,6,real_hardware
10.855,-0.371,-0.744,0.574,60.75,-10.875,1.0,565.9589685067843,fall_sitting,fall,6,real_hardware
10.86,-0.398,-0.742,0.589,63.375,-10.0,9.0,565.9639616513479,fall_sitting,fall,6,real_hardware
10.865,-0.412,-0.732,0.593,62.375,-7.0,-4.5,565.9689548511942,fall_sitting,fall,6,real_hardware
10.87,-0.408,-0.701,0.597,53.375,-3.0,4.625,565.9689548511942,fall_sitting,fall,6,real_hardware
10.875,-0.398,-0.656,0.591,59.875,2.75,-5.5,565.9689548511942,fall_sitting,fall,6,real_hardware
10.88,-0.369,-0.634,0.595,51.5,1.75,-1.5,565.9689548511942,fall_sitting,fall,6,real_hardware
10.885,-0.328,-0.603,0.587,51.0,5.5,-9.5,565.9739481063239,fall_sitting,fall,6,real_hardware
10.89,-0.291,-0.583,0.58,51.625,1.75,1.125,565.9894368621303,fall_sitting,fall,6,real_hardware
10.895,-0.257,-0.601,0.609,57.75,4.375,-2.75,565.9894368621303,fall_sitting,fall,6,real_hardware
10.9,-0.21,-0.611,0.65,50.0,0.125,3.375,565.9894368621303,fall_sitting,fall,6,real_hardware
10.905,-0.169,-0.609,0.673,59.125,2.625,-1.75,565.9894368621303,fall_sitting,fall,6,real_hardware
10.91,-0.107,-0.595,0.712,56.25,3.75,1.0,565.9894368621303,fall_sitting,fall,6,real_hardware
10.915,-0.089,-0.591,0.732,52.375,-9.75,8.375,565.9844434704022,fall_sitting,fall,6,real_hardware
10.92,-0.078,-0.597,0.746,63.5,6.125,3.625,565.9999320981252,fall_sitting,fall,6,real_hardware
10.925,-0.06,-0.609,0.767,66.75,4.25,11.75,565.9844434704022,fall_sitting,fall,6,real_hardware
10.93,-0.048,-0.615,0.773,69.0,-3.625,11.75,565.9844434704022,fall_sitting,fall,6,real_hardware
10.935,-0.054,-0.615,0.763,66.0,-3.875,3.625,565.9844434704022,fall_sitting,fall,6,real_hardware
10.94,-0.074,-0.615,0.751,66.0,-4.5,15.875,565.9844434704022,fall_sitting,fall,6,real_hardware
10.945,-0.089,-0.628,0.748,69.0,-12.125,16.875,565.9999320981252,fall_sitting,fall,6,real_hardware
10.95,-0.097,-0.623,0.738,74.75,-1.625,17.5,566.0049256264522,fall_sitting,fall,6,real_hardware
10.955,-0.111,-0.609,0.744,69.875,-11.625,23.25,565.9844434704022,fall_sitting,fall,6,real_hardware
10.96,-0.121,-0.585,0.738,75.375,-6.25,19.25,565.9894368621303,fall_sitting,fall,6,real_hardware
10.965,-0.148,-0.552,0.728,85.625,1.25,28.25,565.9894368621303,fall_sitting,fall,6,real_hardware
10.97,-0.183,-0.513,0.714,82.375,-14.125,30.375,565.9944303091437,fall_sitting,fall,6,real_hardware
10.975,-0.21,-0.466,0.708,85.75,-25.25,34.75,565.9944303091437,fall_sitting,fall,6,real_hardware
10.98,-0.25,-0.435,0.722,83.5,-24.125,31.625,565.9894368621303,fall_sitting,fall,6,real_hardware
10.985,-0.275,-0.406,0.732,96.0,-22.875,23.875,565.9894368621303,fall_sitting,fall,6,real_hardware
10.99,-0.298,-0.396,0.74,86.875,-28.5,33.375,565.9894368621303,fall_sitting,fall,6,real_hardware
10.995,-0.287,-0.38,0.732,94.125,-23.625,21.25,565.9894368621303,fall_sitting,fall,6,real_hardware
11.0,-0.269,-0.382,0.728,100.0,-29.0,23.0,565.9944303091437,fall_sitting,fall,6,real_hardware
11.005,-0.25,-0.384,0.707,94.25,-30.375,25.75,565.9944303091437,fall_sitting,fall,6,real_hardware
11.01,-0.23,-0.388,0.679,98.75,-32.0,31.625,565.978941416737,fall_sitting,fall,6,real_hardware
11.015,-0.212,-0.388,0.644,100.875,-31.5,19.0,565.978941416737,fall_sitting,fall,6,real_hardware
11.02,-0.181,-0.406,0.599,104.625,-31.5,21.375,565.978941416737,fall_sitting,fall,6,real_hardware
11.025,-0.173,-0.425,0.57,101.875,-27.0,28.375,565.978941416737,fall_sitting,fall,6,real_hardware
11.03,-0.177,-0.451,0.558,105.125,-17.625,24.75,565.978941416737,fall_sitting,fall,6,real_hardware
11.035,-0.197,-0.466,0.554,99.25,-23.125,28.25,565.9839347824343,fall_sitting,fall,6,real_hardware
11.04,-0.212,-0.458,0.566,108.375,-13.75,22.875,565.9839347824343,fall_sitting,fall,6,real_hardware
11.045,-0.246,-0.458,0.585,110.375,-6.875,26.125,565.9839347824343,fall_sitting,fall,6,real_hardware
11.05,-0.281,-0.474,0.599,116.5,-0.25,14.5,565.9839347824343,fall_sitting,fall,6,real_hardware
11.055,-0.306,-0.488,0.625,129.625,0.375,22.75,565.9839347824343,fall_sitting,fall,6,real_hardware
11.06,-0.333,-0.5,0.646,116.375,7.625,17.75,565.9994238114425,fall_sitting,fall,6,real_hardware
11.065,-0.332,-0.501,0.667,123.375,9.125,13.875,565.9994238114425,fall_sitting,fall,6,real_hardware
11.07,-0.324,-0.494,0.666,114.0,15.625,15.5,565.9994238114425,fall_sitting,fall,6,real_hardware
11.075,-0.314,-0.457,0.669,109.75,15.5,3.875,565.9994238114425,fall_sitting,fall,6,real_hardware
11.08,-0.248,-0.423,0.662,112.625,14.75,7.5,565.9894368621303,fall_sitting,fall,6,real_hardware
11.085,-0.208,-0.394,0.628,120.875,17.75,1.875,565.9894368621303,fall_sitting,fall,6,real_hardware
11.09,-0.181,-0.365,0.623,117.0,10.625,1.0,565.9894368621303,fall_sitting,fall,6,real_hardware
11.095,-0.13,-0.353,0.605,129.375,12.625,6.5,565.9894368621303,fall_sitting,fall,6,real_hardware
11.1,-0.066,-0.363,0.589,127.375,2.5,7.125,565.9894368621303,fall_sitting,fall,6,real_hardware
11.105,-0.019,-0.369,0.576,125.5,10.625,5.375,565.9894368621303,fall_sitting,fall,6,real_hardware
11.11,0.019,-0.404,0.57,125.625,-0.875,10.5,566.0099192100656,fall_sitting,fall,6,real_hardware
11.115,0.027,-0.447,0.568,130.25,-2.875,10.5,566.0099192100656,fall_sitting,fall,6,real_hardware
11.12,0.041,-0.49,0.552,123.0,-2.375,14.0,566.0099192100656,fall_sitting,fall,6,real_hardware
11.125,0.052,-0.496,0.521,128.75,-9.875,5.75,566.025408119503,fall_sitting,fall,6,real_hardware
11.13,0.068,-0.476,0.464,122.0,-9.75,11.5,566.0099192100656,fall_sitting,fall,6,real_hardware
11.135,0.078,-0.447,0.421,124.125,-14.25,18.625,566.0099192100656,fall_sitting,fall,6,real_hardware
11.14,0.08,-0.449,0.359,125.875,-20.0,18.625,566.0099192100656,fall_sitting,fall,6,real_hardware
11.145,0.091,-0.464,0.33,124.125,-23.75,20.25,566.0099192100656,fall_sitting,fall,6,real_hardware
11.15,0.115,-0.48,0.3,118.125,-32.5,25.625,566.0099192100656,fall_sitting,fall,6,real_hardware
11.155,0.156,-0.482,0.267,109.875,-41.125,30.875,566.025408119503,fall_sitting,fall,6,real_hardware
11.16,0.218,-0.449,0.24,111.375,-36.625,31.375,566.0099192100656,fall_sitting,fall,6,real_hardware
11.165,0.263,-0.408,0.236,108.125,-42.625,36.5,566.025408119503,fall_sitting,fall,6,real_hardware
11.17,0.306,-0.369,0.261,105.625,-54.5,32.25,566.025408119503,fall_sitting,fall,6,real_hardware
11.175,0.33,-0.333,0.324,104.875,-61.5,35.75,566.025408119503,fall_sitting,fall,6,real_hardware
11.18,0.347,-0.308,0.421,90.0,-69.875,43.5,566.025408119503,fall_sitting,fall,6,real_hardware
11.185,0.353,-0.259,0.49,85.625,-78.875,48.625,566.025408119503,fall_sitting,fall,6,real_hardware
11.19,0.339,-0.189,0.572,89.625,-101.0,47.125,566.025408119503,fall_sitting,fall,6,real_hardware
11.195,0.308,-0.13,0.667,65.25,-115.125,58.25,566.025408119503,fall_sitting,fall,6,real_hardware
11.2,0.277,-0.062,0.828,64.75,-131.0,58.625,566.025408119503,fall_sitting,fall,6,real_hardware
11.205,0.279,0.042,0.937,59.125,-149.875,58.875,566.0408970374558,fall_sitting,fall,6,real_hardware
11.21,0.291,0.132,1.048,63.5,-161.25,67.75,566.0408970374558,fall_sitting,fall,6,real_hardware
11.215,0.294,0.257,1.167,74.75,-172.625,77.25,566.0408970374558,fall_sitting,fall,6,real_hardware
11.22,0.314,0.281,1.279,81.25,-159.25,91.5,566.025408119503,fall_sitting,fall,6,real_hardware
11.225,0.31,0.207,1.394,85.0,-163.125,98.875,566.025408119503,fall_sitting,fall,6,real_hardware
11.23,0.275,0.015,1.484,75.125,-154.375,108.0,566.025408119503,fall_sitting,fall,6,real_hardware
11.235,0.181,-0.255,1.539,62.125,-156.5,97.875,566.0408970374558,fall_sitting,fall,6,real_hardware
11.24,0.015,-0.533,1.617,46.75,-156.875,100.25,566.025408119503,fall_sitting,fall,6,real_hardware
11.245,-0.119,-0.626,1.656,24.875,-170.25,98.125,566.025408119503,fall_sitting,fall,6,real_hardware
11.25,-0.226,-0.597,1.677,10.75,-169.375,97.75,566.025408119503,fall_sitting,fall,6,real_hardware
11.255,-0.283,-0.513,1.675,-0.125,-185.625,94.25,566.025408119503,fall_sitting,fall,6,real_hardware
11.26,-0.312,-0.408,1.689,-9.75,-201.0,90.375,566.025408119503,fall_sitting,fall,6,real_hardware
11.265,-0.291,-0.291,1.722,-23.5,-200.25,79.0,566.025408119503,fall_sitting,fall,6,real_hardware
11.27,-0.255,-0.152,1.712,-28.375,-199.375,82.25,566.025408119503,fall_sitting,fall,6,real_hardware
11.275,-0.222,0.025,1.656,-30.625,-202.375,76.625,566.0099192100656,fall_sitting,fall,6,real_hardware
11.28,-0.191,0.23,1.484,-22.0,-189.75,67.25,566.0099192100656,fall_sitting,fall,6,real_hardware
11.285,-0.171,0.394,1.343,-18.625,-188.875,76.75,566.0099192100656,fall_sitting,fall,6,real_hardware
11.29,-0.115,0.494,1.214,-14.75,-172.75,70.875,566.025408119503,fall_sitting,fall,6,real_hardware
11.295,-0.05,0.525,1.126,1.875,-176.125,71.75,566.025408119503,fall_sitting,fall,6,real_hardware
11.3,-0.001,0.525,1.074,0.125,-176.375,70.5,566.025408119503,fall_sitting,fall,6,real_hardware
11.305,0.027,0.488,1.089,13.0,-167.25,63.625,566.025408119503,fall_sitting,fall,6,real_hardware
11.31,0.125,0.412,1.08,6.875,-177.75,61.875,566.0304018950051,fall_sitting,fall,6,real_hardware
11.315,0.265,0.343,1.076,15.75,-177.875,47.625,566.025408119503,fall_sitting,fall,6,real_hardware
11.32,0.402,0.302,1.091,5.125,-188.75,50.25,566.025408119503,fall_sitting,fall,6,real_hardware
11.325,0.544,0.287,1.146,5.375,-201.625,46.875,566.025408119503,fall_sitting,fall,6,real_hardware
11.33,0.597,0.296,1.181,0.625,-199.375,40.625,566.0359031806415,fall_sitting,fall,6,real_hardware
11.335,0.607,0.33,1.197,-2.0,-209.875,39.5,566.025408119503,fall_sitting,fall,6,real_hardware
11.34,0.554,0.369,1.177,10.125,-220.0,39.0,566.025408119503,fall_sitting,fall,6,real_hardware
11.345,0.498,0.419,1.142,15.625,-228.875,39.625,566.025408119503,fall_sitting,fall,6,real_hardware
11.35,0.455,0.439,1.138,16.0,-225.75,37.625,566.025408119503,fall_sitting,fall,6,real_hardware
11.355,0.402,0.4,1.134,21.25,-232.75,38.125,566.025408119503,fall_sitting,fall,6,real_hardware
11.36,0.365,0.353,1.142,18.75,-230.5,41.125,566.0408970374558,fall_sitting,fall,6,real_hardware
11.365,0.328,0.287,1.164,20.125,-232.5,37.5,566.0408970374558,fall_sitting,fall,6,real_hardware
11.37,0.316,0.199,1.175,18.5,-232.125,35.75,566.0408970374558,fall_sitting,fall,6,real_hardware
11.375,0.289,0.123,1.177,12.0,-225.375,20.75,566.0359031806415,fall_sitting,fall,6,real_hardware
11.38,0.23,0.095,1.175,1.375,-237.0,27.625,566.051391970509,fall_sitting,fall,6,real_hardware
11.385,0.146,0.074,1.156,-1.25,-243.125,33.5,566.051391970509,fall_sitting,fall,6,real_hardware
11.39,0.082,0.064,1.095,7.5,-237.5,16.375,566.051391970509,fall_sitting,fall,6,real_hardware
11.395,0.056,0.091,1.039,5.125,-234.5,23.75,566.051391970509,fall_sitting,fall,6,real_hardware
11.4,0.054,0.107,0.984,0.0,-224.25,22.875,566.051391970509,fall_sitting,fall,6,real_hardware
11.405,0.07,0.121,0.943,1.875,-214.0,23.625,566.0463980323848,fall_sitting,fall,6,real_hardware
11.41,0.078,0.144,0.935,7.25,-203.625,32.125,566.0463980323848,fall_sitting,fall,6,real_hardware
11.415,0.082,0.14,0.929,14.125,-195.25,24.75,566.0463980323848,fall_sitting,fall,6,real_hardware
11.42,0.083,0.117,0.919,9.625,-186.75,21.875,566.0309093791166,fall_sitting,fall,6,real_hardware
11.425,0.111,0.109,0.919,9.5,-180.875,12.75,566.0463980323848,fall_sitting,fall,6,real_hardware
11.43,0.16,0.074,0.894,10.5,-182.625,16.875,566.0309093791166,fall_sitting,fall,6,real_hardware
11.435,0.212,0.041,0.871,8.0,-186.125,20.25,566.0159283062725,fall_sitting,fall,6,real_hardware
11.44,0.283,0.027,0.853,13.375,-189.875,14.875,566.0364103220065,fall_sitting,fall,6,real_hardware
11.445,0.396,-0.009,0.859,22.375,-193.875,9.5,566.0414041495508,fall_sitting,fall,6,real_hardware
11.45,0.566,-0.07,0.859,15.375,-193.625,13.375,566.0463980323848,fall_sitting,fall,6,real_hardware
11.455,0.714,-0.052,0.865,8.625,-202.75,12.625,566.0618866941683,fall_sitting,fall,6,real_hardware
11.46,0.892,-0.021,0.882,9.875,-210.0,10.875,566.0618866941683,fall_sitting,fall,6,real_hardware
11.465,0.98,0.042,0.88,7.125,-202.125,6.875,566.0463980323848,fall_sitting,fall,6,real_hardware
11.47,1.078,0.078,0.859,17.375,-211.125,8.125,566.0463980323848,fall_sitting,fall,6,real_hardware
11.475,1.126,0.111,0.914,19.25,-209.5,1.875,566.0463980323848,fall_sitting,fall,6,real_hardware
11.48,1.179,0.144,0.957,12.125,-211.875,4.625,566.051391970509,fall_sitting,fall,6,real_hardware
11.485,1.242,0.111,0.912,17.375,-216.375,-4.625,566.051391970509,fall_sitting,fall,6,real_hardware
11.49,1.322,0.054,0.818,20.75,-233.75,-1.25,566.051391970509,fall_sitting,fall,6,real_hardware
11.495,1.375,0.064,0.753,28.25,-254.75,-2.75,566.056385963924,fall_sitting,fall,6,real_hardware
11.5,1.386,0.093,0.689,28.625,-269.0,4.0,566.056385963924,fall_sitting,fall,6,real_hardware
11.505,1.378,0.13,0.677,22.75,-277.375,-4.375,566.0768690842157,fall_sitting,fall,6,real_hardware
11.51,1.277,0.126,0.837,12.0,-252.25,-7.25,566.0768690842157,fall_sitting,fall,6,real_hardware
11.515,1.312,0.011,0.908,0.0,-256.5,-16.5,566.0768690842157,fall_sitting,fall,6,real_hardware
11.52,1.429,0.207,0.814,20.125,-278.125,-20.375,566.056385963924,fall_sitting,fall,6,real_hardware
11.525,1.283,0.457,0.667,30.125,-284.375,-29.0,566.0718748989075,fall_sitting,fall,6,real_hardware
11.53,1.134,0.378,0.818,49.75,-265.75,-19.375,566.0718748989075,fall_sitting,fall,6,real_hardware
11.535,1.156,0.13,0.765,51.75,-255.0,-2.875,566.0718748989075,fall_sitting,fall,6,real_hardware
11.54,1.214,-0.123,0.519,45.25,-251.75,-8.0,566.056385963924,fall_sitting,fall,6,real_hardware
11.545,1.341,-0.156,0.373,43.875,-259.25,-6.875,566.0718748989075,fall_sitting,fall,6,real_hardware
11.55,1.494,-0.033,0.25,45.625,-257.375,-18.25,566.0264228327852,fall_sitting,fall,6,real_hardware
11.555,1.703,0.085,0.224,36.375,-255.625,-22.125,566.0314165497515,fall_sitting,fall,6,real_hardware
11.56,1.857,0.238,0.191,49.875,-257.875,-37.5,566.0364103220065,fall_sitting,fall,6,real_hardware
11.565,1.884,0.341,0.197,50.875,-220.0,-17.25,566.0568926747362,fall_sitting,fall,6,real_hardware
11.57,1.82,0.33,0.246,57.0,-182.875,-8.5,566.0618866941683,fall_sitting,fall,6,real_hardware
11.575,1.599,0.103,0.291,46.5,-121.375,5.625,566.0618866941683,fall_sitting,fall,6,real_hardware
11.58,1.283,-0.035,0.193,35.375,-72.0,16.625,566.0618866941683,fall_sitting,fall,6,real_hardware
11.585,1.183,-0.074,0.175,25.375,-34.5,27.25,566.0463980323848,fall_sitting,fall,6,real_hardware
11.59,1.126,-0.085,-0.019,0.25,14.875,44.75,566.0259156328802,fall_sitting,fall,6,real_hardware
11.595,0.994,0.029,-0.091,-7.0,33.75,64.375,566.0114420136141,fall_sitting,fall,6,real_hardware
11.6,0.919,0.08,-0.261,-18.625,43.625,67.875,566.0059412008139,fall_sitting,fall,6,real_hardware
11.605,0.898,0.123,-0.376,-16.375,47.5,74.75,566.0264228327852,fall_sitting,fall,6,real_hardware
11.61,0.966,0.173,-0.548,-18.625,28.875,84.75,566.0314165497515,fall_sitting,fall,6,real_hardware
11.615,0.947,0.189,-0.515,-4.25,26.25,86.375,566.0518987105954,fall_sitting,fall,6,real_hardware
11.62,1.0,0.136,-0.494,-4.25,29.75,89.75,566.0568926747362,fall_sitting,fall,6,real_hardware
11.625,1.039,0.115,-0.535,-1.625,22.75,99.5,566.0568926747362,fall_sitting,fall,6,real_hardware
11.63,0.988,0.085,-0.566,-2.125,43.0,96.0,566.0568926747362,fall_sitting,fall,6,real_hardware
11.635,0.871,-0.013,-0.537,-6.5,42.375,94.25,566.0463980323848,fall_sitting,fall,6,real_hardware
11.64,0.769,-0.064,-0.462,-6.875,51.875,92.25,566.0668807688919,fall_sitting,fall,6,real_hardware
11.645,0.644,-0.08,-0.433,-1.875,47.875,84.125,566.0668807688919,fall_sitting,fall,6,real_hardware
11.65,0.509,-0.066,-0.394,-11.0,22.375,84.375,566.0618866941683,fall_sitting,fall,6,real_hardware
11.655,0.453,-0.048,-0.396,-7.5,-13.25,78.875,566.0463980323848,fall_sitting,fall,6,real_hardware
11.66,0.363,-0.052,-0.353,-5.25,-60.375,62.625,566.0309093791166,fall_sitting,fall,6,real_hardware
11.665,0.376,-0.07,-0.312,-1.25,-108.25,59.75,566.0154207343634,fall_sitting,fall,6,real_hardware
11.67,0.447,-0.089,-0.263,-0.125,-140.625,52.875,566.0359031806415,fall_sitting,fall,6,real_hardware
11.675,0.541,-0.119,-0.234,-1.875,-167.5,44.125,566.0204143992892,fall_sitting,fall,6,real_hardware
11.68,0.681,-0.148,-0.23,-2.375,-179.0,40.625,566.0204143992892,fall_sitting,fall,6,real_hardware
11.685,0.726,-0.169,-0.218,-7.75,-173.75,34.125,566.0049256264522,fall_sitting,fall,6,real_hardware
11.69,0.748,-0.179,-0.259,-19.375,-182.25,44.625,565.9944303091437,fall_sitting,fall,6,real_hardware
11.695,0.804,-0.16,-0.308,-20.625,-162.125,34.375,565.9944303091437,fall_sitting,fall,6,real_hardware
11.7,0.851,-0.132,-0.367,-18.875,-156.875,46.375,565.9944303091437,fall_sitting,fall,6,real_hardware
11.705,0.894,-0.107,-0.402,-16.5,-151.125,42.875,565.9944303091437,fall_sitting,fall,6,real_hardware
11.71,0.925,-0.08,-0.423,-18.625,-143.5,48.75,565.9944303091437,fall_sitting,fall,6,real_hardware
11.715,0.943,-0.05,-0.447,-19.75,-132.875,50.375,565.9994238114425,fall_sitting,fall,6,real_hardware
11.72,0.96,-0.044,-0.46,-12.5,-115.5,52.625,565.978941416737,fall_sitting,fall,6,real_hardware
11.725,1.005,-0.048,-0.462,-14.625,-110.125,59.125,565.978941416737,fall_sitting,fall,6,real_hardware
11.73,1.08,-0.074,-0.486,-10.625,-109.375,65.75,565.978941416737,fall_sitting,fall,6,real_hardware
11.735,1.179,-0.095,-0.47,-8.625,-95.75,55.625,565.978941416737,fall_sitting,fall,6,real_hardware
11.74,1.222,-0.128,-0.496,-16.25,-82.5,62.375,565.978941416737,fall_sitting,fall,6,real_hardware
11.745,1.275,-0.123,-0.47,-20.75,-79.5,60.875,565.978941416737,fall_sitting,fall,6,real_hardware
11.75,1.214,-0.158,-0.505,-20.125,-57.5,60.0,565.9634525328457,fall_sitting,fall,6,real_hardware
11.755,1.212,-0.158,-0.458,-10.0,-40.25,63.25,565.9634525328457,fall_sitting,fall,6,real_hardware
11.76,1.136,-0.193,-0.435,-5.75,-28.625,61.125,565.9634525328457,fall_sitting,fall,6,real_hardware
11.765,1.078,-0.216,-0.39,-12.375,-15.875,64.625,565.9429706202563,fall_sitting,fall,6,real_hardware
11.77,0.972,-0.275,-0.365,-13.375,-9.5,66.5,565.9429706202563,fall_sitting,fall,6,real_hardware
11.775,0.835,-0.335,-0.353,-12.625,-11.375,61.625,565.9479636574699,fall_sitting,fall,6,real_hardware
11.78,0.804,-0.363,-0.349,-14.0,-21.25,57.625,565.9324747906096,fall_sitting,fall,6,real_hardware
11.785,0.767,-0.376,-0.349,-16.375,-32.25,54.875,565.9274818899955,fall_sitting,fall,6,real_hardware
11.79,0.753,-0.38,-0.337,-10.0,-35.5,48.75,565.9274818899955,fall_sitting,fall,6,real_hardware
11.795,0.765,-0.384,-0.353,-13.625,-32.25,54.375,565.9274818899955,fall_sitting,fall,6,real_hardware
11.8,0.781,-0.376,-0.376,-7.25,-32.75,39.375,565.9169859322644,fall_sitting,fall,6,real_hardware
11.805,0.787,-0.365,-0.392,-2.625,-32.5,37.25,565.9274818899955,fall_sitting,fall,6,real_hardware
11.81,0.798,-0.345,-0.38,-10.125,-40.75,42.625,565.9324747906096,fall_sitting,fall,6,real_hardware
11.815,0.783,-0.308,-0.353,-3.5,-42.0,32.75,565.9169859322644,fall_sitting,fall,6,real_hardware
11.82,0.781,-0.287,-0.33,-1.75,-29.625,35.625,565.9169859322644,fall_sitting,fall,6,real_hardware
11.825,0.763,-0.263,-0.316,-3.125,-26.875,36.375,565.9274818899955,fall_sitting,fall,6,real_hardware
11.83,0.767,-0.226,-0.291,1.25,-18.0,25.875,565.9274818899955,fall_sitting,fall,6,real_hardware
11.835,0.773,-0.236,-0.277,5.0,-20.375,30.25,565.9429706202563,fall_sitting,fall,6,real_hardware
11.84,0.767,-0.242,-0.25,14.125,-26.625,26.875,565.9429706202563,fall_sitting,fall,6,real_hardware
11.845,0.798,-0.251,-0.216,7.375,-21.5,27.75,565.9429706202563,fall_sitting,fall,6,real_hardware
11.85,0.808,-0.259,-0.183,11.25,-33.25,24.5,565.9429706202563,fall_sitting,fall,6,real_hardware
11.855,0.849,-0.283,-0.171,12.75,-34.75,18.25,565.9479636574699,fall_sitting,fall,6,real_hardware
11.86,0.875,-0.285,-0.15,15.625,-40.375,7.25,565.9479636574699,fall_sitting,fall,6,real_hardware
11.865,0.878,-0.296,-0.15,4.625,-46.125,17.0,565.9634525328457,fall_sitting,fall,6,real_hardware
11.87,0.896,-0.31,-0.16,4.625,-41.75,21.625,565.9584593590325,fall_sitting,fall,6,real_hardware
11.875,0.882,-0.335,-0.164,-1.875,-49.375,17.0,565.9584593590325,fall_sitting,fall,6,real_hardware
11.88,0.878,-0.363,-0.175,1.625,-43.625,16.375,565.9634525328457,fall_sitting,fall,6,real_hardware
11.885,0.863,-0.39,-0.201,7.0,-51.0,17.375,565.9584593590325,fall_sitting,fall,6,real_hardware
11.89,0.857,-0.427,-0.224,-8.125,-34.75,12.375,565.9739481063239,fall_sitting,fall,6,real_hardware
11.895,0.824,-0.466,-0.23,-7.75,-35.5,29.375,565.9739481063239,fall_sitting,fall,6,real_hardware
11.9,0.804,-0.496,-0.255,-5.125,-40.0,27.375,565.9739481063239,fall_sitting,fall,6,real_hardware
11.905,0.814,-0.511,-0.263,1.125,-35.75,20.5,565.978941416737,fall_sitting,fall,6,real_hardware
11.91,0.814,-0.525,-0.296,-4.5,-38.5,24.0,565.978941416737,fall_sitting,fall,6,real_hardware
11.915,0.82,-0.529,-0.312,1.0,-35.375,23.5,565.9944303091437,fall_sitting,fall,6,real_hardware
11.92,0.833,-0.537,-0.343,-11.5,-39.375,26.5,565.978941416737,fall_sitting,fall,6,real_hardware
11.925,0.82,-0.533,-0.351,-1.75,-31.625,18.5,565.978941416737,fall_sitting,fall,6,real_hardware
11.93,0.835,-0.529,-0.363,-12.125,-26.875,16.125,565.9739481063239,fall_sitting,fall,6,real_hardware
11.935,0.847,-0.558,-0.388,-7.0,-27.0,20.5,565.978941416737,fall_sitting,fall,6,real_hardware
11.94,0.828,-0.558,-0.392,-14.875,-20.125,16.125,565.978941416737,fall_sitting,fall,6,real_hardware
11.945,0.789,-0.554,-0.408,-7.125,-15.625,15.375,565.978941416737,fall_sitting,fall,6,real_hardware
11.95,0.761,-0.525,-0.404,-7.25,-4.875,15.75,565.978941416737,fall_sitting,fall,6,real_hardware
11.955,0.726,-0.484,-0.41,-8.75,-4.625,10.75,565.978941416737,fall_sitting,fall,6,real_hardware
11.96,0.699,-0.466,-0.41,1.875,-3.875,9.625,565.978941416737,fall_sitting,fall,6,real_hardware
11.965,0.693,-0.455,-0.4,3.0,-1.0,5.375,565.9839347824343,fall_sitting,fall,6,real_hardware
11.97,0.697,-0.453,-0.388,8.0,-4.75,10.375,565.978941416737,fall_sitting,fall,6,real_hardware
11.975,0.707,-0.449,-0.382,8.375,-1.625,-0.625,565.978941416737,fall_sitting,fall,6,real_hardware
11.98,0.734,-0.443,-0.359,4.375,0.5,4.875,565.9839347824343,fall_sitting,fall,6,real_hardware
11.985,0.748,-0.433,-0.351,-1.25,-6.0,-0.5,565.9839347824343,fall_sitting,fall,6,real_hardware
11.99,0.771,-0.421,-0.343,5.375,-2.25,1.625,565.9839347824343,fall_sitting,fall,6,real_hardware
11.995,0.785,-0.429,-0.333,0.5,-3.0,1.25,565.9839347824343,fall_sitting,fall,6,real_hardware
12.0,0.796,-0.439,-0.324,7.75,-8.0,4.125,565.9994238114425,fall_sitting,fall,6,real_hardware
12.005,0.798,-0.447,-0.318,-2.25,-0.875,1.75,565.9994238114425,fall_sitting,fall,6,real_hardware
12.01,0.798,-0.455,-0.304,-1.375,-5.125,-2.125,566.014912848966,fall_sitting,fall,6,real_hardware
12.015,0.794,-0.46,-0.298,-4.5,5.875,-4.0,566.014912848966,fall_sitting,fall,6,real_hardware
12.02,0.785,-0.458,-0.302,-5.625,3.625,-10.875,566.0099192100656,fall_sitting,fall,6,real_hardware
12.025,0.785,-0.445,-0.304,-4.5,8.5,-1.625,566.0099192100656,fall_sitting,fall,6,real_hardware
12.03,0.783,-0.431,-0.31,-8.0,7.0,-4.5,566.0099192100656,fall_sitting,fall,6,real_hardware
12.035,0.779,-0.414,-0.32,-11.625,6.375,-1.625,566.0099192100656,fall_sitting,fall,6,real_hardware
12.04,0.781,-0.388,-0.337,-9.375,5.25,-7.875,566.0049256264522,fall_sitting,fall,6,real_hardware
12.045,0.783,-0.373,-0.339,-6.125,6.375,-13.625,566.0049256264522,fall_sitting,fall,6,real_hardware
12.05,0.783,-0.357,-0.345,-7.25,-1.625,-6.5,566.0049256264522,fall_sitting,fall,6,real_hardware
12.055,0.796,-0.341,-0.351,-3.625,-0.75,-13.625,565.9999320981252,fall_sitting,fall,6,real_hardware
12.06,0.812,-0.33,-0.351,3.375,-2.0,-7.0,565.9999320981252,fall_sitting,fall,6,real_hardware
12.065,0.824,-0.324,-0.359,-4.375,-0.125,-4.0,565.9949386250842,fall_sitting,fall,6,real_hardware
12.07,0.835,-0.332,-0.361,0.75,4.5,-11.25,565.9794501339586,fall_sitting,fall,6,real_hardware
12.075,0.859,-0.339,-0.363,-1.0,4.75,-11.625,565.9899452073289,fall_sitting,fall,6,real_hardware
12.08,0.873,-0.341,-0.363,-0.625,1.25,-18.75,566.0054335703733,fall_sitting,fall,6,real_hardware
12.085,0.875,-0.363,-0.365,10.375,1.25,-12.375,566.0104271247249,fall_sitting,fall,6,real_hardware
12.09,0.867,-0.365,-0.375,6.25,7.25,-7.25,566.0309093791166,fall_sitting,fall,6,real_hardware
12.095,0.861,-0.376,-0.38,10.0,11.125,-22.125,566.0154207343634,fall_sitting,fall,6,real_hardware
12.1,0.839,-0.388,-0.378,5.0,11.875,-15.75,566.0359031806415,fall_sitting,fall,6,real_hardware
12.105,0.816,-0.396,-0.38,9.875,19.0,-25.125,566.0309093791166,fall_sitting,fall,6,real_hardware
12.11,0.806,-0.396,-0.38,-1.75,15.25,-13.625,566.0463980323848,fall_sitting,fall,6,real_hardware
12.115,0.798,-0.384,-0.39,6.5,22.875,-28.625,566.051391970509,fall_sitting,fall,6,real_hardware
12.12,0.789,-0.378,-0.388,1.75,25.0,-16.375,566.051391970509,fall_sitting,fall,6,real_hardware
12.125,0.791,-0.365,-0.402,2.375,16.625,-20.375,566.0359031806415,fall_sitting,fall,6,real_hardware
12.13,0.8,-0.355,-0.404,1.25,18.75,-19.5,566.051391970509,fall_sitting,fall,6,real_hardware
12.135,0.808,-0.349,-0.396,3.625,38.375,-16.375,566.0309093791166,fall_sitting,fall,6,real_hardware
12.14,0.822,-0.345,-0.392,7.375,30.375,-25.5,566.0463980323848,fall_sitting,fall,6,real_hardware
12.145,0.857,-0.341,-0.369,7.25,26.625,-20.25,566.0309093791166,fall_sitting,fall,6,real_hardware
12.15,0.88,-0.328,-0.339,3.375,34.875,-18.375,566.0309093791166,fall_sitting,fall,6,real_hardware
12.155,0.91,-0.32,-0.31,15.0,41.375,-25.5,566.0309093791166,fall_sitting,fall,6,real_hardware
12.16,0.931,-0.312,-0.267,6.5,39.375,-24.0,566.0309093791166,fall_sitting,fall,6,real_hardware
12.165,0.947,-0.3,-0.242,-2.375,29.75,-12.875,566.0104271247249,fall_sitting,fall,6,real_hardware
12.17,0.953,-0.292,-0.212,4.25,30.25,-12.375,566.0104271247249,fall_sitting,fall,6,real_hardware
12.175,0.966,-0.292,-0.195,7.25,35.0,-17.5,565.9949386250842,fall_sitting,fall,6,real_hardware
12.18,0.964,-0.285,-0.185,-1.75,28.0,-19.75,565.9949386250842,fall_sitting,fall,6,real_hardware
12.185,0.966,-0.271,-0.187,4.0,29.625,-16.625,565.9949386250842,fall_sitting,fall,6,real_hardware
12.19,0.964,-0.275,-0.185,7.125,26.5,-11.375,565.9949386250842,fall_sitting,fall,6,real_hardware
12.195,0.96,-0.279,-0.187,7.5,27.625,-9.625,565.9949386250842,fall_sitting,fall,6,real_hardware
12.2,0.96,-0.283,-0.195,-2.75,22.25,-21.5,565.9949386250842,fall_sitting,fall,6,real_hardware
12.205,0.957,-0.291,-0.189,7.25,27.625,-15.75,566.0154207343634,fall_sitting,fall,6,real_hardware
12.21,0.935,-0.289,-0.197,7.0,22.375,-14.625,566.0154207343634,fall_sitting,fall,6,real_hardware
12.215,0.917,-0.291,-0.205,-1.875,28.375,-7.625,566.0154207343634,fall_sitting,fall,6,real_hardware
12.22,0.914,-0.298,-0.208,3.5,20.25,-19.75,566.0309093791166,fall_sitting,fall,6,real_hardware
12.225,0.9,-0.298,-0.21,-3.0,26.5,-10.25,566.0309093791166,fall_sitting,fall,6,real_hardware
12.23,0.894,-0.304,-0.226,2.625,27.0,-12.5,566.0154207343634,fall_sitting,fall,6,real_hardware
12.235,0.884,-0.308,-0.228,0.0,30.375,-5.375,566.0359031806415,fall_sitting,fall,6,real_hardware
12.24,0.878,-0.314,-0.226,6.0,22.875,-11.125,566.0359031806415,fall_sitting,fall,6,real_hardware
12.245,0.876,-0.32,-0.228,6.0,20.25,-15.875,566.0408970374558,fall_sitting,fall,6,real_hardware
12.25,0.88,-0.324,-0.232,4.75,20.5,-16.5,566.0359031806415,fall_sitting,fall,6,real_hardware
12.255,0.878,-0.322,-0.23,7.125,27.875,-12.375,566.051391970509,fall_sitting,fall,6,real_hardware
12.26,0.882,-0.33,-0.224,8.625,23.125,-9.875,566.051391970509,fall_sitting,fall,6,real_hardware
12.265,0.892,-0.335,-0.224,4.25,28.375,-14.0,566.051391970509,fall_sitting,fall,6,real_hardware
12.27,0.89,-0.337,-0.222,6.75,21.25,-16.0,566.0359031806415,fall_sitting,fall,6,real_hardware
12.275,0.9,-0.335,-0.228,8.25,23.25,-15.75,566.0359031806415,fall_sitting,fall,6,real_hardware
12.28,0.892,-0.332,-0.222,0.0,22.75,-18.0,566.0204143992892,fall_sitting,fall,6,real_hardware
12.285,0.902,-0.324,-0.222,3.625,32.125,-17.25,566.0204143992892,fall_sitting,fall,6,real_hardware
12.29,0.91,-0.316,-0.21,9.75,28.25,-28.375,566.0204143992892,fall_sitting,fall,6,real_hardware
12.295,0.904,-0.31,-0.212,0.625,28.125,-18.75,566.0204143992892,fall_sitting,fall,6,real_hardware
12.3,0.906,-0.298,-0.214,2.125,31.375,-19.25,566.0204143992892,fall_sitting,fall,6,real_hardware
12.305,0.912,-0.292,-0.21,8.5,27.125,-18.75,566.0408970374558,fall_sitting,fall,6,real_hardware
12.31,0.908,-0.281,-0.218,7.25,31.125,-21.0,566.0408970374558,fall_sitting,fall,6,real_hardware
12.315,0.906,-0.269,-0.218,9.75,30.875,-21.125,566.056385963924,fall_sitting,fall,6,real_hardware
12.32,0.908,-0.271,-0.21,10.0,24.5,-21.875,566.056385963924,fall_sitting,fall,6,real_hardware
12.325,0.908,-0.261,-0.207,13.125,29.75,-24.25,566.0613800126299,fall_sitting,fall,6,real_hardware
12.33,0.914,-0.269,-0.195,14.375,24.75,-22.5,566.0463980323848,fall_sitting,fall,6,real_hardware
12.335,0.914,-0.277,-0.193,9.125,34.375,-21.625,566.0668807688919,fall_sitting,fall,6,real_hardware
12.34,0.917,-0.283,-0.166,8.75,24.125,-22.125,566.0668807688919,fall_sitting,fall,6,real_hardware
12.345,0.917,-0.279,-0.162,13.625,29.25,-23.75,566.041910948185,fall_sitting,fall,6,real_hardware
12.35,0.917,-0.277,-0.15,11.75,37.625,-23.0,566.0314165497515,fall_sitting,fall,6,real_hardware
12.355,0.921,-0.273,-0.146,14.75,34.375,-24.875,566.0314165497515,fall_sitting,fall,6,real_hardware
12.36,0.925,-0.273,-0.148,5.75,32.75,-16.5,566.0364103220065,fall_sitting,fall,6,real_hardware
12.365,0.927,-0.275,-0.142,8.375,33.75,-28.875,566.0518987105954,fall_sitting,fall,6,real_hardware
12.37,0.943,-0.263,-0.14,10.5,31.375,-26.0,566.0364103220065,fall_sitting,fall,6,real_hardware
12.375,0.947,-0.265,-0.134,16.625,23.875,-31.0,566.0259156328802,fall_sitting,fall,6,real_hardware
12.38,0.953,-0.255,-0.123,13.625,32.25,-21.375,566.0259156328802,fall_sitting,fall,6,real_hardware
12.385,0.953,-0.253,-0.125,12.375,33.375,-22.875,566.0414041495508,fall_sitting,fall,6,real_hardware
12.39,0.96,-0.255,-0.121,5.75,35.625,-18.25,566.0414041495508,fall_sitting,fall,6,real_hardware
12.395,0.966,-0.253,-0.109,12.375,31.75,-24.375,566.0414041495508,fall_sitting,fall,6,real_hardware
12.4,0.968,-0.255,-0.109,7.625,28.75,-15.5,566.0414041495508,fall_sitting,fall,6,real_hardware
12.405,0.968,-0.25,-0.101,9.75,29.875,-22.625,566.0414041495508,fall_sitting,fall,6,real_hardware
12.41,0.97,-0.248,-0.099,0.25,32.375,-22.625,566.0568926747362,fall_sitting,fall,6,real_hardware
12.415,0.97,-0.242,-0.085,2.5,28.75,-19.25,566.0618866941683,fall_sitting,fall,6,real_hardware
12.42,0.974,-0.236,-0.085,2.0,30.75,-24.0,566.0618866941683,fall_sitting,fall,6,real_hardware
12.425,0.97,-0.228,-0.083,8.0,30.75,-19.25,566.0618866941683,fall_sitting,fall,6,real_hardware
12.43,0.976,-0.224,-0.072,4.125,28.375,-17.5,566.0463980323848,fall_sitting,fall,6,real_hardware
12.435,0.97,-0.23,-0.072,1.875,27.375,-18.5,566.0309093791166,fall_sitting,fall,6,real_hardware
12.44,0.966,-0.224,-0.074,-1.375,29.625,-16.625,566.0463980323848,fall_sitting,fall,6,real_hardware
12.445,0.962,-0.222,-0.074,3.625,36.625,-22.125,566.051391970509,fall_sitting,fall,6,real_hardware
12.45,0.964,-0.224,-0.074,2.75,30.625,-23.875,566.0359031806415,fall_sitting,fall,6,real_hardware
12.455,0.964,-0.22,-0.068,2.0,27.25,-16.75,566.051391970509,fall_sitting,fall,6,real_hardware
12.46,0.96,-0.218,-0.064,-0.625,27.5,-12.5,566.051391970509,fall_sitting,fall,6,real_hardware
12.465,0.962,-0.22,-0.06,3.5,29.875,-26.75,566.0408970374558,fall_sitting,fall,6,real_hardware
12.47,0.964,-0.222,-0.06,2.25,36.875,-24.25,566.056385963924,fall_sitting,fall,6,real_hardware
12.475,0.972,-0.212,-0.06,1.125,23.0,-14.75,566.0408970374558,fall_sitting,fall,6,real_hardware
12.48,0.966,-0.216,-0.06,-4.625,26.875,-16.25,566.056385963924,fall_sitting,fall,6,real_hardware
12.485,0.96,-0.21,-0.062,-1.625,27.125,-19.5,566.0408970374558,fall_sitting,fall,6,real_hardware
12.49,0.964,-0.22,-0.064,3.0,26.375,-17.0,566.0408970374558,fall_sitting,fall,6,real_hardware
12.495,0.957,-0.21,-0.06,2.875,36.5,-17.75,566.0458909495597,fall_sitting,fall,6,real_hardware
12.5,0.955,-0.21,-0.066,0.875,22.625,-21.0,566.0408970374558,fall_sitting,fall,6,real_hardware
12.505,0.949,-0.208,-0.058,4.875,22.625,-17.5,566.0458909495597,fall_sitting,fall,6,real_hardware
12.51,0.941,-0.214,-0.054,1.0,24.125,-20.0,566.0408970374558,fall_sitting,fall,6,real_hardware
12.515,0.939,-0.21,-0.06,-4.5,27.625,-14.5,566.056385963924,fall_sitting,fall,6,real_hardware
12.52,0.937,-0.212,-0.054,4.75,23.875,-22.125,566.056385963924,fall_sitting,fall,6,real_hardware
12.525,0.939,-0.214,-0.05,0.0,25.625,-19.25,566.0408970374558,fall_sitting,fall,6,real_hardware
12.53,0.947,-0.21,-0.042,-1.125,25.125,-26.625,566.0408970374558,fall_sitting,fall,6,real_hardware
12.535,0.958,-0.203,-0.041,7.75,26.0,-19.875,566.025408119503,fall_sitting,fall,6,real_hardware
12.54,0.958,-0.195,-0.035,6.25,20.375,-23.125,566.0408970374558,fall_sitting,fall,6,real_hardware
12.545,0.968,-0.193,-0.041,5.5,26.125,-16.125,566.0408970374558,fall_sitting,fall,6,real_hardware
12.55,0.968,-0.183,-0.023,8.0,30.75,-15.125,566.0408970374558,fall_sitting,fall,6,real_hardware
12.555,0.972,-0.177,-0.019,3.5,19.5,-17.125,566.025408119503,fall_sitting,fall,6,real_hardware
12.56,0.982,-0.171,-0.011,7.25,28.25,-22.125,566.025408119503,fall_sitting,fall,6,real_hardware
12.565,0.978,-0.16,-0.007,-1.375,19.125,-14.125,566.0408970374558,fall_sitting,fall,6,real_hardware
12.57,0.982,-0.164,-0.001,-2.375,25.75,-16.375,566.025408119503,fall_sitting,fall,6,real_hardware
12.575,0.984,-0.16,0.001,-3.75,19.75,-17.125,566.0309093791166,fall_sitting,fall,6,real_hardware
12.58,0.986,-0.158,0.003,4.125,27.125,-16.625,566.0309093791166,fall_sitting,fall,6,real_hardware
12.585,0.984,-0.156,0.001,1.25,20.25,-11.875,566.0309093791166,fall_sitting,fall,6,real_hardware
12.59,0.988,-0.158,0.007,-1.375,19.125,-22.375,566.0414041495508,fall_sitting,fall,6,real_hardware
12.595,0.986,-0.158,0.005,0.25,21.75,-15.75,566.0259156328802,fall_sitting,fall,6,real_hardware
12.6,0.988,-0.158,0.013,-1.25,22.25,-10.5,566.0259156328802,fall_sitting,fall,6,real_hardware
12.605,0.986,-0.158,0.017,0.5,16.125,-21.25,566.0259156328802,fall_sitting,fall,6,real_hardware
12.61,0.992,-0.16,0.029,6.375,19.625,-8.5,566.0209219419324,fall_sitting,fall,6,real_hardware
12.615,0.996,-0.162,0.021,-2.125,14.5,-10.375,566.0209219419324,fall_sitting,fall,6,real_hardware
12.62,1.001,-0.166,0.027,0.5,11.5,-9.5,566.0414041495508,fall_sitting,fall,6,real_hardware
12.625,1.001,-0.16,0.023,-4.25,13.25,-12.5,566.0414041495508,fall_sitting,fall,6,real_hardware
12.63,0.998,-0.162,0.023,2.375,15.375,-15.875,566.0414041495508,fall_sitting,fall,6,real_hardware
12.635,0.992,-0.156,0.033,-7.375,25.375,-9.0,566.0463980323848,fall_sitting,fall,6,real_hardware
12.64,0.992,-0.146,0.033,-5.125,11.125,-5.5,566.0463980323848,fall_sitting,fall,6,real_hardware
12.645,0.988,-0.15,0.021,-0.125,13.25,-9.25,566.0463980323848,fall_sitting,fall,6,real_hardware
12.65,0.99,-0.148,0.033,-2.0,11.875,-11.5,566.0463980323848,fall_sitting,fall,6,real_hardware
12.655,0.988,-0.15,0.031,1.625,10.625,-9.625,566.0463980323848,fall_sitting,fall,6,real_hardware
12.66,0.986,-0.148,0.031,-6.0,9.375,-8.0,566.051391970509,fall_sitting,fall,6,real_hardware
12.665,0.992,-0.16,0.029,-4.75,13.75,-0.375,566.051391970509,fall_sitting,fall,6,real_hardware
12.67,0.988,-0.16,0.039,2.875,9.125,-4.125,566.0618866941683,fall_sitting,fall,6,real_hardware
12.675,0.994,-0.167,0.027,-5.0,8.0,-14.125,566.0618866941683,fall_sitting,fall,6,real_hardware
12.68,1.0,-0.16,0.023,1.5,12.375,-6.25,566.0618866941683,fall_sitting,fall,6,real_hardware
12.685,0.994,-0.154,0.013,-5.125,9.5,-10.25,566.051391970509,fall_sitting,fall,6,real_hardware
12.69,0.99,-0.154,0.005,-6.625,9.125,-7.625,566.051391970509,fall_sitting,fall,6,real_hardware
12.695,0.984,-0.152,0.005,-6.0,5.0,-3.75,566.051391970509,fall_sitting,fall,6,real_hardware
12.7,0.982,-0.144,0.007,-5.0,12.875,-8.125,566.051391970509,fall_sitting,fall,6,real_hardware
12.705,0.974,-0.138,0.003,5.625,6.75,-1.875,566.051391970509,fall_sitting,fall,6,real_hardware
12.71,0.97,-0.142,0.005,4.25,16.625,-2.875,566.051391970509,fall_sitting,fall,6,real_hardware
12.715,0.96,-0.142,0.007,-1.375,17.125,-8.375,566.051391970509,fall_sitting,fall,6,real_hardware
12.72,0.955,-0.148,0.005,4.25,11.125,-4.125,566.051391970509,fall_sitting,fall,6,real_hardware
12.725,0.947,-0.152,0.009,-3.25,17.125,-0.5,566.051391970509,fall_sitting,fall,6,real_hardware
12.73,0.943,-0.152,0.007,-2.375,11.25,1.125,566.051391970509,fall_sitting,fall,6,real_hardware
12.735,0.943,-0.158,0.011,3.625,11.25,-2.875,566.051391970509,fall_sitting,fall,6,real_hardware
12.74,0.943,-0.152,0.013,-2.625,8.5,-3.25,566.056385963924,fall_sitting,fall,6,real_hardware
12.745,0.941,-0.154,0.015,0.0,8.5,-4.0,566.056385963924,fall_sitting,fall,6,real_hardware
12.75,0.947,-0.154,0.019,-3.5,6.375,-5.375,566.0613800126299,fall_sitting,fall,6,real_hardware
12.755,0.953,-0.148,0.021,0.25,6.875,-8.625,566.0613800126299,fall_sitting,fall,6,real_hardware
12.76,0.949,-0.142,0.023,-3.125,3.25,-8.0,566.056385963924,fall_sitting,fall,6,real_hardware
12.765,0.945,-0.142,0.021,5.375,2.75,-8.75,566.0408970374558,fall_sitting,fall,6,real_hardware
12.77,0.957,-0.142,0.029,4.375,5.375,-11.625,566.0408970374558,fall_sitting,fall,6,real_hardware
12.775,0.955,-0.148,0.042,-4.875,8.75,-2.125,566.0408970374558,fall_sitting,fall,6,real_hardware
12.78,0.958,-0.148,0.046,-4.625,9.375,-7.5,566.051391970509,fall_sitting,fall,6,real_hardware
12.785,0.96,-0.146,0.048,2.375,5.375,-0.125,566.051391970509,fall_sitting,fall,6,real_hardware
12.79,0.97,-0.146,0.054,2.0,7.625,-7.625,566.051391970509,fall_sitting,fall,6,real_hardware
12.795,0.97,-0.148,0.06,-1.125,7.5,-2.125,566.056385963924,fall_sitting,fall,6,real_hardware
12.8,0.98,-0.16,0.074,-5.75,7.625,3.125,566.056385963924,fall_sitting,fall,6,real_hardware
12.805,0.982,-0.152,0.074,-3.0,6.0,1.125,566.051391970509,fall_sitting,fall,6,real_hardware
12.81,0.988,-0.146,0.087,-10.875,-1.625,5.875,566.051391970509,fall_sitting,fall,6,real_hardware
12.815,0.986,-0.146,0.089,0.625,8.5,1.125,566.051391970509,fall_sitting,fall,6,real_hardware
12.82,0.992,-0.136,0.08,0.5,-2.0,1.625,566.0359031806415,fall_sitting,fall,6,real_hardware
12.825,0.996,-0.134,0.085,-6.25,2.5,-0.25,566.0359031806415,fall_sitting,fall,6,real_hardware
12.83,0.994,-0.125,0.078,-12.625,3.875,-6.0,566.025408119503,fall_sitting,fall,6,real_hardware
12.835,0.992,-0.126,0.076,-2.75,3.75,-7.25,566.025408119503,fall_sitting,fall,6,real_hardware
12.84,0.992,-0.123,0.07,3.125,-12.25,-1.625,566.025408119503,fall_sitting,fall,6,real_hardware
12.845,0.992,-0.125,0.068,5.25,-2.625,-0.125,566.0359031806415,fall_sitting,fall,6,real_hardware
12.85,0.988,-0.13,0.066,-1.375,2.625,-2.0,566.0259156328802,fall_sitting,fall,6,real_hardware
12.855,0.994,-0.123,0.066,-10.5,2.875,2.0,566.0414041495508,fall_sitting,fall,6,real_hardware
12.86,0.994,-0.126,0.058,-1.75,2.625,-10.0,566.0309093791166,fall_sitting,fall,6,real_hardware
12.865,0.988,-0.13,0.056,-9.375,-1.0,-2.375,566.0154207343634,fall_sitting,fall,6,real_hardware
12.87,0.984,-0.13,0.062,-0.75,4.25,-6.125,566.0309093791166,fall_sitting,fall,6,real_hardware
12.875,0.984,-0.132,0.066,2.5,-4.125,0.0,566.0359031806415,fall_sitting,fall,6,real_hardware
12.88,0.982,-0.136,0.06,0.0,-0.25,-0.75,566.0359031806415,fall_sitting,fall,6,real_hardware
12.885,0.976,-0.142,0.05,0.75,-4.125,1.0,566.0359031806415,fall_sitting,fall,6,real_hardware
12.89,0.98,-0.136,0.046,-5.0,1.625,1.375,566.0204143992892,fall_sitting,fall,6,real_hardware
12.895,0.982,-0.134,0.05,0.125,-6.625,1.875,566.0204143992892,fall_sitting,fall,6,real_hardware
12.9,0.976,-0.134,0.037,-0.375,1.625,2.5,566.0204143992892,fall_sitting,fall,6,real_hardware
12.905,0.976,-0.134,0.035,-5.125,1.875,-1.25,566.0359031806415,fall_sitting,fall,6,real_hardware
12.91,0.97,-0.14,0.041,6.25,-2.875,2.5,566.0204143992892,fall_sitting,fall,6,real_hardware
12.915,0.968,-0.148,0.019,-10.5,-5.0,3.875,566.0359031806415,fall_sitting,fall,6,real_hardware
12.92,0.964,-0.144,0.027,-2.875,-9.0,6.125,566.0463980323848,fall_sitting,fall,6,real_hardware
12.925,0.964,-0.15,0.031,-2.375,0.0,4.5,566.0463980323848,standing_up,adl,6,real_hardware
12.93,0.957,-0.154,0.031,-6.75,-5.5,-0.25,566.0214291711071,standing_up,adl,6,real_hardware
12.935,0.949,-0.154,0.027,5.25,-5.75,1.25,565.9759812112977,standing_up,adl,6,real_hardware
12.94,0.951,-0.154,0.033,7.75,-4.625,-1.0,565.9759812112977,standing_up,adl,6,real_hardware
12.945,0.947,-0.154,0.025,0.875,-0.625,5.0,565.970480237906,standing_up,adl,6,real_hardware
12.95,0.951,-0.156,0.015,1.5,-3.0,-7.375,565.9959543165014,standing_up,adl,6,real_hardware
12.955,0.951,-0.16,0.015,-3.375,-4.625,2.25,566.0059412008139,standing_up,adl,6,real_hardware
12.96,0.947,-0.166,0.021,0.25,-8.25,0.0,566.0159283062725,standing_up,adl,6,real_hardware
12.965,0.955,-0.167,0.013,8.125,-3.125,-2.75,566.0009477310147,standing_up,adl,6,real_hardware
12.97,0.955,-0.173,0.015,3.875,-3.375,-0.625,566.0264228327852,standing_up,adl,6,real_hardware
12.975,0.958,-0.169,0.019,-1.125,-5.375,-4.625,566.0264228327852,standing_up,adl,6,real_hardware
12.98,0.943,-0.167,0.007,-0.125,-1.0,4.0,566.0159283062725,standing_up,adl,6,real_hardware
12.985,0.935,-0.16,0.001,-3.375,3.75,-7.375,566.0209219419324,standing_up,adl,6,real_hardware
12.99,0.925,-0.154,-0.009,2.125,-4.75,-0.625,566.0259156328802,standing_up,adl,6,real_hardware
12.995,0.925,-0.148,-0.029,5.625,-4.5,-4.75,566.0309093791166,standing_up,adl,6,real_hardware
13.0,0.917,-0.152,-0.033,6.5,6.75,-11.875,566.0154207343634,standing_up,adl,6,real_hardware
13.005,0.916,-0.16,-0.058,11.25,4.875,-2.875,566.0359031806415,standing_up,adl,6,real_hardware
13.01,0.917,-0.171,-0.06,-0.625,0.0,-1.625,566.0359031806415,standing_up,adl,6,real_hardware
13.015,0.921,-0.189,-0.062,3.375,8.0,-1.75,566.0204143992892,standing_up,adl,6,real_hardware
13.02,0.917,-0.199,-0.064,2.125,12.125,-10.875,566.0204143992892,standing_up,adl,6,real_hardware
13.025,0.923,-0.216,-0.064,5.125,6.875,-3.25,566.0204143992892,standing_up,adl,6,real_hardware
13.03,0.931,-0.222,-0.048,1.5,15.625,-5.5,566.0204143992892,standing_up,adl,6,real_hardware
13.035,0.921,-0.22,-0.048,3.25,15.25,-9.0,566.0204143992892,standing_up,adl,6,real_hardware
13.04,0.917,-0.22,-0.039,3.375,16.0,-6.875,566.0359031806415,standing_up,adl,6,real_hardware
13.045,0.919,-0.214,-0.017,-2.875,13.25,-4.375,566.0359031806415,standing_up,adl,6,real_hardware
13.05,0.908,-0.201,-0.007,0.625,20.75,-12.375,566.0359031806415,standing_up,adl,6,real_hardware
13.055,0.908,-0.185,-0.003,0.5,20.625,-11.125,566.0154207343634,standing_up,adl,6,real_hardware
13.06,0.904,-0.173,-0.001,-5.125,22.125,-11.0,566.0154207343634,standing_up,adl,6,real_hardware
13.065,0.904,-0.154,0.003,-0.375,15.875,-15.375,566.0154207343634,standing_up,adl,6,real_hardware
13.07,0.91,-0.136,0.013,-13.5,15.375,-7.625,566.0359031806415,standing_up,adl,6,real_hardware
13.075,0.923,-0.117,0.019,-0.25,19.375,-15.875,566.0309093791166,standing_up,adl,6,real_hardware
13.08,0.925,-0.099,0.025,2.875,20.25,-12.875,566.0159283062725,standing_up,adl,6,real_hardware
13.085,0.939,-0.08,0.031,-1.625,15.75,-10.0,566.0054335703733,standing_up,adl,6,real_hardware
13.09,0.964,-0.058,0.033,3.0,6.5,-11.0,566.0209219419324,standing_up,adl,6,real_hardware
13.095,0.982,-0.039,0.039,-2.625,14.625,-13.625,566.0259156328802,standing_up,adl,6,real_hardware
13.1,0.998,-0.029,0.039,6.125,11.375,-4.75,566.0259156328802,standing_up,adl,6,real_hardware
13.105,1.019,-0.027,0.056,1.875,21.125,-12.5,566.0104271247249,standing_up,adl,6,real_hardware
13.11,1.042,-0.025,0.054,6.125,10.125,-7.0,565.9949386250842,standing_up,adl,6,real_hardware
13.115,1.048,-0.025,0.066,3.25,9.125,0.0,565.9999320981252,standing_up,adl,6,real_hardware
13.12,1.06,-0.019,0.083,1.375,11.625,-1.25,565.9999320981252,standing_up,adl,6,real_hardware
13.125,1.06,-0.009,0.091,4.875,11.25,0.75,566.0049256264522,standing_up,adl,6,real_hardware
13.13,1.066,-0.009,0.097,9.875,9.5,-3.25,566.0049256264522,standing_up,adl,6,real_hardware
13.135,1.06,-0.005,0.109,9.625,11.375,-2.375,566.0099192100656,standing_up,adl,6,real_hardware
13.14,1.058,-0.007,0.115,13.625,14.625,2.125,566.0099192100656,standing_up,adl,6,real_hardware
13.145,1.052,-0.017,0.109,2.625,23.0,10.125,565.9944303091437,standing_up,adl,6,real_hardware
13.15,1.052,-0.033,0.119,2.5,12.625,7.0,565.9944303091437,standing_up,adl,6,real_hardware
13.155,1.042,-0.05,0.121,2.75,16.125,-1.0,565.9944303091437,standing_up,adl,6,real_hardware
13.16,1.027,-0.072,0.123,8.0,13.25,-1.625,566.0099192100656,standing_up,adl,6,real_hardware
13.165,1.021,-0.087,0.125,0.625,10.75,3.375,566.0099192100656,standing_up,adl,6,real_hardware
13.17,1.003,-0.107,0.134,11.625,15.625,3.375,566.025408119503,standing_up,adl,6,real_hardware
13.175,1.001,-0.117,0.144,7.625,10.25,3.25,566.0049256264522,standing_up,adl,6,real_hardware
13.18,0.996,-0.117,0.142,-2.625,0.875,15.625,565.9894368621303,standing_up,adl,6,real_hardware
13.185,0.986,-0.121,0.152,0.25,0.375,11.125,565.9894368621303,standing_up,adl,6,real_hardware
13.19,0.986,-0.115,0.156,3.75,-3.625,2.875,565.9894368621303,standing_up,adl,6,real_hardware
13.195,0.98,-0.119,0.158,1.125,-5.75,4.375,565.9894368621303,standing_up,adl,6,real_hardware
13.2,0.974,-0.125,0.158,5.5,-3.625,9.375,565.9944303091437,standing_up,adl,6,real_hardware
13.205,0.97,-0.146,0.148,5.125,6.875,7.875,565.9944303091437,standing_up,adl,6,real_hardware
13.21,0.966,-0.169,0.138,3.5,-2.125,8.0,565.9944303091437,standing_up,adl,6,real_hardware
13.215,0.97,-0.185,0.15,-2.5,-4.375,1.625,565.9894368621303,standing_up,adl,6,real_hardware
13.22,0.976,-0.189,0.16,-5.125,-6.75,8.625,565.9894368621303,standing_up,adl,6,real_hardware
13.225,0.978,-0.187,0.15,-2.875,-10.5,6.75,565.9844434704022,standing_up,adl,6,real_hardware
13.23,0.984,-0.183,0.146,-10.75,-1.375,1.0,565.9689548511942,standing_up,adl,6,real_hardware
13.235,0.978,-0.175,0.132,6.375,-12.125,5.875,565.9739481063239,standing_up,adl,6,real_hardware
13.24,0.978,-0.164,0.125,-7.5,-4.875,7.25,565.9739481063239,standing_up,adl,6,real_hardware
13.245,0.97,-0.154,0.126,-6.0,-10.75,10.625,565.9894368621303,standing_up,adl,6,real_hardware
13.25,0.966,-0.148,0.119,-6.375,-9.5,3.375,565.9689548511942,standing_up,adl,6,real_hardware
13.255,0.962,-0.142,0.109,-5.125,-14.875,5.75,565.9689548511942,standing_up,adl,6,real_hardware
13.26,0.958,-0.142,0.115,-5.375,-11.75,3.375,565.9689548511942,standing_up,adl,6,real_hardware
13.265,0.964,-0.134,0.119,2.125,-14.125,6.875,565.9689548511942,standing_up,adl,6,real_hardware
13.27,0.968,-0.132,0.115,-7.875,-16.375,10.875,565.9689548511942,standing_up,adl,6,real_hardware
13.275,0.964,-0.125,0.103,7.125,-19.75,0.625,565.9689548511942,standing_up,adl,6,real_hardware
13.28,0.97,-0.113,0.093,0.625,-14.25,4.0,565.9689548511942,standing_up,adl,6,real_hardware
13.285,0.972,-0.111,0.078,2.75,-16.375,2.5,565.9689548511942,standing_up,adl,6,real_hardware
13.29,0.98,-0.101,0.064,-0.75,-16.625,4.25,565.9534662405015,standing_up,adl,6,real_hardware
13.295,0.982,-0.091,0.052,0.625,-15.75,12.75,565.9534662405015,standing_up,adl,6,real_hardware
13.3,0.984,-0.093,0.048,-5.75,-20.0,9.375,565.9689548511942,standing_up,adl,6,real_hardware
13.305,0.984,-0.087,0.052,0.875,-15.25,4.75,565.9689548511942,standing_up,adl,6,real_hardware
13.31,0.978,-0.095,0.05,13.75,-10.125,13.75,565.9639616513479,standing_up,adl,6,real_hardware
13.315,0.976,-0.107,0.042,2.875,-23.625,6.375,565.9434801692843,standing_up,adl,6,real_hardware
13.32,0.97,-0.121,0.035,7.75,-14.125,7.625,565.9434801692843,standing_up,adl,6,real_hardware
13.325,0.966,-0.125,0.019,-0.875,-8.5,10.125,565.9235086902164,standing_up,adl,6,real_hardware
13.33,0.966,-0.125,0.003,5.0,-15.5,8.375,565.9334943191905,standing_up,adl,6,real_hardware
13.335,0.953,-0.119,-0.013,2.25,-11.875,3.875,565.9384872165972,standing_up,adl,6,real_hardware
13.34,0.941,-0.115,-0.033,15.75,-9.25,8.5,565.9434801692843,standing_up,adl,6,real_hardware
13.345,0.933,-0.101,-0.035,11.0,-10.0,3.375,565.9434801692843,standing_up,adl,6,real_hardware
13.35,0.929,-0.083,-0.037,18.0,-10.375,-0.875,565.9434801692843,standing_up,adl,6,real_hardware
13.355,0.927,-0.07,-0.031,24.75,-7.375,6.125,565.927991840299,standing_up,adl,6,real_hardware
13.36,0.929,-0.062,-0.033,25.875,-15.0,7.25,565.927991840299,standing_up,adl,6,real_hardware
13.365,0.931,-0.054,-0.021,34.125,-16.5,0.0,565.927991840299,standing_up,adl,6,real_hardware
13.37,0.955,-0.064,-0.015,20.625,-6.75,8.125,565.927991840299,standing_up,adl,6,real_hardware
13.375,0.964,-0.078,-0.001,31.0,-15.5,6.125,565.927991840299,standing_up,adl,6,real_hardware
13.38,0.962,-0.078,-0.007,31.25,-11.25,7.0,565.927991840299,standing_up,adl,6,real_hardware
13.385,0.986,-0.082,-0.003,32.625,-15.75,6.375,565.927991840299,standing_up,adl,6,real_hardware
13.39,0.988,-0.095,-0.017,31.625,-17.125,12.125,565.927991840299,standing_up,adl,6,real_hardware
13.395,0.992,-0.097,-0.017,29.625,-19.5,9.875,565.9125035198285,standing_up,adl,6,real_hardware
13.4,0.986,-0.103,-0.019,34.625,-16.5,13.0,565.897015207873,standing_up,adl,6,real_hardware
13.405,0.99,-0.117,-0.029,27.875,-12.125,22.5,565.9020078060546,standing_up,adl,6,real_hardware
13.41,0.986,-0.126,-0.031,27.125,-14.75,3.25,565.9020078060546,standing_up,adl,6,real_hardware
13.415,0.986,-0.125,-0.025,26.75,-17.625,18.0,565.9020078060546,standing_up,adl,6,real_hardware
13.42,0.994,-0.136,-0.041,18.875,-19.875,29.625,565.8865193660187,standing_up,adl,6,real_hardware
13.425,1.005,-0.142,-0.037,26.625,-13.75,17.5,565.8865193660187,standing_up,adl,6,real_hardware
13.43,1.023,-0.16,-0.046,21.25,-15.375,22.875,565.8710309344975,standing_up,adl,6,real_hardware
13.435,1.025,-0.171,-0.033,27.75,-6.75,19.75,565.866038609506,standing_up,adl,6,real_hardware
13.44,1.009,-0.185,-0.011,27.875,-5.875,18.5,565.8710309344975,standing_up,adl,6,real_hardware
13.445,1.001,-0.189,-0.019,21.0,-7.5,11.25,565.8710309344975,standing_up,adl,6,real_hardware
13.45,0.978,-0.185,-0.015,17.25,-0.5,18.25,565.8865193660187,standing_up,adl,6,real_hardware
13.455,0.982,-0.105,-0.017,18.375,-4.5,13.0,565.8865193660187,standing_up,adl,6,real_hardware
13.46,0.919,-0.154,-0.017,21.25,-7.875,15.75,565.8710309344975,standing_up,adl,6,real_hardware
13.465,0.929,-0.15,-0.031,16.625,-2.625,22.5,565.8760233147636,standing_up,adl,6,real_hardware
13.47,0.931,-0.162,-0.033,20.75,-5.25,11.875,565.8760233147636,standing_up,adl,6,real_hardware
13.475,0.947,-0.167,-0.003,11.375,-8.0,13.625,565.8810157503044,standing_up,adl,6,real_hardware
13.48,0.96,-0.152,0.023,8.875,-7.25,16.625,565.8810157503044,standing_up,adl,6,real_hardware
13.485,0.966,-0.148,0.041,12.0,-1.125,20.25,565.8810157503044,standing_up,adl,6,real_hardware
13.49,0.976,-0.132,0.031,24.125,0.125,18.625,565.8655270541044,standing_up,adl,6,real_hardware
13.495,1.005,-0.109,0.023,16.625,0.125,31.75,565.8810157503044,standing_up,adl,6,real_hardware
13.5,1.033,-0.083,0.035,11.0,3.125,18.5,565.8655270541044,standing_up,adl,6,real_hardware
13.505,1.048,-0.078,0.033,25.375,3.125,30.5,565.8705194083217,standing_up,adl,6,real_hardware
13.51,1.07,-0.091,0.046,20.625,5.375,32.625,565.8705194083217,standing_up,adl,6,real_hardware
13.515,1.097,-0.105,0.033,28.125,0.25,33.25,565.8705194083217,standing_up,adl,6,real_hardware
13.52,1.085,-0.121,0.048,20.75,5.0,25.875,565.8860082411205,standing_up,adl,6,real_hardware
13.525,1.062,-0.128,0.076,19.125,8.375,31.625,565.8860082411205,standing_up,adl,6,real_hardware
13.53,1.041,-0.128,0.099,18.0,-1.375,32.125,565.8810157503044,standing_up,adl,6,real_hardware
13.535,1.007,-0.125,0.119,15.0,2.125,38.625,565.8810157503044,standing_up,adl,6,real_hardware
13.54,0.998,-0.134,0.146,13.25,0.875,38.0,565.8655270541044,standing_up,adl,6,real_hardware
13.545,1.011,-0.158,0.15,16.125,-3.375,44.0,565.8655270541044,standing_up,adl,6,real_hardware
13.55,1.017,-0.193,0.173,18.75,-8.125,36.875,565.8655270541044,standing_up,adl,6,real_hardware
13.555,1.068,-0.183,0.162,20.875,-11.75,40.25,565.8605347551613,standing_up,adl,6,real_hardware
13.56,1.08,-0.193,0.148,11.625,-13.75,37.75,565.8605347551613,standing_up,adl,6,real_hardware
13.565,1.085,-0.224,0.115,9.375,-7.125,31.875,565.8605347551613,standing_up,adl,6,real_hardware
13.57,1.07,-0.248,0.109,5.0,-3.5,35.125,565.8605347551613,standing_up,adl,6,real_hardware
13.575,1.041,-0.279,0.087,14.75,-6.875,39.0,565.8605347551613,standing_up,adl,6,real_hardware
13.58,1.001,-0.304,0.082,5.25,4.25,36.125,565.8605347551613,standing_up,adl,6,real_hardware
13.585,0.982,-0.322,0.074,1.625,-0.25,41.0,565.8555425114915,standing_up,adl,6,real_hardware
13.59,0.953,-0.333,0.089,11.875,-0.75,37.125,565.866038609506,standing_up,adl,6,real_hardware
13.595,0.925,-0.345,0.113,6.0,1.625,34.375,565.866038609506,standing_up,adl,6,real_hardware
13.6,0.916,-0.359,0.123,3.125,0.75,33.875,565.8610463397881,standing_up,adl,6,real_hardware
13.605,0.927,-0.337,0.121,3.875,8.5,45.5,565.866038609506,standing_up,adl,6,real_hardware
13.61,0.937,-0.318,0.103,-6.125,7.0,45.375,565.866038609506,standing_up,adl,6,real_hardware
13.615,0.958,-0.296,0.083,-5.875,1.625,39.5,565.866038609506,standing_up,adl,6,real_hardware
13.62,0.962,-0.275,0.027,-7.875,0.375,48.5,565.866038609506,standing_up,adl,6,real_hardware
13.625,0.97,-0.251,0.015,-4.5,8.0,46.375,565.8815269044321,standing_up,adl,6,real_hardware
13.63,0.98,-0.232,0.005,-8.5,5.75,62.0,565.8815269044321,standing_up,adl,6,real_hardware
13.635,0.976,-0.234,0.001,-5.875,11.625,44.75,565.8865193660187,standing_up,adl,6,real_hardware
13.64,0.972,-0.238,0.005,-3.75,5.375,55.625,565.8865193660187,standing_up,adl,6,real_hardware
13.645,0.968,-0.259,0.019,-6.875,11.5,55.75,565.8815269044321,standing_up,adl,6,real_hardware
13.65,0.953,-0.273,0.05,-14.125,2.625,54.875,565.8815269044321,standing_up,adl,6,real_hardware
13.655,0.947,-0.275,0.074,1.375,9.0,47.75,565.8710309344975,standing_up,adl,6,real_hardware
13.66,0.933,-0.283,0.078,-8.75,18.5,52.75,565.8710309344975,standing_up,adl,6,real_hardware
13.665,0.916,-0.275,0.056,-1.25,9.875,53.125,565.8760233147636,standing_up,adl,6,real_hardware
13.67,0.914,-0.257,0.025,-3.125,12.625,55.25,565.8560541253438,standing_up,adl,6,real_hardware
13.675,0.91,-0.255,0.0,-11.75,14.875,62.875,565.8610463397881,standing_up,adl,6,real_hardware
13.68,0.906,-0.251,-0.017,-10.875,9.5,57.0,565.866038609506,standing_up,adl,6,real_hardware
13.685,0.892,-0.269,-0.042,-8.625,15.875,56.125,565.8555425114915,standing_up,adl,6,real_hardware
13.69,0.875,-0.287,-0.056,-9.0,24.5,58.0,565.8760233147636,standing_up,adl,6,real_hardware
13.695,0.859,-0.304,-0.029,-12.875,17.0,57.625,565.8760233147636,standing_up,adl,6,real_hardware
13.7,0.835,-0.333,0.009,-12.75,17.0,57.125,565.8760233147636,standing_up,adl,6,real_hardware
13.705,0.806,-0.353,0.046,-17.0,17.5,50.25,565.8810157503044,standing_up,adl,6,real_hardware
13.71,0.82,-0.357,0.08,-12.875,20.75,54.125,565.8810157503044,standing_up,adl,6,real_hardware
13.715,0.837,-0.376,0.06,-18.875,21.25,57.5,565.8810157503044,standing_up,adl,6,real_hardware
13.72,0.839,-0.382,0.017,-14.625,14.375,57.625,565.8810157503044,standing_up,adl,6,real_hardware
13.725,0.861,-0.365,-0.027,-18.25,31.75,56.5,565.8810157503044,standing_up,adl,6,real_hardware
13.73,0.914,-0.335,-0.054,-15.375,24.75,58.875,565.8810157503044,standing_up,adl,6,real_hardware
13.735,0.957,-0.302,-0.083,-10.5,27.875,53.0,565.8860082411205,standing_up,adl,6,real_hardware
13.74,0.994,-0.298,-0.097,-8.75,27.125,57.0,565.8810157503044,standing_up,adl,6,real_hardware
13.745,1.015,-0.32,-0.109,-9.25,22.5,57.5,565.8655270541044,standing_up,adl,6,real_hardware
13.75,1.025,-0.332,-0.111,4.625,28.0,63.5,565.8655270541044,standing_up,adl,6,real_hardware
13.755,1.005,-0.345,-0.093,-0.625,27.125,54.375,565.8705194083217,standing_up,adl,6,real_hardware
13.76,1.005,-0.33,-0.085,-6.625,20.875,63.75,565.8655270541044,standing_up,adl,6,real_hardware
13.765,0.976,-0.333,-0.089,5.625,21.25,65.375,565.8655270541044,standing_up,adl,6,real_hardware
13.77,0.984,-0.335,-0.08,6.625,31.875,64.75,565.8655270541044,standing_up,adl,6,real_hardware
13.775,0.976,-0.353,-0.06,7.875,23.875,59.75,565.8655270541044,standing_up,adl,6,real_hardware
13.78,0.951,-0.371,-0.048,16.625,17.875,61.0,565.8655270541044,standing_up,adl,6,real_hardware
13.785,0.902,-0.412,-0.037,28.125,22.75,55.25,565.8655270541044,standing_up,adl,6,real_hardware
13.79,0.859,-0.445,-0.031,19.375,17.5,57.625,565.8655270541044,standing_up,adl,6,real_hardware
13.795,0.81,-0.458,-0.011,22.375,6.125,54.375,565.8655270541044,standing_up,adl,6,real_hardware
13.8,0.759,-0.505,0.029,24.25,5.875,53.125,565.8655270541044,standing_up,adl,6,real_hardware
13.805,0.687,-0.544,0.093,12.125,7.5,46.875,565.8655270541044,standing_up,adl,6,real_hardware
13.81,0.626,-0.576,0.152,8.125,0.375,47.875,565.8500383664199,standing_up,adl,6,real_hardware
13.815,0.599,-0.595,0.193,8.125,-2.625,41.625,565.8500383664199,standing_up,adl,6,real_hardware
13.82,0.582,-0.595,0.201,12.625,-5.25,41.125,565.8450462040742,standing_up,adl,6,real_hardware
13.825,0.58,-0.576,0.197,8.625,4.0,38.875,565.8400540970003,standing_up,adl,6,real_hardware
13.83,0.595,-0.574,0.199,9.875,1.125,36.625,565.8400540970003,standing_up,adl,6,real_hardware
13.835,0.597,-0.574,0.197,-4.125,8.375,34.5,565.8245656910242,standing_up,adl,6,real_hardware
13.84,0.603,-0.564,0.191,3.75,12.75,37.0,565.8245656910242,standing_up,adl,6,real_hardware
13.845,0.617,-0.542,0.191,2.375,10.0,25.5,565.8245656910242,standing_up,adl,6,real_hardware
13.85,0.638,-0.519,0.173,0.0,18.875,28.375,565.829557661502,standing_up,adl,6,real_hardware
13.855,0.646,-0.486,0.148,4.0,21.25,19.375,565.829557661502,standing_up,adl,6,real_hardware
13.86,0.662,-0.441,0.13,2.0,23.375,20.625,565.8190610165963,standing_up,adl,6,real_hardware
13.865,0.691,-0.427,0.142,5.125,22.625,17.375,565.8240529610172,standing_up,adl,6,real_hardware
13.87,0.728,-0.449,0.191,8.375,17.75,14.875,565.8395417682699,standing_up,adl,6,real_hardware
13.875,0.73,-0.492,0.207,-5.0,16.375,21.375,565.8345496872505,standing_up,adl,6,real_hardware
13.88,0.748,-0.496,0.236,8.125,26.75,16.375,565.8500383664199,standing_up,adl,6,real_hardware
13.885,0.824,-0.533,0.285,-5.75,17.75,15.625,565.8655270541044,standing_up,adl,6,real_hardware
13.89,0.863,-0.539,0.306,-1.625,14.125,17.25,565.8655270541044,standing_up,adl,6,real_hardware
13.895,0.875,-0.548,0.261,-4.625,20.25,15.625,565.8655270541044,standing_up,adl,6,real_hardware
13.9,1.011,-0.55,0.289,-12.125,16.625,20.5,565.8500383664199,standing_up,adl,6,real_hardware
13.905,0.955,-0.56,0.228,-11.625,11.125,20.875,565.8550305840381,standing_up,adl,6,real_hardware
13.91,0.941,-0.564,0.203,-6.875,7.5,25.25,565.8500383664199,standing_up,adl,6,real_hardware
13.915,0.886,-0.556,0.193,-12.0,-1.5,20.375,565.8500383664199,standing_up,adl,6,real_hardware
13.92,0.878,-0.554,0.203,-7.25,1.375,16.625,565.8500383664199,standing_up,adl,6,real_hardware
13.925,0.898,-0.548,0.197,-9.625,-1.0,26.875,565.8500383664199,standing_up,adl,6,real_hardware
13.93,0.845,-0.529,0.191,-5.375,1.125,20.125,565.8500383664199,standing_up,adl,6,real_hardware
13.935,0.855,-0.5,0.193,-7.75,-2.5,29.25,565.8550305840381,standing_up,adl,6,real_hardware
13.94,0.912,-0.503,0.191,-4.0,8.75,16.25,565.8550305840381,standing_up,adl,6,real_hardware
13.945,0.835,-0.511,0.187,-6.75,8.0,19.25,565.8500383664199,standing_up,adl,6,real_hardware
13.95,0.882,-0.503,0.191,-10.375,12.5,18.125,565.8550305840381,standing_up,adl,6,real_hardware
13.955,0.794,-0.501,0.167,-5.625,10.625,24.125,565.8550305840381,standing_up,adl,6,real_hardware
13.96,0.816,-0.49,0.162,-12.0,7.75,33.75,565.8500383664199,standing_up,adl,6,real_hardware
13.965,0.847,-0.478,0.152,-12.375,11.25,32.125,565.8500383664199,standing_up,adl,6,real_hardware
13.97,0.845,-0.474,0.132,-10.0,12.125,26.25,565.8500383664199,standing_up,adl,6,real_hardware
13.975,0.853,-0.486,0.107,-3.5,8.0,26.625,565.8500383664199,standing_up,adl,6,real_hardware
13.98,0.822,-0.5,0.083,-6.625,3.25,24.625,565.8655270541044,standing_up,adl,6,real_hardware
13.985,0.802,-0.515,0.093,-2.125,3.125,25.25,565.8500383664199,standing_up,adl,6,real_hardware
13.99,0.796,-0.541,0.101,5.0,1.375,35.125,565.8655270541044,standing_up,adl,6,real_hardware
13.995,0.791,-0.548,0.103,0.625,-2.125,36.625,565.8500383664199,standing_up,adl,6,real_hardware
14.0,0.783,-0.56,0.095,3.0,-2.625,28.875,565.8500383664199,standing_up,adl,6,real_hardware
14.005,0.765,-0.564,0.082,2.75,-1.0,33.0,565.8705194083217,standing_up,adl,6,real_hardware
14.01,0.763,-0.562,0.078,-4.75,3.5,33.875,565.8655270541044,standing_up,adl,6,real_hardware
14.015,0.757,-0.558,0.07,1.625,1.625,38.875,565.8550305840381,standing_up,adl,6,real_hardware
14.02,0.75,-0.574,0.064,4.625,5.375,31.375,565.8550305840381,standing_up,adl,6,real_hardware
14.025,0.763,-0.576,0.07,0.875,2.75,35.125,565.8550305840381,standing_up,adl,6,real_hardware
14.03,0.744,-0.617,0.05,-7.25,-3.375,46.875,565.8705194083217,standing_up,adl,6,real_hardware
14.035,0.662,-0.625,0.023,0.75,1.0,37.5,565.8705194083217,standing_up,adl,6,real_hardware
14.04,0.644,-0.658,0.025,1.125,9.5,37.5,565.8705194083217,standing_up,adl,6,real_hardware
14.045,0.615,-0.677,0.029,-7.625,4.875,37.875,565.8655270541044,standing_up,adl,6,real_hardware
14.05,0.626,-0.697,0.05,-7.0,10.625,34.25,565.8655270541044,standing_up,adl,6,real_hardware
14.055,0.605,-0.693,0.066,-10.375,12.25,33.75,565.8655270541044,standing_up,adl,6,real_hardware
14.06,0.642,-0.673,0.095,-12.0,20.0,30.5,565.8605347551613,standing_up,adl,6,real_hardware
14.065,0.648,-0.642,0.083,-12.5,20.75,34.25,565.8555425114915,standing_up,adl,6,real_hardware
14.07,0.73,-0.636,0.111,-15.75,19.25,37.5,565.8605347551613,standing_up,adl,6,real_hardware
14.075,0.767,-0.593,0.105,-5.375,19.375,32.125,565.8605347551613,standing_up,adl,6,real_hardware
14.08,0.791,-0.582,0.103,-13.75,24.625,35.0,565.8810157503044,standing_up,adl,6,real_hardware
14.085,0.81,-0.578,0.093,-14.125,26.75,31.875,565.8760233147636,standing_up,adl,6,real_hardware
14.09,0.824,-0.597,0.074,-18.375,34.625,33.375,565.8810157503044,standing_up,adl,6,real_hardware
14.095,0.808,-0.607,0.068,-11.0,30.75,35.125,565.8810157503044,standing_up,adl,6,real_hardware
14.1,0.783,-0.595,0.054,-22.75,22.875,33.625,565.8810157503044,standing_up,adl,6,real_hardware
14.105,0.783,-0.601,0.06,-21.0,30.5,30.375,565.8810157503044,standing_up,adl,6,real_hardware
14.11,0.781,-0.597,0.052,-19.75,21.875,34.875,565.8810157503044,standing_up,adl,6,real_hardware
14.115,0.777,-0.574,0.025,-13.0,33.375,38.125,565.8810157503044,standing_up,adl,6,real_hardware
14.12,0.775,-0.564,0.001,-17.5,24.25,40.375,565.8965044550196,standing_up,adl,6,real_hardware
14.125,0.775,-0.562,-0.019,0.625,26.625,32.75,565.8965044550196,standing_up,adl,6,real_hardware
14.13,0.757,-0.574,-0.015,-8.125,29.375,49.125,565.8815269044321,standing_up,adl,6,real_hardware
14.135,0.74,-0.576,-0.007,-3.75,22.375,48.875,565.8865193660187,standing_up,adl,6,real_hardware
14.14,0.718,-0.597,-0.009,-9.75,29.375,29.75,565.891511882881,standing_up,adl,6,real_hardware
14.145,0.699,-0.628,0.0,-13.125,24.875,44.0,565.891511882881,standing_up,adl,6,real_hardware
14.15,0.677,-0.644,0.013,-6.125,17.125,36.0,565.891511882881,standing_up,adl,6,real_hardware
14.155,0.662,-0.636,0.048,-7.875,12.375,31.0,565.8965044550196,standing_up,adl,6,real_hardware
14.16,0.671,-0.644,0.06,-14.75,19.125,36.25,565.8965044550196,standing_up,adl,6,real_hardware
14.165,0.679,-0.65,0.064,-5.625,17.375,31.625,565.8965044550196,standing_up,adl,6,real_hardware
14.17,0.669,-0.634,0.068,-3.375,27.375,32.25,565.8965044550196,standing_up,adl,6,real_hardware
14.175,0.679,-0.601,0.064,-8.625,25.375,37.75,565.8965044550196,standing_up,adl,6,real_hardware
14.18,0.687,-0.566,0.062,1.125,16.0,37.25,565.8965044550196,standing_up,adl,6,real_hardware
14.185,0.697,-0.562,0.068,-4.375,27.125,36.875,565.8965044550196,standing_up,adl,6,real_hardware
14.19,0.689,-0.589,0.097,3.125,24.0,40.25,565.8965044550196,standing_up,adl,6,real_hardware
14.195,0.669,-0.628,0.132,2.875,12.875,40.625,565.8965044550196,standing_up,adl,6,real_hardware
14.2,0.667,-0.677,0.15,-4.625,5.875,37.75,565.8965044550196,standing_up,adl,6,real_hardware
14.205,0.65,-0.699,0.173,-1.875,14.375,34.375,565.8860082411205,standing_up,adl,6,real_hardware
14.21,0.664,-0.712,0.181,-1.25,16.125,31.875,565.8860082411205,standing_up,adl,6,real_hardware
14.215,0.658,-0.705,0.173,3.125,21.25,44.125,565.8810157503044,standing_up,adl,6,real_hardware
14.22,0.654,-0.703,0.16,1.75,17.75,41.75,565.8810157503044,standing_up,adl,6,real_hardware
14.225,0.666,-0.714,0.144,-0.125,17.625,34.375,565.8810157503044,standing_up,adl,6,real_hardware
14.23,0.671,-0.712,0.13,3.25,21.25,35.875,565.8860082411205,standing_up,adl,6,real_hardware
14.235,0.664,-0.699,0.138,-2.25,19.375,35.625,565.8810157503044,standing_up,adl,6,real_hardware
14.24,0.648,-0.675,0.152,1.125,14.25,31.25,565.8810157503044,standing_up,adl,6,real_hardware
14.245,0.626,-0.673,0.181,3.25,18.875,34.75,565.8760233147636,standing_up,adl,6,real_hardware
14.25,0.619,-0.677,0.187,11.25,17.125,35.75,565.8605347551613,standing_up,adl,6,real_hardware
14.255,0.613,-0.677,0.193,6.0,23.125,30.0,565.8605347551613,standing_up,adl,6,real_hardware
14.26,0.605,-0.673,0.193,-1.0,27.5,39.125,565.8605347551613,standing_up,adl,6,real_hardware
14.265,0.601,-0.673,0.195,3.625,22.5,27.875,565.8605347551613,standing_up,adl,6,real_hardware
14.27,0.597,-0.687,0.191,2.25,29.375,38.375,565.8710309344975,standing_up,adl,6,real_hardware
14.275,0.583,-0.701,0.195,2.375,30.75,29.0,565.8555425114915,standing_up,adl,6,real_hardware
14.28,0.562,-0.718,0.205,4.375,27.75,31.5,565.8555425114915,standing_up,adl,6,real_hardware
14.285,0.533,-0.726,0.195,5.375,23.75,27.125,565.8555425114915,standing_up,adl,6,real_hardware
14.29,0.535,-0.726,0.193,8.75,19.125,24.25,565.8555425114915,standing_up,adl,6,real_hardware
14.295,0.541,-0.726,0.193,8.0,25.0,29.125,565.8605347551613,standing_up,adl,6,real_hardware
14.3,0.529,-0.734,0.175,10.875,15.5,28.25,565.8605347551613,standing_up,adl,6,real_hardware
14.305,0.544,-0.742,0.16,9.5,10.375,21.375,565.8605347551613,standing_up,adl,6,real_hardware
14.31,0.546,-0.744,0.166,10.0,15.375,29.125,565.8760233147636,standing_up,adl,6,real_hardware
14.315,0.552,-0.732,0.171,0.0,18.625,20.875,565.8810157503044,standing_up,adl,6,real_hardware
14.32,0.548,-0.744,0.179,5.875,20.125,12.125,565.8810157503044,standing_up,adl,6,real_hardware
14.325,0.552,-0.736,0.175,13.875,20.625,16.375,565.8810157503044,standing_up,adl,6,real_hardware
14.33,0.548,-0.728,0.177,4.375,19.625,26.0,565.8860082411205,standing_up,adl,6,real_hardware
14.335,0.546,-0.703,0.193,11.125,8.125,19.75,565.8860082411205,standing_up,adl,6,real_hardware
14.34,0.57,-0.707,0.21,13.75,25.5,26.375,565.8655270541044,standing_up,adl,6,real_hardware
14.345,0.582,-0.759,0.216,11.5,25.0,23.625,565.8605347551613,standing_up,adl,6,real_hardware
14.35,0.589,-0.789,0.205,13.125,26.0,29.375,565.8605347551613,standing_up,adl,6,real_hardware
14.355,0.64,-0.82,0.195,10.25,17.75,16.875,565.8605347551613,standing_up,adl,6,real_hardware
14.36,0.671,-0.832,0.193,6.625,20.625,21.0,565.8605347551613,standing_up,adl,6,real_hardware
14.365,0.65,-0.814,0.193,7.0,18.0,22.0,565.8655270541044,standing_up,adl,6,real_hardware
14.37,0.621,-0.826,0.175,7.25,18.375,8.75,565.8655270541044,standing_up,adl,6,real_hardware
14.375,0.583,-0.792,0.164,5.5,12.375,23.75,565.8810157503044,standing_up,adl,6,real_hardware
14.38,0.562,-0.775,0.162,-4.875,21.625,15.25,565.8810157503044,standing_up,adl,6,real_hardware
14.385,0.537,-0.761,0.16,5.25,20.625,12.75,565.8810157503044,standing_up,adl,6,real_hardware
14.39,0.542,-0.755,0.156,-1.5,19.75,22.875,565.8860082411205,standing_up,adl,6,real_hardware
14.395,0.572,-0.755,0.15,3.25,17.5,14.875,565.8860082411205,standing_up,adl,6,real_hardware
14.4,0.585,-0.734,0.15,-1.75,24.125,8.75,565.8860082411205,standing_up,adl,6,real_hardware
14.405,0.619,-0.726,0.148,0.0,6.875,15.625,565.8705194083217,standing_up,adl,6,real_hardware
14.41,0.626,-0.732,0.144,6.75,6.25,13.5,565.8705194083217,standing_up,adl,6,real_hardware
14.415,0.615,-0.724,0.138,3.75,11.75,14.0,565.8605347551613,standing_up,adl,6,real_hardware
14.42,0.566,-0.724,0.136,13.375,14.375,11.5,565.8810157503044,standing_up,adl,6,real_hardware
14.425,0.513,-0.748,0.138,13.0,12.5,15.875,565.8810157503044,standing_up,adl,6,real_hardware
14.43,0.48,-0.761,0.146,11.0,20.25,8.375,565.8810157503044,standing_up,adl,6,real_hardware
14.435,0.449,-0.777,0.156,17.875,18.25,7.125,565.8965044550196,standing_up,adl,6,real_hardware
14.44,0.429,-0.785,0.152,14.625,17.375,4.375,565.8965044550196,standing_up,adl,6,real_hardware
14.445,0.427,-0.783,0.166,19.625,11.625,9.0,565.8965044550196,standing_up,adl,6,real_hardware
14.45,0.455,-0.789,0.175,14.5,15.125,8.375,565.8965044550196,standing_up,adl,6,real_hardware
14.455,0.476,-0.783,0.185,16.5,14.375,4.125,565.8965044550196,standing_up,adl,6,real_hardware
14.46,0.507,-0.789,0.185,13.75,14.0,8.625,565.8965044550196,standing_up,adl,6,real_hardware
14.465,0.529,-0.781,0.177,22.375,18.375,1.125,565.891511882881,standing_up,adl,6,real_hardware
14.47,0.556,-0.796,0.185,17.75,14.375,0.5,565.891511882881,standing_up,adl,6,real_hardware
14.475,0.564,-0.818,0.183,25.125,19.5,6.625,565.891511882881,standing_up,adl,6,real_hardware
14.48,0.578,-0.822,0.189,15.375,20.75,1.0,565.9070004595135,standing_up,adl,6,real_hardware
14.485,0.56,-0.814,0.183,22.625,17.5,9.5,565.891511882881,standing_up,adl,6,real_hardware
14.49,0.552,-0.81,0.187,22.875,21.0,10.125,565.9070004595135,standing_up,adl,6,real_hardware
14.495,0.542,-0.792,0.187,18.375,13.5,14.375,565.9070004595135,standing_up,adl,6,real_hardware
14.5,0.548,-0.785,0.177,25.25,13.625,-2.125,565.9119931682499,standing_up,adl,6,real_hardware
14.505,0.533,-0.789,0.179,32.375,17.5,3.25,565.9119931682499,standing_up,adl,6,real_hardware
14.51,0.539,-0.785,0.173,32.875,18.375,-1.125,565.9119931682499,standing_up,adl,6,real_hardware
14.515,0.531,-0.804,0.173,27.375,13.375,6.75,565.9119931682499,standing_up,adl,6,real_hardware
14.52,0.537,-0.822,0.167,23.125,7.0,-1.125,565.9274818899955,standing_up,adl,6,real_hardware
14.525,0.541,-0.82,0.169,22.25,18.0,0.5,565.9274818899955,standing_up,adl,6,real_hardware
14.53,0.554,-0.808,0.177,25.125,15.25,3.5,565.9274818899955,standing_up,adl,6,real_hardware
14.535,0.568,-0.787,0.169,26.625,18.0,-2.875,565.9274818899955,standing_up,adl,6,real_hardware
14.54,0.574,-0.755,0.179,12.625,24.375,4.5,565.9429706202563,standing_up,adl,6,real_hardware
14.545,0.585,-0.734,0.185,22.5,11.125,-1.625,565.9379776383237,standing_up,adl,6,real_hardware
14.55,0.601,-0.703,0.187,18.0,21.125,-2.75,565.9379776383237,standing_up,adl,6,real_hardware
14.555,0.619,-0.705,0.187,13.5,31.875,5.625,565.9379776383237,standing_up,adl,6,real_hardware
14.56,0.632,-0.701,0.191,20.25,22.625,-4.5,565.9429706202563,standing_up,adl,6,real_hardware
14.565,0.65,-0.691,0.191,16.875,25.375,0.75,565.9379776383237,standing_up,adl,6,real_hardware
14.57,0.654,-0.675,0.205,17.0,17.125,7.875,565.9329847116713,standing_up,adl,6,real_hardware
14.575,0.658,-0.656,0.232,18.25,16.125,9.75,565.9229990242061,standing_up,adl,6,real_hardware
14.58,0.656,-0.662,0.255,30.75,13.875,8.125,565.927991840299,standing_up,adl,6,real_hardware
14.585,0.65,-0.666,0.269,25.375,17.0,9.0,565.927991840299,standing_up,adl,6,real_hardware
14.59,0.652,-0.689,0.304,30.0,20.25,16.75,565.9329847116713,standing_up,adl,6,real_hardware
14.595,0.65,-0.722,0.326,30.125,15.75,17.125,565.9329847116713,standing_up,adl,6,real_hardware
14.6,0.644,-0.751,0.349,35.0,20.125,12.75,565.9534662405015,standing_up,adl,6,real_hardware
14.605,0.658,-0.773,0.361,36.375,20.5,20.0,565.9534662405015,standing_up,adl,6,real_hardware
14.61,0.63,-0.802,0.382,50.625,27.875,26.125,565.9584593590325,standing_up,adl,6,real_hardware
14.615,0.607,-0.812,0.392,39.375,27.875,22.375,565.9584593590325,standing_up,adl,6,real_hardware
14.62,0.578,-0.82,0.402,35.375,30.75,24.625,565.9534662405015,standing_up,adl,6,real_hardware
14.625,0.542,-0.818,0.425,40.25,26.625,12.875,565.9584593590325,standing_up,adl,6,real_hardware
14.63,0.511,-0.8,0.464,30.5,22.75,23.0,565.9584593590325,standing_up,adl,6,real_hardware
14.635,0.503,-0.785,0.49,29.875,26.25,12.875,565.9739481063239,standing_up,adl,6,real_hardware
14.64,0.492,-0.781,0.515,30.375,18.5,17.5,565.9689548511942,standing_up,adl,6,real_hardware
14.645,0.507,-0.787,0.539,20.875,19.125,19.875,565.9689548511942,standing_up,adl,6,real_hardware
14.65,0.535,-0.81,0.527,16.125,18.25,16.5,565.9689548511942,standing_up,adl,6,real_hardware
14.655,0.558,-0.818,0.496,22.375,20.0,12.0,565.9689548511942,standing_up,adl,6,real_hardware
14.66,0.564,-0.839,0.443,20.625,23.5,8.375,565.9689548511942,standing_up,adl,6,real_hardware
14.665,0.546,-0.849,0.423,13.25,20.5,9.0,565.9689548511942,standing_up,adl,6,real_hardware
14.67,0.509,-0.871,0.357,18.375,19.625,11.375,565.9639616513479,standing_up,adl,6,real_hardware
14.675,0.464,-0.888,0.328,11.375,19.625,6.625,565.9639616513479,standing_up,adl,6,real_hardware
14.68,0.429,-0.884,0.314,22.375,27.625,2.25,565.9639616513479,standing_up,adl,6,real_hardware
14.685,0.404,-0.843,0.298,23.625,26.0,1.75,565.9639616513479,standing_up,adl,6,real_hardware
14.69,0.396,-0.812,0.31,22.875,40.875,-7.625,565.9639616513479,standing_up,adl,6,real_hardware
14.695,0.402,-0.765,0.326,27.125,40.0,-9.875,565.9434801692843,standing_up,adl,6,real_hardware
14.7,0.441,-0.736,0.337,37.75,44.0,-9.625,565.9434801692843,standing_up,adl,6,real_hardware
14.705,0.486,-0.705,0.339,29.125,54.5,-13.75,565.9639616513479,standing_up,adl,6,real_hardware
14.71,0.515,-0.689,0.341,28.0,44.125,-16.625,565.9484731772521,standing_up,adl,6,real_hardware
14.715,0.556,-0.654,0.335,32.25,49.5,-21.0,565.9639616513479,standing_up,adl,6,real_hardware
14.72,0.599,-0.634,0.343,32.75,50.875,-21.75,565.9639616513479,standing_up,adl,6,real_hardware
14.725,0.632,-0.644,0.367,36.125,53.625,-25.5,565.9689548511942,standing_up,adl,6,real_hardware
14.73,0.652,-0.681,0.419,31.875,50.875,-20.125,565.9689548511942,standing_up,adl,6,real_hardware
14.735,0.671,-0.74,0.515,36.0,55.875,-20.375,565.9689548511942,standing_up,adl,6,real_hardware
14.74,0.66,-0.783,0.576,34.5,57.125,-26.0,565.9689548511942,standing_up,adl,6,real_hardware
14.745,0.646,-0.83,0.591,33.5,46.125,-40.125,565.9689548511942,standing_up,adl,6,real_hardware
14.75,0.603,-0.859,0.607,33.75,50.25,-28.5,565.9739481063239,standing_up,adl,6,real_hardware
14.755,0.57,-0.876,0.609,19.75,51.5,-35.125,565.9739481063239,standing_up,adl,6,real_hardware
14.76,0.539,-0.843,0.597,21.875,55.125,-33.5,565.9689548511942,standing_up,adl,6,real_hardware
14.765,0.501,-0.804,0.583,13.375,47.875,-35.125,565.9534662405015,standing_up,adl,6,real_hardware
14.77,0.482,-0.767,0.574,16.75,49.5,-47.875,565.9689548511942,standing_up,adl,6,real_hardware
14.775,0.464,-0.716,0.566,28.125,51.25,-40.25,565.9689548511942,standing_up,adl,6,real_hardware
14.78,0.458,-0.683,0.55,30.75,54.75,-36.25,565.9689548511942,standing_up,adl,6,real_hardware
14.785,0.47,-0.66,0.529,12.375,52.75,-37.5,565.9689548511942,standing_up,adl,6,real_hardware
14.79,0.486,-0.632,0.509,17.125,51.25,-39.75,565.9689548511942,standing_up,adl,6,real_hardware
14.795,0.509,-0.603,0.496,32.0,60.625,-54.125,565.9844434704022,standing_up,adl,6,real_hardware
14.8,0.533,-0.589,0.501,29.125,62.75,-54.25,565.9844434704022,standing_up,adl,6,real_hardware
14.805,0.57,-0.589,0.501,36.375,67.0,-46.75,565.9844434704022,standing_up,adl,6,real_hardware
14.81,0.613,-0.601,0.478,35.0,64.0,-43.625,565.9744568527992,standing_up,adl,6,real_hardware
14.815,0.695,-0.679,0.503,32.0,59.375,-54.75,565.9744568527992,standing_up,adl,6,real_hardware
14.82,0.742,-0.724,0.496,29.125,50.75,-48.75,565.9744568527992,standing_up,adl,6,real_hardware
14.825,0.763,-0.75,0.537,34.375,57.125,-61.125,565.9589685067843,standing_up,adl,6,real_hardware
14.83,0.771,-0.763,0.542,32.875,50.375,-51.5,565.9744568527992,standing_up,adl,6,real_hardware
14.835,0.763,-0.765,0.605,44.375,67.875,-54.75,565.9744568527992,standing_up,adl,6,real_hardware
14.84,0.738,-0.783,0.646,37.25,57.75,-61.5,565.9794501339586,standing_up,adl,6,real_hardware
14.845,0.726,-0.785,0.658,38.0,58.375,-72.75,565.9744568527992,standing_up,adl,6,real_hardware
14.85,0.679,-0.779,0.677,30.75,52.25,-71.875,565.9744568527992,standing_up,adl,6,real_hardware
14.855,0.623,-0.757,0.675,35.75,43.75,-70.875,565.9744568527992,standing_up,adl,6,real_hardware
14.86,0.587,-0.757,0.685,33.25,40.375,-74.375,565.9589685067843,standing_up,adl,6,real_hardware
14.865,0.568,-0.748,0.673,27.375,41.5,-78.25,565.9639616513479,standing_up,adl,6,real_hardware
14.87,0.572,-0.714,0.667,25.25,44.125,-76.0,565.9794501339586,standing_up,adl,6,real_hardware
14.875,0.566,-0.683,0.697,27.5,54.625,-85.75,565.9844434704022,standing_up,adl,6,real_hardware
14.88,0.566,-0.626,0.708,30.375,62.625,-81.0,565.9689548511942,standing_up,adl,6,real_hardware
14.885,0.564,-0.572,0.708,25.0,60.875,-78.25,565.9844434704022,standing_up,adl,6,real_hardware
14.89,0.564,-0.537,0.699,24.125,71.875,-77.5,565.9894368621303,standing_up,adl,6,real_hardware
14.895,0.572,-0.515,0.667,36.75,68.875,-80.875,565.9739481063239,standing_up,adl,6,real_hardware
14.9,0.558,-0.503,0.626,39.875,69.875,-78.75,565.9739481063239,standing_up,adl,6,real_hardware
14.905,0.533,-0.523,0.583,36.875,77.25,-82.5,565.9739481063239,standing_up,adl,6,real_hardware
14.91,0.498,-0.562,0.558,41.0,66.125,-84.0,565.9739481063239,standing_up,adl,6,real_hardware
14.915,0.478,-0.595,0.546,36.5,71.125,-79.125,565.9634525328457,standing_up,adl,6,real_hardware
14.92,0.478,-0.613,0.539,33.25,80.25,-74.375,565.978941416737,standing_up,adl,6,real_hardware
14.925,0.474,-0.625,0.541,38.0,84.625,-88.875,565.9739481063239,standing_up,adl,6,real_hardware
14.93,0.48,-0.613,0.544,35.375,81.0,-84.25,565.9739481063239,standing_up,adl,6,real_hardware
14.935,0.486,-0.603,0.544,35.5,81.875,-90.5,565.9739481063239,standing_up,adl,6,real_hardware
14.94,0.498,-0.591,0.578,40.125,79.625,-88.125,565.9584593590325,standing_up,adl,6,real_hardware
14.945,0.498,-0.58,0.603,28.5,85.5,-98.875,565.9634525328457,standing_up,adl,6,real_hardware
14.95,0.492,-0.564,0.623,36.625,80.0,-91.625,565.9584593590325,standing_up,adl,6,real_hardware
14.955,0.482,-0.55,0.65,33.25,72.875,-89.625,565.978941416737,standing_up,adl,6,real_hardware
14.96,0.476,-0.531,0.658,30.875,78.875,-99.0,565.9634525328457,standing_up,adl,6,real_hardware
14.965,0.48,-0.496,0.656,24.375,71.625,-97.625,565.9634525328457,standing_up,adl,6,real_hardware
14.97,0.49,-0.468,0.648,28.0,78.5,-105.125,565.9479636574699,standing_up,adl,6,real_hardware
14.975,0.501,-0.431,0.644,28.125,79.625,-103.625,565.9584593590325,standing_up,adl,6,real_hardware
14.98,0.519,-0.388,0.646,29.625,79.5,-103.625,565.9584593590325,standing_up,adl,6,real_hardware
14.985,0.513,-0.359,0.642,25.375,78.625,-97.75,565.9584593590325,standing_up,adl,6,real_hardware
14.99,0.509,-0.343,0.64,31.0,75.125,-86.5,565.9584593590325,standing_up,adl,6,real_hardware
14.995,0.498,-0.341,0.628,32.25,82.75,-93.25,565.9584593590325,standing_up,adl,6,real_hardware
15.0,0.476,-0.343,0.625,26.25,90.125,-88.625,565.9584593590325,standing_up,adl,6,real_hardware
15.005,0.441,-0.351,0.611,22.25,87.5,-88.5,565.9429706202563,standing_up,adl,6,real_hardware
15.01,0.41,-0.367,0.583,22.625,88.5,-91.125,565.9534662405015,standing_up,adl,6,real_hardware
15.015,0.384,-0.38,0.576,26.75,85.75,-99.375,565.9429706202563,standing_up,adl,6,real_hardware
15.02,0.375,-0.361,0.58,27.0,73.625,-95.125,565.9379776383237,standing_up,adl,6,real_hardware
15.025,0.373,-0.349,0.591,31.125,74.0,-93.875,565.9379776383237,standing_up,adl,6,real_hardware
15.03,0.375,-0.335,0.615,26.5,76.75,-95.25,565.922489044661,standing_up,adl,6,real_hardware
15.035,0.392,-0.312,0.63,35.25,76.75,-107.75,565.9274818899955,standing_up,adl,6,real_hardware
15.04,0.402,-0.3,0.66,40.0,77.375,-106.25,565.9274818899955,standing_up,adl,6,real_hardware
15.045,0.414,-0.304,0.689,37.375,73.5,-104.25,565.9274818899955,standing_up,adl,6,real_hardware
15.05,0.417,-0.312,0.691,40.625,81.375,-104.625,565.9479636574699,standing_up,adl,6,real_hardware
15.055,0.41,-0.326,0.718,39.0,77.5,-103.375,565.9274818899955,standing_up,adl,6,real_hardware
15.06,0.398,-0.337,0.736,31.375,85.625,-101.25,565.9274818899955,standing_up,adl,6,real_hardware
15.065,0.365,-0.353,0.763,40.75,82.625,-108.5,565.9274818899955,standing_up,adl,6,real_hardware
15.07,0.345,-0.361,0.759,34.5,84.0,-109.25,565.9119931682499,standing_up,adl,6,real_hardware
15.075,0.349,-0.353,0.751,42.125,85.125,-115.625,565.9119931682499,standing_up,adl,6,real_hardware
15.08,0.359,-0.318,0.751,28.625,87.375,-110.125,565.9274818899955,standing_up,adl,6,real_hardware
15.085,0.386,-0.269,0.751,29.0,86.5,-118.125,565.922489044661,standing_up,adl,6,real_hardware
15.09,0.408,-0.214,0.751,27.5,81.125,-121.0,565.922489044661,standing_up,adl,6,real_hardware
15.095,0.414,-0.154,0.751,29.0,79.0,-110.875,565.9020078060546,standing_up,adl,6,real_hardware
15.1,0.419,-0.107,0.767,31.75,78.5,-119.75,565.9020078060546,standing_up,adl,6,real_hardware
15.105,0.427,-0.097,0.734,33.25,86.625,-121.5,565.9070004595135,standing_up,adl,6,real_hardware
15.11,0.429,-0.093,0.718,30.875,85.25,-118.125,565.922489044661,standing_up,adl,6,real_hardware
15.115,0.435,-0.095,0.72,35.5,90.625,-118.0,565.9070004595135,standing_up,adl,6,real_hardware
15.12,0.427,-0.076,0.728,29.25,87.0,-117.5,565.9070004595135,standing_up,adl,6,real_hardware
15.125,0.408,-0.048,0.736,32.875,89.0,-117.625,565.9070004595135,standing_up,adl,6,real_hardware
15.13,0.382,-0.023,0.742,30.125,91.875,-116.375,565.9119931682499,standing_up,adl,6,real_hardware
15.135,0.355,-0.005,0.759,23.125,82.25,-113.5,565.9070004595135,standing_up,adl,6,real_hardware
15.14,0.316,-0.011,0.761,28.75,84.375,-116.125,565.9119931682499,standing_up,adl,6,real_hardware
15.145,0.318,-0.019,0.732,29.875,87.5,-109.625,565.8965044550196,standing_up,adl,6,real_hardware
15.15,0.326,-0.019,0.726,33.875,80.375,-115.75,565.891511882881,standing_up,adl,6,real_hardware
15.155,0.349,-0.017,0.71,38.5,88.75,-120.25,565.8965044550196,standing_up,adl,6,real_hardware
15.16,0.365,0.001,0.71,47.125,87.5,-123.75,565.8965044550196,standing_up,adl,6,real_hardware
15.165,0.373,0.031,0.738,41.125,92.375,-107.375,565.8665498513218,standing_up,adl,6,real_hardware
15.17,0.404,0.029,0.751,48.5,95.0,-110.375,565.8610463397881,standing_up,adl,6,real_hardware
15.175,0.41,0.005,0.751,39.25,106.5,-111.5,565.8610463397881,standing_up,adl,6,real_hardware
15.18,0.402,-0.013,0.751,41.25,103.25,-114.75,565.866038609506,standing_up,adl,6,real_hardware
15.185,0.392,-0.052,0.753,37.875,100.375,-105.25,565.866038609506,standing_up,adl,6,real_hardware
15.19,0.367,-0.091,0.769,33.25,95.25,-110.25,565.8710309344975,standing_up,adl,6,real_hardware
15.195,0.347,-0.121,0.781,36.125,90.625,-110.375,565.8710309344975,standing_up,adl,6,real_hardware
15.2,0.347,-0.14,0.779,27.375,88.0,-100.25,565.8760233147636,standing_up,adl,6,real_hardware
15.205,0.359,-0.142,0.787,23.0,89.875,-107.5,565.8810157503044,standing_up,adl,6,real_hardware
15.21,0.375,-0.134,0.785,24.0,91.75,-103.375,565.8810157503044,standing_up,adl,6,real_hardware
15.215,0.394,-0.121,0.783,13.125,91.75,-109.125,565.8860082411205,standing_up,adl,6,real_hardware
15.22,0.41,-0.097,0.785,24.125,86.375,-100.125,565.8810157503044,standing_up,adl,6,real_hardware
15.225,0.406,-0.058,0.771,9.375,83.25,-98.25,565.8860082411205,standing_up,adl,6,real_hardware
15.23,0.382,-0.011,0.748,4.5,89.0,-97.0,565.8860082411205,standing_up,adl,6,real_hardware
15.235,0.353,0.019,0.734,-3.875,81.5,-97.375,565.8860082411205,standing_up,adl,6,real_hardware
15.24,0.312,0.031,0.73,-3.875,77.875,-88.0,565.8860082411205,standing_up,adl,6,real_hardware
15.245,0.291,0.041,0.722,-7.625,71.0,-84.75,565.8810157503044,standing_up,adl,6,real_hardware
15.25,0.277,0.039,0.74,-7.0,66.5,-78.875,565.8810157503044,standing_up,adl,6,real_hardware
15.255,0.296,0.001,0.74,-19.375,61.125,-87.25,565.8810157503044,standing_up,adl,6,real_hardware
15.26,0.322,-0.023,0.708,-15.75,56.375,-71.5,565.8810157503044,standing_up,adl,6,real_hardware
15.265,0.347,-0.027,0.689,-17.0,43.125,-63.875,565.8810157503044,standing_up,adl,6,real_hardware
15.27,0.406,0.033,0.691,-20.375,41.25,-68.5,565.8760233147636,standing_up,adl,6,real_hardware
15.275,0.458,0.072,0.714,-30.125,30.875,-68.375,565.8605347551613,standing_up,adl,6,real_hardware
15.28,0.496,0.107,0.751,-16.875,32.25,-68.75,565.8605347551613,standing_up,adl,6,real_hardware
15.285,0.505,0.115,0.769,-32.25,34.0,-53.5,565.8760233147636,standing_up,adl,6,real_hardware
15.29,0.478,0.14,0.789,-18.125,22.125,-59.25,565.8555425114915,standing_up,adl,6,real_hardware
15.295,0.406,0.158,0.792,-20.75,21.875,-55.375,565.8555425114915,standing_up,adl,6,real_hardware
15.3,0.326,0.167,0.814,-14.75,11.125,-58.375,565.8555425114915,standing_up,adl,6,real_hardware
15.305,0.261,0.156,0.847,-18.875,8.375,-55.375,565.8555425114915,standing_up,adl,6,real_hardware
15.31,0.152,0.111,0.89,-10.5,4.25,-49.25,565.8505503230948,standing_up,adl,6,real_hardware
15.315,0.06,0.054,0.949,-13.25,14.375,-50.5,565.840566112118,standing_up,adl,6,real_hardware
15.32,0.025,-0.003,0.992,-7.375,15.75,-51.5,565.840566112118,standing_up,adl,6,real_hardware
15.325,0.011,-0.064,1.021,-8.125,14.375,-50.5,565.8455581899703,standing_up,adl,6,real_hardware
15.33,-0.001,-0.111,1.066,-10.5,11.75,-55.375,565.8555425114915,standing_up,adl,6,real_hardware
15.335,-0.009,-0.136,1.078,-8.875,18.5,-51.5,565.8605347551613,standing_up,adl,6,real_hardware
15.34,-0.011,-0.136,1.082,-7.875,19.5,-49.625,565.8605347551613,standing_up,adl,6,real_hardware
15.345,-0.001,-0.132,1.074,-12.625,26.25,-41.875,565.8655270541044,standing_up,adl,6,real_hardware
15.35,0.019,-0.111,1.074,-14.0,22.25,-37.875,565.8705194083217,standing_up,adl,6,real_hardware
15.355,0.025,-0.103,1.06,-21.625,28.0,-42.5,565.8810157503044,standing_up,adl,6,real_hardware
15.36,0.027,-0.08,1.072,-15.625,28.75,-43.625,565.8810157503044,standing_up,adl,6,real_hardware
15.365,0.042,-0.066,1.072,-21.5,29.875,-42.625,565.8810157503044,standing_up,adl,6,real_hardware
15.37,0.054,-0.054,1.082,-21.375,26.5,-42.5,565.8860082411205,standing_up,adl,6,real_hardware
15.375,0.076,-0.05,1.095,-22.25,23.75,-43.75,565.8860082411205,standing_up,adl,6,real_hardware
15.38,0.095,-0.05,1.101,-23.875,26.5,-50.0,565.8860082411205,standing_up,adl,6,real_hardware
15.385,0.117,-0.052,1.101,-20.0,18.125,-51.5,565.8705194083217,standing_up,adl,6,real_hardware
15.39,0.152,-0.058,1.099,-19.875,24.375,-37.375,565.8705194083217,standing_up,adl,6,real_hardware
15.395,0.173,-0.066,1.087,-25.0,14.875,-41.25,565.8810157503044,standing_up,adl,6,real_hardware
15.4,0.191,-0.078,1.076,-24.625,5.375,-43.5,565.8605347551613,standing_up,adl,6,real_hardware
15.405,0.205,-0.089,1.05,-22.5,4.75,-48.875,565.8810157503044,standing_up,adl,6,real_hardware
15.41,0.203,-0.087,1.039,-21.125,5.375,-37.125,565.8810157503044,standing_up,adl,6,real_hardware
15.415,0.195,-0.107,1.019,-25.625,3.875,-38.125,565.8810157503044,standing_up,adl,6,real_hardware
15.42,0.175,-0.113,1.007,-18.5,9.5,-37.625,565.8810157503044,standing_up,adl,6,real_hardware
15.425,0.162,-0.126,0.996,-20.0,9.875,-38.5,565.8810157503044,standing_up,adl,6,real_hardware
15.43,0.14,-0.126,0.978,-23.0,1.125,-29.75,565.8810157503044,standing_up,adl,6,real_hardware
15.435,0.119,-0.115,0.97,-21.75,2.0,-29.5,565.8810157503044,standing_up,adl,6,real_hardware
15.44,0.103,-0.091,0.947,-17.125,9.75,-25.25,565.8810157503044,standing_up,adl,6,real_hardware
15.445,0.095,-0.087,0.933,-21.125,10.375,-27.875,565.8655270541044,standing_up,adl,6,real_hardware
15.45,0.095,-0.076,0.919,-27.5,4.25,-24.5,565.8605347551613,standing_up,adl,6,real_hardware
15.455,0.095,-0.076,0.912,-26.75,10.5,-23.375,565.8760233147636,standing_up,adl,6,real_hardware
15.46,0.111,-0.08,0.906,-24.375,3.5,-15.375,565.891511882881,standing_up,adl,6,real_hardware
15.465,0.132,-0.099,0.898,-31.625,5.0,-15.625,565.891511882881,standing_up,adl,6,real_hardware
15.47,0.144,-0.101,0.904,-42.375,3.75,-19.625,565.8760233147636,standing_up,adl,6,real_hardware
15.475,0.152,-0.097,0.904,-28.25,7.875,-4.75,565.8760233147636,standing_up,adl,6,real_hardware
15.48,0.154,-0.083,0.908,-39.375,0.0,-8.125,565.8710309344975,standing_up,adl,6,real_hardware
15.485,0.166,-0.093,0.898,-35.375,-0.375,-5.375,565.8710309344975,standing_up,adl,6,real_hardware
15.49,0.152,-0.08,0.898,-39.75,0.375,-6.0,565.8710309344975,standing_up,adl,6,real_hardware
15.495,0.121,-0.066,0.894,-46.375,-6.0,0.5,565.8710309344975,standing_up,adl,6,real_hardware
15.5,0.117,-0.091,0.898,-42.5,-0.5,0.5,565.8555425114915,standing_up,adl,6,real_hardware
15.505,0.117,-0.113,0.898,-37.25,-7.5,-4.0,565.8710309344975,standing_up,adl,6,real_hardware
15.51,0.111,-0.126,0.9,-33.625,-1.375,0.25,565.8710309344975,standing_up,adl,6,real_hardware
15.515,0.082,-0.136,0.927,-43.125,-2.75,3.25,565.8760233147636,standing_up,adl,6,real_hardware
15.52,0.052,-0.14,0.933,-38.75,-2.75,8.0,565.8760233147636,standing_up,adl,6,real_hardware
15.525,0.025,-0.152,0.941,-33.5,3.0,7.75,565.8760233147636,standing_up,adl,6,real_hardware
15.53,0.021,-0.167,0.953,-42.5,-0.375,16.0,565.8760233147636,standing_up,adl,6,real_hardware
15.535,-0.009,-0.187,0.953,-32.0,10.75,10.625,565.8760233147636,standing_up,adl,6,real_hardware
15.54,-0.017,-0.203,0.953,-36.25,10.75,15.625,565.8760233147636,standing_up,adl,6,real_hardware
15.545,-0.023,-0.214,0.955,-34.5,17.375,22.125,565.8760233147636,standing_up,adl,6,real_hardware
15.55,-0.021,-0.222,0.953,-41.625,21.5,17.125,565.8555425114915,standing_up,adl,6,real_hardware
15.555,-0.017,-0.214,0.941,-42.0,27.5,15.5,565.8455581899703,standing_up,adl,6,real_hardware
15.56,0.0,-0.199,0.945,-41.75,24.75,6.125,565.8455581899703,standing_up,adl,6,real_hardware
15.565,0.007,-0.189,0.933,-46.25,28.375,14.75,565.8455581899703,standing_up,adl,6,real_hardware
15.57,0.011,-0.177,0.919,-45.375,30.375,20.375,565.8455581899703,standing_up,adl,6,real_hardware
15.575,0.019,-0.199,0.89,-45.125,34.0,19.625,565.8455581899703,standing_up,adl,6,real_hardware
15.58,0.021,-0.205,0.878,-46.125,34.75,23.125,565.8505503230948,standing_up,adl,6,real_hardware
15.585,0.025,-0.224,0.867,-37.75,28.625,25.375,565.8455581899703,standing_up,adl,6,real_hardware
15.59,0.023,-0.248,0.867,-43.25,33.375,24.25,565.8505503230948,standing_up,adl,6,real_hardware
15.595,0.027,-0.257,0.871,-42.875,35.875,29.25,565.8505503230948,standing_up,adl,6,real_hardware
15.6,0.033,-0.285,0.859,-50.375,34.625,27.375,565.8505503230948,standing_up,adl,6,real_hardware
15.605,0.035,-0.294,0.861,-50.0,32.0,28.5,565.8455581899703,standing_up,adl,6,real_hardware
15.61,0.037,-0.298,0.892,-46.625,39.75,33.125,565.8505503230948,standing_up,adl,6,real_hardware
15.615,0.025,-0.298,0.908,-61.5,38.125,32.375,565.8455581899703,standing_up,adl,6,real_hardware
15.62,0.027,-0.3,0.929,-49.5,31.25,32.25,565.8300700486672,standing_up,adl,6,real_hardware
15.625,0.025,-0.3,0.955,-55.75,29.625,29.375,565.8300700486672,standing_up,adl,6,real_hardware
15.63,0.023,-0.292,0.958,-52.875,26.875,29.75,565.8300700486672,standing_up,adl,6,real_hardware
15.635,0.023,-0.292,0.97,-52.25,26.125,38.625,565.8505503230948,standing_up,adl,6,real_hardware
15.64,0.023,-0.279,0.974,-48.125,24.5,33.0,565.8505503230948,standing_up,adl,6,real_hardware
15.645,0.021,-0.275,0.994,-45.25,19.25,32.125,565.8505503230948,standing_up,adl,6,real_hardware
15.65,0.021,-0.291,1.003,-53.75,10.875,36.625,565.8505503230948,standing_up,adl,6,real_hardware
15.655,0.023,-0.314,1.009,-55.375,8.0,32.75,565.8555425114915,standing_up,adl,6,real_hardware
15.66,0.019,-0.341,1.009,-43.625,4.25,34.875,565.8505503230948,standing_up,adl,6,real_hardware
15.665,0.021,-0.357,1.009,-52.5,0.75,27.5,565.8555425114915,standing_up,adl,6,real_hardware
15.67,0.023,-0.371,1.007,-50.375,-1.375,38.625,565.8555425114915,standing_up,adl,6,real_hardware
15.675,0.025,-0.392,1.005,-49.125,5.375,29.875,565.8555425114915,standing_up,adl,6,real_hardware
15.68,0.023,-0.408,1.001,-51.75,2.25,39.125,565.8555425114915,standing_up,adl,6,real_hardware
15.685,0.027,-0.414,0.998,-48.75,6.125,33.0,565.8605347551613,standing_up,adl,6,real_hardware
15.69,0.025,-0.41,0.986,-52.875,-0.625,46.25,565.8605347551613,standing_up,adl,6,real_hardware
15.695,0.025,-0.417,0.978,-50.875,-5.5,42.125,565.8605347551613,standing_up,adl,6,real_hardware
15.7,0.025,-0.412,0.97,-47.375,-5.25,47.5,565.8655270541044,standing_up,adl,6,real_hardware
15.705,0.025,-0.4,0.974,-52.25,4.75,41.375,565.8655270541044,standing_up,adl,6,real_hardware
15.71,0.027,-0.394,0.958,-43.125,2.875,47.375,565.8655270541044,standing_up,adl,6,real_hardware
15.715,0.027,-0.39,0.958,-50.5,2.125,48.125,565.8655270541044,standing_up,adl,6,real_hardware
15.72,0.027,-0.378,0.951,-53.75,8.0,54.0,565.8655270541044,standing_up,adl,6,real_hardware
15.725,0.029,-0.382,0.947,-45.125,5.5,51.0,565.8450462040742,standing_up,adl,6,real_hardware
15.73,0.029,-0.38,0.931,-39.0,9.5,46.375,565.8605347551613,standing_up,adl,6,real_hardware
15.735,0.035,-0.384,0.917,-42.0,-4.875,57.5,565.8605347551613,standing_up,adl,6,real_hardware
15.74,0.039,-0.376,0.912,-43.375,-2.625,44.75,565.8450462040742,standing_up,adl,6,real_hardware
15.745,0.048,-0.367,0.904,-50.25,-0.5,48.625,565.8450462040742,standing_up,adl,6,real_hardware
15.75,0.046,-0.353,0.912,-52.125,-1.0,46.625,565.8605347551613,standing_up,adl,6,real_hardware
15.755,0.056,-0.337,0.91,-39.125,-8.0,45.0,565.8655270541044,standing_up,adl,6,real_hardware
15.76,0.064,-0.333,0.917,-45.5,-8.375,57.125,565.8655270541044,standing_up,adl,6,real_hardware
15.765,0.062,-0.335,0.919,-43.125,-14.75,51.125,565.8655270541044,standing_up,adl,6,real_hardware
15.77,0.064,-0.337,0.906,-37.5,-0.625,61.0,565.8605347551613,standing_up,adl,6,real_hardware
15.775,0.058,-0.349,0.88,-34.25,-13.75,47.625,565.8655270541044,standing_up,adl,6,real_hardware
15.78,0.058,-0.349,0.869,-43.875,-17.0,59.0,565.8605347551613,standing_up,adl,6,real_hardware
15.785,0.068,-0.349,0.843,-42.5,-13.375,59.375,565.8450462040742,standing_up,adl,6,real_hardware
15.79,0.064,-0.337,0.841,-41.625,-26.375,57.625,565.8450462040742,standing_up,adl,6,real_hardware
15.795,0.064,-0.347,0.833,-37.625,-15.75,59.25,565.8450462040742,standing_up,adl,6,real_hardware
15.8,0.054,-0.339,0.833,-31.125,-17.875,57.5,565.8605347551613,standing_up,adl,6,real_hardware
15.805,0.042,-0.347,0.822,-35.125,-15.75,49.75,565.8655270541044,standing_up,adl,6,real_hardware
15.81,0.039,-0.343,0.82,-31.875,-17.25,54.75,565.8655270541044,standing_up,adl,6,real_hardware
15.815,0.037,-0.345,0.816,-32.25,-14.5,56.0,565.8500383664199,standing_up,adl,6,real_hardware
15.82,0.042,-0.349,0.824,-34.125,-23.75,64.25,565.8655270541044,standing_up,adl,6,real_hardware
15.825,0.048,-0.369,0.837,-38.25,-25.125,68.375,565.8655270541044,standing_up,adl,6,real_hardware
15.83,0.05,-0.384,0.847,-27.375,-16.375,62.5,565.8655270541044,standing_up,adl,6,real_hardware
15.835,0.072,-0.402,0.863,-25.625,-10.5,57.0,565.8255902101881,standing_up,adl,6,real_hardware
15.84,0.072,-0.417,0.861,-31.125,-9.75,57.375,565.820598353419,standing_up,adl,6,real_hardware
15.845,0.083,-0.437,0.863,-31.375,-17.375,55.5,565.8305821222274,standing_up,adl,6,real_hardware
15.85,0.083,-0.449,0.869,-30.0,-10.75,57.125,565.840566112118,standing_up,adl,6,real_hardware
15.855,0.076,-0.46,0.875,-34.5,-8.375,58.75,565.8455581899703,standing_up,adl,6,real_hardware
15.86,0.085,-0.468,0.871,-24.625,-6.875,61.625,565.8505503230948,standing_up,adl,6,real_hardware
15.865,0.089,-0.472,0.861,-35.125,-13.125,58.25,565.8555425114915,standing_up,adl,6,real_hardware
15.87,0.08,-0.468,0.867,-32.5,-16.75,57.0,565.8605347551613,standing_up,adl,6,real_hardware
15.875,0.07,-0.455,0.869,-28.875,-7.875,56.0,565.8605347551613,standing_up,adl,6,real_hardware
15.88,0.062,-0.433,0.882,-35.375,-17.375,56.625,565.8760233147636,standing_up,adl,6,real_hardware
15.885,0.048,-0.408,0.902,-38.625,-12.625,61.75,565.8810157503044,standing_up,adl,6,real_hardware
15.89,0.039,-0.398,0.917,-33.25,-17.375,59.625,565.8810157503044,standing_up,adl,6,real_hardware
15.895,0.044,-0.394,0.904,-35.25,-17.75,53.0,565.8810157503044,standing_up,adl,6,real_hardware
15.9,0.048,-0.406,0.894,-22.75,-12.875,43.875,565.8760233147636,standing_up,adl,6,real_hardware
15.905,0.048,-0.417,0.876,-40.25,-8.375,54.75,565.8810157503044,standing_up,adl,6,real_hardware
15.91,0.044,-0.431,0.853,-41.625,-13.375,51.375,565.8810157503044,standing_up,adl,6,real_hardware
15.915,0.037,-0.453,0.841,-29.375,-12.125,48.125,565.8810157503044,standing_up,adl,6,real_hardware
15.92,0.029,-0.464,0.828,-32.0,-12.25,44.25,565.8810157503044,standing_up,adl,6,real_hardware
15.925,0.025,-0.478,0.804,-38.75,-5.75,46.375,565.8965044550196,standing_up,adl,6,real_hardware
15.93,0.021,-0.49,0.796,-33.25,-7.625,46.25,565.8965044550196,standing_up,adl,6,real_hardware
15.935,0.019,-0.49,0.796,-34.125,-6.5,41.75,565.8810157503044,standing_up,adl,6,real_hardware
15.94,0.011,-0.488,0.794,-30.25,-2.625,29.375,565.8810157503044,standing_up,adl,6,real_hardware
15.945,0.001,-0.482,0.796,-28.25,-9.0,29.125,565.8810157503044,standing_up,adl,6,real_hardware
15.95,0.003,-0.478,0.798,-37.375,-3.0,29.5,565.8810157503044,standing_up,adl,6,real_hardware
15.955,0.005,-0.466,0.796,-30.75,-1.75,20.75,565.8810157503044,standing_up,adl,6,real_hardware
15.96,0.021,-0.46,0.8,-35.0,-3.875,23.625,565.8810157503044,standing_up,adl,6,real_hardware
15.965,0.023,-0.457,0.792,-28.375,-3.625,29.25,565.8965044550196,standing_up,adl,6,real_hardware
15.97,0.025,-0.462,0.791,-34.875,-1.875,17.875,565.8965044550196,standing_up,adl,6,real_hardware
15.975,0.025,-0.474,0.781,-32.625,1.875,29.375,565.8965044550196,standing_up,adl,6,real_hardware
15.98,0.023,-0.482,0.769,-30.875,12.25,15.0,565.9070004595135,standing_up,adl,6,real_hardware
15.985,0.023,-0.498,0.761,-34.625,9.5,16.625,565.9070004595135,standing_up,adl,6,real_hardware
15.99,0.023,-0.517,0.761,-41.125,15.125,18.0,565.891511882881,standing_up,adl,6,real_hardware
15.995,0.021,-0.535,0.761,-40.5,9.125,16.875,565.891511882881,standing_up,adl,6,real_hardware
16.0,0.019,-0.541,0.763,-42.25,20.5,16.125,565.891511882881,standing_up,adl,6,real_hardware
16.005,0.021,-0.542,0.763,-35.0,19.125,14.25,565.8965044550196,standing_up,adl,6,real_hardware
16.01,0.013,-0.537,0.781,-36.625,20.875,10.625,565.8965044550196,standing_up,adl,6,real_hardware
16.015,0.009,-0.533,0.792,-37.0,28.0,5.0,565.8965044550196,standing_up,adl,6,real_hardware
16.02,0.005,-0.527,0.791,-34.0,26.25,7.5,565.9070004595135,standing_up,adl,6,real_hardware
16.025,0.003,-0.513,0.794,-32.125,19.375,7.875,565.9070004595135,standing_up,adl,6,real_hardware
16.03,0.003,-0.515,0.8,-38.125,28.375,3.5,565.891511882881,standing_up,adl,6,real_hardware
16.035,0.005,-0.511,0.804,-33.125,20.375,6.375,565.891511882881,standing_up,adl,6,real_hardware
16.04,0.017,-0.521,0.804,-33.375,27.0,6.625,565.891511882881,standing_up,adl,6,real_hardware
16.045,0.013,-0.531,0.806,-39.875,24.0,3.375,565.9070004595135,standing_up,adl,6,real_hardware
16.05,0.011,-0.55,0.791,-24.75,20.5,-2.375,565.9020078060546,standing_up,adl,6,real_hardware
16.055,0.019,-0.558,0.787,-26.5,26.5,-1.0,565.8815269044321,standing_up,adl,6,real_hardware
16.06,0.007,-0.568,0.771,-33.625,34.0,-8.375,565.8815269044321,standing_up,adl,6,real_hardware
16.065,-0.007,-0.578,0.757,-33.625,30.875,-2.875,565.8865193660187,standing_up,adl,6,real_hardware
16.07,-0.013,-0.58,0.757,-30.5,33.625,-14.0,565.8865193660187,standing_up,adl,6,real_hardware
16.075,-0.021,-0.57,0.763,-34.0,32.75,-9.75,565.8710309344975,standing_up,adl,6,real_hardware
16.08,-0.042,-0.566,0.769,-38.25,31.125,-11.0,565.8710309344975,standing_up,adl,6,real_hardware
16.085,-0.052,-0.554,0.775,-24.125,32.875,-17.125,565.8710309344975,standing_up,adl,6,real_hardware
16.09,-0.078,-0.556,0.781,-28.0,29.5,-15.75,565.8865193660187,standing_up,adl,6,real_hardware
16.095,-0.083,-0.558,0.779,-27.5,35.5,-28.0,565.891511882881,standing_up,adl,6,real_hardware
16.1,-0.107,-0.566,0.777,-35.5,27.125,-26.125,565.9070004595135,standing_up,adl,6,real_hardware
16.105,-0.125,-0.562,0.783,-22.625,34.625,-13.5,565.9070004595135,standing_up,adl,6,real_hardware
16.11,-0.162,-0.593,0.775,-31.375,38.25,-24.875,565.9070004595135,standing_up,adl,6,real_hardware
16.115,-0.199,-0.615,0.763,-23.875,38.75,-35.625,565.9070004595135,standing_up,adl,6,real_hardware
16.12,-0.232,-0.619,0.765,-29.625,46.25,-30.5,565.9119931682499,standing_up,adl,6,real_hardware
16.125,-0.246,-0.621,0.787,-27.25,51.875,-41.25,565.9119931682499,standing_up,adl,6,real_hardware
16.13,-0.242,-0.609,0.946,-29.0,45.625,-28.875,565.8965044550196,standing_up,adl,6,real_hardware
16.135,-0.236,-0.607,0.847,-32.375,51.0,-32.75,565.8965044550196,standing_up,adl,6,real_hardware
16.14,-0.218,-0.595,0.871,-27.625,48.0,-30.5,565.8965044550196,standing_up,adl,6,real_hardware
16.145,-0.199,-0.587,0.89,-40.5,59.25,-33.875,565.8965044550196,standing_up,adl,6,real_hardware
16.15,-0.185,-0.583,0.886,-32.625,55.125,-35.75,565.8965044550196,standing_up,adl,6,real_hardware
16.155,-0.156,-0.58,0.882,-32.5,59.875,-32.25,565.9070004595135,standing_up,adl,6,real_hardware
16.16,-0.146,-0.576,0.873,-31.75,48.25,-31.0,565.9070004595135,standing_up,adl,6,real_hardware
16.165,-0.123,-0.564,0.863,-28.75,60.375,-31.375,565.9070004595135,standing_up,adl,6,real_hardware
16.17,-0.097,-0.56,0.847,-32.75,58.375,-28.5,565.9070004595135,standing_up,adl,6,real_hardware
16.175,-0.093,-0.542,0.824,-32.125,60.0,-24.625,565.9119931682499,standing_up,adl,6,real_hardware
16.18,-0.105,-0.542,0.802,-37.25,62.125,-26.875,565.9119931682499,standing_up,adl,6,real_hardware
16.185,-0.115,-0.535,0.783,-39.25,67.0,-35.0,565.9119931682499,standing_up,adl,6,real_hardware
16.19,-0.13,-0.527,0.767,-36.75,59.375,-31.625,565.9119931682499,standing_up,adl,6,real_hardware
16.195,-0.158,-0.513,0.755,-35.375,56.25,-36.75,565.9119931682499,standing_up,adl,6,real_hardware
16.2,-0.181,-0.501,0.75,-29.0,62.125,-31.125,565.9119931682499,standing_up,adl,6,real_hardware
16.205,-0.207,-0.496,0.765,-28.125,62.125,-41.125,565.9119931682499,standing_up,adl,6,real_hardware
16.21,-0.226,-0.472,0.765,-29.625,65.25,-28.125,565.9070004595135,standing_up,adl,6,real_hardware
16.215,-0.255,-0.458,0.779,-22.375,65.875,-32.125,565.922489044661,standing_up,adl,6,real_hardware
16.22,-0.263,-0.439,0.773,-21.875,72.625,-35.375,565.9070004595135,standing_up,adl,6,real_hardware
16.225,-0.281,-0.425,0.767,-26.5,67.0,-34.5,565.9070004595135,standing_up,adl,6,real_hardware
16.23,-0.294,-0.427,0.757,-13.625,67.875,-31.0,565.9070004595135,standing_up,adl,6,real_hardware
16.235,-0.294,-0.425,0.751,-11.875,72.125,-34.0,565.9070004595135,standing_up,adl,6,real_hardware
16.24,-0.292,-0.437,0.742,-13.375,72.875,-33.125,565.9070004595135,standing_up,adl,6,real_hardware
16.245,-0.281,-0.455,0.732,-14.375,82.625,-26.25,565.9070004595135,standing_up,adl,6,real_hardware
16.25,-0.257,-0.46,0.722,-15.625,79.5,-32.25,565.922489044661,standing_up,adl,6,real_hardware
16.255,-0.244,-0.482,0.724,-7.25,79.125,-25.125,565.922489044661,standing_up,adl,6,real_hardware
16.26,-0.238,-0.494,0.724,-8.125,79.875,-31.125,565.922489044661,standing_up,adl,6,real_hardware
16.265,-0.224,-0.505,0.732,-5.5,83.75,-29.0,565.922489044661,standing_up,adl,6,real_hardware
16.27,-0.22,-0.523,0.736,-4.125,85.375,-30.375,565.922489044661,standing_up,adl,6,real_hardware
16.275,-0.203,-0.539,0.738,-9.25,87.5,-27.5,565.922489044661,standing_up,adl,6,real_hardware
16.28,-0.185,-0.55,0.724,-9.375,79.75,-32.625,565.922489044661,standing_up,adl,6,real_hardware
16.285,-0.183,-0.558,0.726,-11.0,82.5,-31.125,565.9174962546055,standing_up,adl,6,real_hardware
16.29,-0.189,-0.564,0.712,1.625,74.375,-31.125,565.9020078060546,standing_up,adl,6,real_hardware
16.295,-0.185,-0.56,0.689,-7.875,86.875,-26.0,565.897015207873,standing_up,adl,6,real_hardware
16.3,-0.199,-0.535,0.689,-6.5,82.875,-33.5,565.8920226649678,standing_up,adl,6,real_hardware
16.305,-0.222,-0.521,0.687,-18.5,87.75,-26.625,565.8920226649678,standing_up,adl,6,real_hardware
16.31,-0.232,-0.511,0.673,-18.5,90.75,-30.5,565.9020078060546,standing_up,adl,6,real_hardware
16.315,-0.25,-0.509,0.677,-13.25,89.0,-34.0,565.9020078060546,standing_up,adl,6,real_hardware
16.32,-0.259,-0.515,0.685,-13.625,86.5,-30.625,565.9020078060546,standing_up,adl,6,real_hardware
16.325,-0.275,-0.546,0.691,-10.375,87.0,-37.375,565.897015207873,standing_up,adl,6,real_hardware
16.33,-0.291,-0.593,0.695,-17.875,91.25,-38.0,565.8865193660187,standing_up,adl,6,real_hardware
16.335,-0.302,-0.634,0.697,-22.75,87.375,-33.625,565.8865193660187,standing_up,adl,6,real_hardware
16.34,-0.326,-0.667,0.714,-16.125,92.125,-34.5,565.8865193660187,standing_up,adl,6,real_hardware
16.345,-0.339,-0.664,0.72,-26.375,86.5,-31.75,565.8865193660187,standing_up,adl,6,real_hardware
16.35,-0.339,-0.664,0.738,-33.375,85.0,-35.625,565.897015207873,standing_up,adl,6,real_hardware
16.355,-0.349,-0.638,0.748,-36.125,93.875,-37.25,565.897015207873,standing_up,adl,6,real_hardware
16.36,-0.351,-0.615,0.753,-33.125,93.625,-42.875,565.9020078060546,standing_up,adl,6,real_hardware
16.365,-0.345,-0.587,0.755,-25.5,95.0,-37.375,565.897015207873,standing_up,adl,6,real_hardware
16.37,-0.347,-0.585,0.763,-28.25,103.375,-39.625,565.897015207873,standing_up,adl,6,real_hardware
16.375,-0.349,-0.607,0.751,-32.625,108.125,-41.125,565.897015207873,standing_up,adl,6,real_hardware
16.38,-0.363,-0.65,0.738,-28.75,114.25,-38.0,565.897015207873,standing_up,adl,6,real_hardware
16.385,-0.384,-0.689,0.724,-21.75,115.125,-42.75,565.8865193660187,standing_up,adl,6,real_hardware
16.39,-0.414,-0.726,0.707,-27.875,114.125,-43.0,565.8865193660187,standing_up,adl,6,real_hardware
16.395,-0.441,-0.751,0.701,-32.125,113.0,-47.125,565.8865193660187,standing_up,adl,6,real_hardware
16.4,-0.462,-0.773,0.693,-26.625,109.375,-46.875,565.897015207873,standing_up,adl,6,real_hardware
16.405,-0.484,-0.777,0.703,-32.75,114.5,-42.875,565.8815269044321,standing_up,adl,6,real_hardware
16.41,-0.494,-0.791,0.708,-33.375,130.125,-49.75,565.897015207873,standing_up,adl,6,real_hardware
16.415,-0.492,-0.792,0.718,-35.25,126.75,-50.125,565.897015207873,standing_up,adl,6,real_hardware
16.42,-0.494,-0.779,0.724,-25.375,143.625,-54.25,565.8815269044321,standing_up,adl,6,real_hardware
16.425,-0.49,-0.771,0.73,-28.375,142.125,-39.0,565.8815269044321,standing_up,adl,6,real_hardware
16.43,-0.474,-0.791,0.73,-26.125,142.875,-44.25,565.8815269044321,standing_up,adl,6,real_hardware
16.435,-0.458,-0.808,0.74,-24.0,141.625,-47.625,565.8815269044321,standing_up,adl,6,real_hardware
16.44,-0.458,-0.794,0.738,-19.75,152.125,-37.5,565.866038609506,standing_up,adl,6,real_hardware
16.445,-0.457,-0.771,0.732,-17.0,150.25,-42.25,565.866038609506,standing_up,adl,6,real_hardware
16.45,-0.447,-0.755,0.73,-17.875,145.875,-40.125,565.8710309344975,standing_up,adl,6,real_hardware
16.455,-0.425,-0.755,0.726,-12.5,137.625,-34.625,565.8710309344975,standing_up,adl,6,real_hardware
16.46,-0.396,-0.771,0.712,-8.125,138.875,-31.75,565.8710309344975,standing_up,adl,6,real_hardware
16.465,-0.337,-0.792,0.687,-3.5,143.0,-35.25,565.8710309344975,standing_up,adl,6,real_hardware
16.47,-0.314,-0.81,0.646,-2.625,137.875,-29.0,565.8710309344975,standing_up,adl,6,real_hardware
16.475,-0.281,-0.845,0.644,2.375,138.25,-32.625,565.8710309344975,standing_up,adl,6,real_hardware
16.48,-0.253,-0.875,0.656,-3.875,140.125,-23.625,565.8710309344975,standing_up,adl,6,real_hardware
16.485,-0.236,-0.925,0.654,8.25,130.0,-21.5,565.8710309344975,standing_up,adl,6,real_hardware
16.49,-0.214,-0.937,0.701,7.625,128.25,-19.0,565.8710309344975,standing_up,adl,6,real_hardware
16.495,-0.199,-0.937,0.697,7.875,122.375,-5.125,565.8605347551613,standing_up,adl,6,real_hardware
16.5,-0.199,-0.96,0.712,23.375,113.5,-1.25,565.8605347551613,standing_up,adl,6,real_hardware
16.505,-0.224,-0.97,0.707,23.875,116.125,0.75,565.8605347551613,standing_up,adl,6,real_hardware
16.51,-0.248,-0.966,0.681,26.75,110.625,12.0,565.8450462040742,standing_up,adl,6,real_hardware
16.515,-0.306,-0.957,0.691,39.875,113.25,16.375,565.8450462040742,standing_up,adl,6,real_hardware
16.52,-0.371,-0.955,0.716,37.375,98.75,29.375,565.8450462040742,standing_up,adl,6,real_hardware
16.525,-0.457,-0.96,0.75,41.25,88.25,26.5,565.8345496872505,standing_up,adl,6,real_hardware
16.53,-0.513,-0.986,0.81,38.0,71.625,25.375,565.8345496872505,standing_up,adl,6,real_hardware
16.535,-0.498,-1.027,0.892,42.875,64.125,23.625,565.829557661502,standing_up,adl,6,real_hardware
16.54,-0.515,-1.091,0.923,39.5,61.625,27.375,565.8140691274451,standing_up,adl,6,real_hardware
16.545,-0.527,-1.164,0.945,34.375,59.0,23.125,565.829557661502,standing_up,adl,6,real_hardware
16.55,-0.585,-1.226,0.914,26.25,55.625,20.5,565.8245656910242,standing_up,adl,6,real_hardware
16.555,-0.656,-1.263,0.861,19.5,53.375,25.125,565.8040855149497,standing_up,adl,6,real_hardware
16.56,-0.755,-1.279,0.8,20.5,51.0,13.25,565.8040855149497,standing_up,adl,6,real_hardware
16.565,-0.822,-1.294,0.746,16.375,54.375,12.0,565.8090772935631,standing_up,adl,6,real_hardware
16.57,-0.925,-1.269,0.71,15.625,62.75,4.75,565.8090772935631,standing_up,adl,6,real_hardware
16.575,-1.011,-1.253,0.703,6.75,57.5,3.0,565.8245656910242,standing_up,adl,6,real_hardware
16.58,-1.06,-1.263,0.73,20.25,58.25,3.0,565.8245656910242,standing_up,adl,6,real_hardware
16.585,-1.05,-1.246,0.74,29.875,52.0,-9.25,565.8450462040742,standing_up,adl,6,real_hardware
16.59,-1.001,-1.228,0.787,18.375,59.125,-13.0,565.8450462040742,standing_up,adl,6,real_hardware
16.595,-0.917,-1.22,0.791,9.5,42.5,-18.75,565.8605347551613,standing_up,adl,6,real_hardware
16.6,-0.824,-1.193,0.779,12.375,34.0,-22.625,565.8605347551613,standing_up,adl,6,real_hardware
16.605,-0.699,-1.148,0.732,9.25,36.625,-24.375,565.8655270541044,standing_up,adl,6,real_hardware
16.61,-0.574,-1.099,0.677,11.5,30.125,-28.375,565.8655270541044,standing_up,adl,6,real_hardware
16.615,-0.48,-1.082,0.63,8.0,20.875,-20.625,565.8810157503044,standing_up,adl,6,real_hardware
16.62,-0.431,-1.033,0.609,13.25,14.75,-12.25,565.8810157503044,standing_up,adl,6,real_hardware
16.625,-0.388,-1.027,0.585,15.375,13.125,-13.375,565.8760233147636,standing_up,adl,6,real_hardware
16.63,-0.359,-1.013,0.564,18.625,10.375,-3.875,565.8810157503044,standing_up,adl,6,real_hardware
16.635,-0.347,-0.994,0.558,29.0,3.625,2.0,565.8810157503044,standing_up,adl,6,real_hardware
16.64,-0.335,-0.949,0.544,26.625,6.125,14.875,565.8810157503044,standing_up,adl,6,real_hardware
16.645,-0.314,-0.882,0.529,40.875,2.0,17.75,565.8965044550196,standing_up,adl,6,real_hardware
16.65,-0.3,-0.837,0.511,42.375,-2.125,25.375,565.891511882881,standing_up,adl,6,real_hardware
16.655,-0.275,-0.808,0.48,46.125,-3.125,30.5,565.891511882881,standing_up,adl,6,real_hardware
16.66,-0.267,-0.804,0.474,46.625,-12.25,27.625,565.891511882881,standing_up,adl,6,real_hardware
16.665,-0.267,-0.792,0.472,60.75,-7.0,39.375,565.8965044550196,standing_up,adl,6,real_hardware
16.67,-0.275,-0.781,0.5,52.5,-15.625,32.625,565.891511882881,standing_up,adl,6,real_hardware
16.675,-0.281,-0.773,0.523,65.25,-14.25,38.5,565.9070004595135,standing_up,adl,6,real_hardware
16.68,-0.281,-0.761,0.546,69.25,-19.5,38.75,565.9070004595135,standing_up,adl,6,real_hardware
16.685,-0.273,-0.763,0.56,66.25,-20.625,32.375,565.9070004595135,standing_up,adl,6,real_hardware
16.69,-0.261,-0.763,0.583,68.125,-20.875,36.375,565.9119931682499,standing_up,adl,6,real_hardware
16.695,-0.238,-0.755,0.599,65.125,-20.75,35.0,565.9274818899955,standing_up,adl,6,real_hardware
16.7,-0.218,-0.75,0.615,65.625,-16.375,44.0,565.9274818899955,standing_up,adl,6,real_hardware
16.705,-0.205,-0.75,0.621,65.125,-22.5,39.375,565.922489044661,standing_up,adl,6,real_hardware
16.71,-0.212,-0.761,0.617,65.875,-26.25,46.125,565.9070004595135,standing_up,adl,6,real_hardware
16.715,-0.246,-0.751,0.621,66.125,-21.375,36.5,565.9070004595135,standing_up,adl,6,real_hardware
16.72,-0.277,-0.751,0.605,70.25,-11.75,37.75,565.9070004595135,standing_up,adl,6,real_hardware
16.725,-0.33,-0.751,0.587,64.25,-5.375,28.75,565.9070004595135,standing_up,adl,6,real_hardware
16.73,-0.367,-0.755,0.576,62.75,-8.375,27.625,565.9070004595135,standing_up,adl,6,real_hardware
16.735,-0.412,-0.765,0.58,51.75,-7.0,31.5,565.9070004595135,standing_up,adl,6,real_hardware
16.74,-0.435,-0.775,0.564,52.75,-1.75,22.5,565.9070004595135,standing_up,adl,6,real_hardware
16.745,-0.455,-0.785,0.558,41.75,-9.875,18.875,565.9119931682499,standing_up,adl,6,real_hardware
16.75,-0.478,-0.8,0.58,48.75,-4.125,16.125,565.9070004595135,standing_up,adl,6,real_hardware
16.755,-0.492,-0.818,0.593,37.5,-2.25,9.125,565.922489044661,standing_up,adl,6,real_hardware
16.76,-0.492,-0.806,0.615,34.625,-8.25,3.375,565.922489044661,standing_up,adl,6,real_hardware
16.765,-0.478,-0.794,0.632,27.875,-4.75,-1.75,565.9119931682499,standing_up,adl,6,real_hardware
16.77,-0.47,-0.794,0.642,28.125,-10.625,-3.125,565.9274818899955,standing_up,adl,6,real_hardware
16.775,-0.455,-0.794,0.65,26.25,-12.125,-9.625,565.9119931682499,standing_up,adl,6,real_hardware
16.78,-0.435,-0.783,0.644,21.75,-9.0,-13.0,565.9274818899955,standing_up,adl,6,real_hardware
16.785,-0.414,-0.775,0.654,16.125,-11.75,-15.375,565.9274818899955,standing_up,adl,6,real_hardware
16.79,-0.408,-0.763,0.658,20.0,-14.375,-18.75,565.9119931682499,standing_up,adl,6,real_hardware
16.795,-0.4,-0.748,0.662,20.5,-20.625,-22.625,565.9119931682499,standing_up,adl,6,real_hardware
16.8,-0.396,-0.73,0.673,25.625,-23.75,-23.75,565.9070004595135,standing_up,adl,6,real_hardware
16.805,-0.392,-0.718,0.685,25.375,-26.25,-21.5,565.9020078060546,standing_up,adl,6,real_hardware
16.81,-0.39,-0.703,0.685,26.5,-21.5,-17.625,565.9020078060546,standing_up,adl,6,real_hardware
16.815,-0.388,-0.699,0.691,26.875,-16.25,-28.25,565.922489044661,standing_up,adl,6,real_hardware
16.82,-0.388,-0.701,0.683,29.375,-12.75,-23.0,565.922489044661,standing_up,adl,6,real_hardware
16.825,-0.38,-0.703,0.679,23.125,-20.0,-23.125,565.922489044661,standing_up,adl,6,real_hardware
16.83,-0.375,-0.708,0.677,31.5,-19.25,-23.25,565.922489044661,standing_up,adl,6,real_hardware
16.835,-0.373,-0.708,0.669,30.0,-23.625,-12.625,565.922489044661,standing_up,adl,6,real_hardware
16.84,-0.386,-0.699,0.662,23.25,-4.375,-19.125,565.9070004595135,standing_up,adl,6,real_hardware
16.845,-0.392,-0.679,0.673,30.625,-12.375,-22.0,565.922489044661,standing_up,adl,6,real_hardware
16.85,-0.398,-0.673,0.685,29.0,-23.125,-19.875,565.9070004595135,standing_up,adl,6,real_hardware
16.855,-0.421,-0.664,0.708,30.5,-14.75,-17.125,565.922489044661,standing_up,adl,6,real_hardware
16.86,-0.439,-0.66,0.714,29.5,-9.5,-32.875,565.922489044661,standing_up,adl,6,real_hardware
16.865,-0.449,-0.662,0.716,29.375,-16.375,-18.0,565.9379776383237,standing_up,adl,6,real_hardware
16.87,-0.457,-0.671,0.732,24.875,-13.75,-24.625,565.9379776383237,standing_up,adl,6,real_hardware
16.875,-0.445,-0.687,0.73,24.125,-14.5,-24.375,565.9274818899955,standing_up,adl,6,real_hardware
16.88,-0.437,-0.693,0.73,30.0,-18.625,-22.5,565.9274818899955,standing_up,adl,6,real_hardware
16.885,-0.431,-0.699,0.724,26.375,-24.25,-15.125,565.922489044661,standing_up,adl,6,real_hardware
16.89,-0.416,-0.701,0.712,12.0,-25.375,-14.125,565.922489044661,standing_up,adl,6,real_hardware
16.895,-0.4,-0.685,0.703,28.875,-29.75,-19.25,565.922489044661,standing_up,adl,6,real_hardware
16.9,-0.396,-0.677,0.683,21.375,-26.75,-15.625,565.9020078060546,standing_up,adl,6,real_hardware
16.905,-0.392,-0.673,0.679,20.0,-15.75,-27.5,565.9174962546055,standing_up,adl,6,real_hardware
16.91,-0.392,-0.654,0.664,15.25,-23.375,-18.5,565.9174962546055,standing_up,adl,6,real_hardware
16.915,-0.417,-0.636,0.656,17.25,-16.625,-19.5,565.9174962546055,standing_up,adl,6,real_hardware
16.92,-0.429,-0.615,0.662,23.375,-26.625,-8.0,565.9174962546055,standing_up,adl,6,real_hardware
16.925,-0.447,-0.599,0.677,19.0,-29.625,-9.125,565.9125035198285,standing_up,adl,6,real_hardware
16.93,-0.46,-0.587,0.695,13.625,-17.25,-7.875,565.927991840299,standing_up,adl,6,real_hardware
16.935,-0.455,-0.585,0.707,17.5,-11.25,-9.875,565.9125035198285,standing_up,adl,6,real_hardware
16.94,-0.453,-0.591,0.707,17.25,-19.0,-7.0,565.9125035198285,standing_up,adl,6,real_hardware
16.945,-0.429,-0.605,0.71,19.75,-24.875,-6.0,565.9125035198285,standing_up,adl,6,real_hardware
16.95,-0.406,-0.621,0.714,16.375,-25.375,-1.625,565.927991840299,standing_up,adl,6,real_hardware
16.955,-0.367,-0.646,0.718,20.5,-29.5,-2.25,565.927991840299,standing_up,adl,6,real_hardware
16.96,-0.345,-0.667,0.714,21.125,-20.875,0.5,565.9384872165972,standing_up,adl,6,real_hardware
16.965,-0.328,-0.673,0.71,26.375,-23.875,-6.5,565.9229990242061,standing_up,adl,6,real_hardware
16.97,-0.32,-0.685,0.707,23.125,-29.75,10.625,565.9229990242061,standing_up,adl,6,real_hardware
16.975,-0.326,-0.681,0.699,14.75,-33.0,-1.5,565.927991840299,standing_up,adl,6,real_hardware
16.98,-0.341,-0.671,0.689,13.375,-32.25,1.25,565.927991840299,standing_up,adl,6,real_hardware
16.985,-0.355,-0.66,0.683,9.125,-32.125,6.125,565.9329847116713,standing_up,adl,6,real_hardware
16.99,-0.375,-0.632,0.687,7.625,-26.875,8.125,565.9329847116713,standing_up,adl,6,real_hardware
16.995,-0.41,-0.609,0.693,6.625,-33.375,9.25,565.9329847116713,standing_up,adl,6,real_hardware
17.0,-0.423,-0.587,0.697,18.875,-26.75,-3.625,565.9329847116713,standing_up,adl,6,real_hardware
17.005,-0.431,-0.574,0.712,19.625,-34.625,9.125,565.9329847116713,standing_up,adl,6,real_hardware
17.01,-0.435,-0.578,0.72,-1.625,-29.75,9.875,565.9329847116713,standing_up,adl,6,real_hardware
17.015,-0.427,-0.578,0.71,5.25,-38.625,3.375,565.9379776383237,standing_up,adl,6,real_hardware
17.02,-0.433,-0.582,0.718,12.0,-43.0,3.625,565.9379776383237,standing_up,adl,6,real_hardware
17.025,-0.421,-0.591,0.707,9.0,-30.25,8.375,565.922489044661,standing_up,adl,6,real_hardware
17.03,-0.412,-0.597,0.695,8.25,-37.375,9.0,565.922489044661,standing_up,adl,6,real_hardware
17.035,-0.412,-0.617,0.681,6.5,-36.625,19.5,565.9070004595135,standing_up,adl,6,real_hardware
17.04,-0.4,-0.626,0.669,7.0,-37.375,5.375,565.922489044661,standing_up,adl,6,real_hardware
17.045,-0.386,-0.625,0.648,-3.25,-33.875,15.75,565.9174962546055,standing_up,adl,6,real_hardware
17.05,-0.369,-0.605,0.632,8.5,-32.25,6.125,565.9125035198285,standing_up,adl,6,real_hardware
17.055,-0.355,-0.585,0.617,8.75,-29.5,1.875,565.9174962546055,standing_up,adl,6,real_hardware
17.06,-0.339,-0.564,0.605,-1.375,-35.25,6.875,565.9125035198285,standing_up,adl,6,real_hardware
17.065,-0.326,-0.541,0.585,1.75,-36.125,8.625,565.9125035198285,standing_up,adl,6,real_hardware
17.07,-0.32,-0.527,0.578,4.25,-39.25,10.0,565.9125035198285,standing_up,adl,6,real_hardware
17.075,-0.308,-0.511,0.558,-10.75,-33.25,-0.5,565.9174962546055,standing_up,adl,6,real_hardware
17.08,-0.302,-0.496,0.548,-3.5,-35.125,13.75,565.9174962546055,standing_up,adl,6,real_hardware
17.085,-0.291,-0.492,0.533,-8.875,-33.0,5.75,565.9174962546055,standing_up,adl,6,real_hardware
17.09,-0.289,-0.5,0.519,-2.125,-37.5,8.375,565.9174962546055,standing_up,adl,6,real_hardware
17.095,-0.289,-0.5,0.529,-13.125,-32.0,8.0,565.9174962546055,standing_up,adl,6,real_hardware
17.1,-0.275,-0.503,0.509,-13.375,-25.125,14.375,565.9174962546055,standing_up,adl,6,real_hardware
17.105,-0.271,-0.501,0.507,-13.25,-30.625,2.5,565.922489044661,standing_up,adl,6,real_hardware
17.11,-0.267,-0.49,0.492,-17.0,-31.375,4.875,565.9174962546055,standing_up,adl,6,real_hardware
17.115,-0.267,-0.478,0.486,-21.375,-29.875,9.125,565.9174962546055,standing_up,adl,6,real_hardware
17.12,-0.259,-0.445,0.472,-17.25,-35.25,15.0,565.9174962546055,standing_up,adl,6,real_hardware
17.125,-0.248,-0.433,0.47,-22.5,-30.625,6.875,565.9379776383237,standing_up,adl,6,real_hardware
17.13,-0.242,-0.414,0.457,-26.625,-28.875,4.25,565.9379776383237,standing_up,adl,6,real_hardware
17.135,-0.248,-0.406,0.447,-26.375,-23.875,9.875,565.9379776383237,standing_up,adl,6,real_hardware
17.14,-0.242,-0.398,0.441,-24.5,-33.5,16.5,565.9329847116713,standing_up,adl,6,real_hardware
17.145,-0.234,-0.392,0.437,-16.5,-36.0,4.25,565.9484731772521,standing_up,adl,6,real_hardware
17.15,-0.238,-0.39,0.435,-29.5,-30.25,5.875,565.9534662405015,standing_up,adl,6,real_hardware
17.155,-0.244,-0.39,0.429,-21.125,-33.75,8.625,565.9534662405015,standing_up,adl,6,real_hardware
17.16,-0.248,-0.396,0.421,-19.25,-28.5,7.375,565.9534662405015,standing_up,adl,6,real_hardware
17.165,-0.238,-0.402,0.429,-19.375,-32.625,-2.375,565.9534662405015,standing_up,adl,6,real_hardware
17.17,-0.251,-0.416,0.429,-30.375,-27.75,4.5,565.9689548511942,standing_up,adl,6,real_hardware
17.175,-0.261,-0.417,0.441,-28.0,-32.875,0.125,565.9534662405015,standing_up,adl,6,real_hardware
17.18,-0.263,-0.416,0.455,-26.75,-24.625,7.875,565.9534662405015,standing_up,adl,6,real_hardware
17.185,-0.273,-0.416,0.468,-25.125,-14.125,-5.25,565.9434801692843,standing_up,adl,6,real_hardware
17.19,-0.285,-0.404,0.476,-30.0,-19.625,3.375,565.9434801692843,standing_up,adl,6,real_hardware
17.195,-0.294,-0.402,0.486,-28.625,-17.0,-0.75,565.9484731772521,standing_up,adl,6,real_hardware
17.2,-0.298,-0.4,0.505,-33.875,-15.625,-2.75,565.9484731772521,standing_up,adl,6,real_hardware
17.205,-0.306,-0.419,0.511,-33.625,-10.5,-5.375,565.9534662405015,standing_up,adl,6,real_hardware
17.21,-0.31,-0.431,0.521,-38.0,-4.125,3.625,565.9484731772521,standing_up,adl,6,real_hardware
17.215,-0.308,-0.453,0.525,-33.125,-10.0,-9.0,565.9484731772521,standing_up,adl,6,real_hardware
17.22,-0.304,-0.48,0.533,-29.375,-10.875,-10.0,565.9534662405015,standing_up,adl,6,real_hardware
17.225,-0.302,-0.5,0.542,-36.0,-3.375,-9.375,565.9379776383237,standing_up,adl,6,real_hardware
17.23,-0.294,-0.505,0.554,-43.875,-11.125,-11.375,565.9329847116713,standing_up,adl,6,real_hardware
17.235,-0.291,-0.517,0.56,-30.25,-10.125,-14.625,565.9329847116713,standing_up,adl,6,real_hardware
17.24,-0.289,-0.525,0.57,-41.625,-12.625,-6.0,565.9329847116713,standing_up,adl,6,real_hardware
17.245,-0.294,-0.529,0.583,-48.875,-10.0,-7.75,565.9329847116713,standing_up,adl,6,real_hardware
17.25,-0.32,-0.527,0.593,-44.75,-5.125,-10.875,565.9379776383237,standing_up,adl,6,real_hardware
17.255,-0.318,-0.517,0.607,-44.5,-12.125,-7.125,565.9379776383237,standing_up,adl,6,real_hardware
17.26,-0.332,-0.521,0.597,-54.125,-11.375,-6.375,565.9379776383237,standing_up,adl,6,real_hardware
17.265,-0.343,-0.521,0.605,-44.25,-10.75,-14.5,565.9174962546055,standing_up,adl,6,real_hardware
17.27,-0.351,-0.531,0.599,-45.5,-10.875,-8.625,565.922489044661,standing_up,adl,6,real_hardware
17.275,-0.353,-0.542,0.597,-44.75,2.125,-14.125,565.922489044661,standing_up,adl,6,real_hardware
17.28,-0.351,-0.556,0.611,-43.125,-7.125,-20.875,565.922489044661,standing_up,adl,6,real_hardware
17.285,-0.357,-0.558,0.623,-39.125,-10.0,-12.625,565.922489044661,standing_up,adl,6,real_hardware
17.29,-0.361,-0.57,0.628,-47.0,-9.75,-17.75,565.9174962546055,standing_up,adl,6,real_hardware
17.295,-0.349,-0.574,0.648,-45.75,-10.5,-16.125,565.9075108403297,standing_up,adl,6,real_hardware
17.3,-0.326,-0.589,0.658,-47.375,-10.375,-10.125,565.9025182161083,standing_up,adl,6,real_hardware
17.305,-0.3,-0.599,0.675,-38.625,-12.875,-12.25,565.9025182161083,standing_up,adl,6,real_hardware
17.31,-0.275,-0.609,0.685,-37.625,-14.375,-13.0,565.9025182161083,standing_up,adl,6,real_hardware
17.315,-0.242,-0.619,0.689,-40.125,-7.25,-9.125,565.9075108403297,standing_up,adl,6,real_hardware
17.32,-0.208,-0.636,0.701,-44.875,-10.625,-8.375,565.9075108403297,standing_up,adl,6,real_hardware
17.325,-0.187,-0.662,0.705,-48.5,-19.125,-15.125,565.9125035198285,standing_up,adl,6,real_hardware
17.33,-0.166,-0.673,0.703,-41.125,-16.875,-7.125,565.9174962546055,standing_up,adl,6,real_hardware
17.335,-0.158,-0.675,0.699,-45.0,-7.25,-14.25,565.9174962546055,standing_up,adl,6,real_hardware
17.34,-0.162,-0.666,0.703,-42.875,-16.25,-12.375,565.922489044661,standing_up,adl,6,real_hardware
17.345,-0.167,-0.669,0.693,-46.625,-18.25,-5.125,565.9070004595135,standing_up,adl,6,real_hardware
17.35,-0.162,-0.679,0.691,-43.625,-12.75,-6.25,565.922489044661,standing_up,adl,6,real_hardware
17.355,-0.171,-0.687,0.693,-38.375,-11.5,-11.25,565.922489044661,standing_up,adl,6,real_hardware
17.36,-0.181,-0.695,0.675,-39.25,-13.125,-10.5,565.9119931682499,standing_up,adl,6,real_hardware
17.365,-0.193,-0.707,0.662,-48.125,-17.375,1.25,565.922489044661,standing_up,adl,6,real_hardware
17.37,-0.21,-0.716,0.658,-50.375,-18.5,-4.125,565.9274818899955,standing_up,adl,6,real_hardware
17.375,-0.216,-0.73,0.646,-48.625,-20.875,0.25,565.9119931682499,standing_up,adl,6,real_hardware
17.38,-0.216,-0.744,0.632,-54.5,-16.625,-2.125,565.9119931682499,standing_up,adl,6,real_hardware
17.385,-0.216,-0.74,0.626,-59.375,-21.625,3.375,565.9274818899955,standing_up,adl,6,real_hardware
17.39,-0.218,-0.736,0.625,-55.375,-13.0,-11.25,565.9274818899955,standing_up,adl,6,real_hardware
17.395,-0.22,-0.73,0.625,-47.875,-16.625,-0.75,565.9274818899955,standing_up,adl,6,real_hardware
17.4,-0.218,-0.722,0.621,-57.25,-12.125,-3.0,565.9274818899955,standing_up,adl,6,real_hardware
17.405,-0.23,-0.71,0.617,-53.375,-17.0,-2.5,565.9274818899955,standing_up,adl,6,real_hardware
17.41,-0.232,-0.683,0.617,-51.125,-20.375,6.25,565.9274818899955,standing_up,adl,6,real_hardware
17.415,-0.236,-0.675,0.623,-55.25,-22.5,4.0,565.9119931682499,standing_up,adl,6,real_hardware
17.42,-0.24,-0.658,0.615,-50.375,-18.5,4.25,565.9274818899955,standing_up,adl,6,real_hardware
17.425,-0.242,-0.648,0.611,-49.0,-4.75,3.875,565.922489044661,standing_up,adl,6,real_hardware
17.43,-0.236,-0.648,0.601,-39.875,-16.5,1.0,565.9274818899955,standing_up,adl,6,real_hardware
17.435,-0.234,-0.648,0.589,-51.25,-13.625,4.625,565.9274818899955,standing_up,adl,6,real_hardware
17.44,-0.236,-0.638,0.597,-47.75,-6.875,14.5,565.9274818899955,standing_up,adl,6,real_hardware
17.445,-0.238,-0.632,0.585,-45.875,-13.125,16.5,565.9274818899955,standing_up,adl,6,real_hardware
17.45,-0.24,-0.632,0.589,-40.875,-9.5,17.125,565.922489044661,standing_up,adl,6,real_hardware
17.455,-0.246,-0.636,0.599,-35.875,-8.625,17.625,565.922489044661,standing_up,adl,6,real_hardware
17.46,-0.242,-0.638,0.605,-44.25,-8.625,16.5,565.9274818899955,standing_up,adl,6,real_hardware
17.465,-0.246,-0.621,0.621,-30.875,0.625,15.375,565.922489044661,standing_up,adl,6,real_hardware
17.47,-0.253,-0.619,0.632,-31.125,-3.125,16.875,565.922489044661,standing_up,adl,6,real_hardware
17.475,-0.255,-0.615,0.634,-30.5,-7.5,23.0,565.9379776383237,standing_up,adl,6,real_hardware
17.48,-0.257,-0.621,0.646,-36.25,3.375,19.75,565.9274818899955,standing_up,adl,6,real_hardware
17.485,-0.255,-0.628,0.648,-32.75,0.75,22.25,565.9329847116713,standing_up,adl,6,real_hardware
17.49,-0.25,-0.634,0.646,-23.25,2.125,20.875,565.9329847116713,standing_up,adl,6,real_hardware
17.495,-0.251,-0.64,0.654,-20.375,-0.625,14.5,565.9329847116713,standing_up,adl,6,real_hardware
17.5,-0.267,-0.648,0.66,-26.375,-1.5,14.75,565.927991840299,standing_up,adl,6,real_hardware
17.505,-0.277,-0.664,0.656,-26.375,0.875,3.625,565.927991840299,standing_up,adl,6,real_hardware
17.51,-0.294,-0.662,0.658,-24.875,-5.25,11.75,565.927991840299,standing_up,adl,6,real_hardware
17.515,-0.3,-0.675,0.656,-24.375,-6.25,16.375,565.9434801692843,standing_up,adl,6,real_hardware
17.52,-0.302,-0.691,0.652,-24.875,-8.375,12.125,565.927991840299,standing_up,adl,6,real_hardware
17.525,-0.314,-0.708,0.65,-18.25,2.75,19.25,565.9229990242061,standing_up,adl,6,real_hardware
17.53,-0.314,-0.716,0.638,-26.25,1.0,7.625,565.9229990242061,standing_up,adl,6,real_hardware
17.535,-0.32,-0.74,0.638,-12.625,-3.625,6.875,565.9384872165972,standing_up,adl,6,real_hardware
17.54,-0.326,-0.736,0.644,-17.0,-5.625,2.5,565.9384872165972,standing_up,adl,6,real_hardware
17.545,-0.332,-0.75,0.658,-22.5,2.5,7.875,565.9334943191905,standing_up,adl,6,real_hardware
17.55,-0.347,-0.748,0.658,-25.875,4.5,2.25,565.9334943191905,standing_up,adl,6,real_hardware
17.555,-0.359,-0.75,0.656,-22.625,1.25,9.875,565.9229990242061,standing_up,adl,6,real_hardware
17.56,-0.353,-0.753,0.644,-19.25,6.0,5.5,565.9434801692843,standing_up,adl,6,real_hardware
17.565,-0.357,-0.757,0.632,-25.125,7.5,6.875,565.9329847116713,standing_up,adl,6,real_hardware
17.57,-0.359,-0.763,0.609,-26.0,7.125,0.125,565.9329847116713,standing_up,adl,6,real_hardware
17.575,-0.359,-0.763,0.58,-24.375,-1.0,-0.5,565.9329847116713,standing_up,adl,6,real_hardware
17.58,-0.357,-0.767,0.558,-27.375,7.625,2.75,565.9329847116713,standing_up,adl,6,real_hardware
17.585,-0.345,-0.761,0.544,-22.25,14.375,0.5,565.9329847116713,standing_up,adl,6,real_hardware
17.59,-0.341,-0.757,0.533,-15.625,13.625,2.375,565.922489044661,standing_up,adl,6,real_hardware
17.595,-0.343,-0.753,0.523,-20.25,13.875,0.875,565.9329847116713,standing_up,adl,6,real_hardware
17.6,-0.33,-0.757,0.509,-19.5,19.125,1.5,565.9174962546055,standing_up,adl,6,real_hardware
17.605,-0.324,-0.751,0.498,-15.875,14.875,1.375,565.9329847116713,standing_up,adl,6,real_hardware
17.61,-0.322,-0.755,0.48,-16.75,12.375,-2.625,565.927991840299,standing_up,adl,6,real_hardware
17.615,-0.322,-0.757,0.474,-13.125,18.75,1.625,565.9229990242061,standing_up,adl,6,real_hardware
17.62,-0.316,-0.761,0.46,-13.375,17.5,0.75,565.9180062633922,standing_up,adl,6,real_hardware
17.625,-0.312,-0.763,0.466,-9.25,20.75,1.5,565.9180062633922,standing_up,adl,6,real_hardware
17.63,-0.318,-0.769,0.455,-6.5,19.625,4.75,565.9229990242061,standing_up,adl,6,real_hardware
17.635,-0.316,-0.775,0.451,-13.25,18.625,4.75,565.9229990242061,standing_up,adl,6,real_hardware
17.64,-0.326,-0.779,0.453,-13.625,7.75,7.0,565.9229990242061,standing_up,adl,6,real_hardware
17.645,-0.316,-0.781,0.455,-1.5,9.875,1.75,565.9229990242061,standing_up,adl,6,real_hardware
17.65,-0.308,-0.8,0.46,-6.5,11.25,2.5,565.927991840299,standing_up,adl,6,real_hardware
17.655,-0.3,-0.82,0.47,-1.875,1.75,-2.875,565.9384872165972,standing_up,adl,6,real_hardware
17.66,-0.296,-0.845,0.476,-0.375,13.25,2.875,565.9384872165972,standing_up,adl,6,real_hardware
17.665,-0.287,-0.865,0.476,-1.25,6.375,-2.75,565.9384872165972,standing_up,adl,6,real_hardware
17.67,-0.281,-0.882,0.478,6.25,6.875,0.875,565.9229990242061,standing_up,adl,6,real_hardware
17.675,-0.265,-0.902,0.498,-4.5,4.25,0.625,565.9384872165972,standing_up,adl,6,real_hardware
17.68,-0.271,-0.921,0.5,-8.75,-2.5,5.875,565.9384872165972,standing_up,adl,6,real_hardware
17.685,-0.275,-0.933,0.492,-8.25,-2.5,-2.0,565.9434801692843,standing_up,adl,6,real_hardware
17.69,-0.281,-0.941,0.492,1.875,5.25,2.75,565.9434801692843,standing_up,adl,6,real_hardware
17.695,-0.279,-0.937,0.49,-16.625,-0.625,6.125,565.9589685067843,standing_up,adl,6,real_hardware
17.7,-0.281,-0.933,0.49,-12.0,-3.875,5.25,565.9589685067843,standing_up,adl,6,real_hardware
17.705,-0.277,-0.919,0.5,-15.375,-1.25,4.375,565.9589685067843,standing_up,adl,6,real_hardware
17.71,-0.273,-0.91,0.498,-14.625,-2.0,-1.75,565.9434801692843,standing_up,adl,6,real_hardware
17.715,-0.269,-0.908,0.494,-9.25,-11.125,4.75,565.9434801692843,standing_up,adl,6,real_hardware
17.72,-0.267,-0.904,0.49,-16.125,-11.875,1.125,565.9434801692843,standing_up,adl,6,real_hardware
17.725,-0.271,-0.914,0.476,-8.375,-17.375,8.25,565.9484731772521,standing_up,adl,6,real_hardware
17.73,-0.269,-0.91,0.466,-14.25,-5.0,0.0,565.9484731772521,standing_up,adl,6,real_hardware
17.735,-0.267,-0.904,0.468,-15.25,-14.375,1.375,565.9484731772521,standing_up,adl,6,real_hardware
17.74,-0.261,-0.894,0.455,-21.5,-24.0,15.5,565.9484731772521,standing_up,adl,6,real_hardware
17.745,-0.263,-0.882,0.46,-23.25,-20.75,6.75,565.9329847116713,standing_up,adl,6,real_hardware
17.75,-0.265,-0.863,0.458,-16.375,-17.375,8.75,565.9329847116713,standing_up,adl,6,real_hardware
17.755,-0.261,-0.849,0.46,-15.375,-18.5,3.125,565.9379776383237,standing_up,adl,6,real_hardware
17.76,-0.271,-0.839,0.447,-23.0,-21.0,-1.375,565.9484731772521,standing_up,adl,6,real_hardware
17.765,-0.279,-0.832,0.443,-20.0,-30.75,4.75,565.9484731772521,standing_up,adl,6,real_hardware
17.77,-0.283,-0.839,0.441,-16.375,-31.375,1.75,565.9329847116713,standing_up,adl,6,real_hardware
17.775,-0.294,-0.824,0.433,-19.25,-24.0,1.875,565.9484731772521,standing_up,adl,6,real_hardware
17.78,-0.31,-0.808,0.419,-17.25,-32.125,6.375,565.9329847116713,standing_up,adl,6,real_hardware
17.785,-0.322,-0.804,0.408,-30.125,-32.375,7.5,565.9329847116713,standing_up,adl,6,real_hardware
17.79,-0.33,-0.789,0.404,-18.5,-30.125,-1.125,565.9434801692843,standing_up,adl,6,real_hardware
17.795,-0.347,-0.779,0.382,-19.375,-28.0,8.75,565.9434801692843,standing_up,adl,6,real_hardware
17.8,-0.363,-0.763,0.382,-18.0,-20.625,-0.25,565.9384872165972,standing_up,adl,6,real_hardware
17.805,-0.384,-0.746,0.386,-11.875,-29.875,1.75,565.9384872165972,standing_up,adl,6,real_hardware
17.81,-0.404,-0.732,0.392,-7.125,-21.0,2.25,565.9434801692843,standing_up,adl,6,real_hardware
17.815,-0.419,-0.718,0.4,-8.25,-21.125,7.125,565.9434801692843,standing_up,adl,6,real_hardware
17.82,-0.447,-0.712,0.406,-4.5,-13.75,-4.25,565.9484731772521,standing_up,adl,6,real_hardware
17.825,-0.451,-0.718,0.416,1.25,-15.625,-11.875,565.9484731772521,standing_up,adl,6,real_hardware
17.83,-0.453,-0.724,0.437,6.125,-16.5,-4.0,565.9484731772521,standing_up,adl,6,real_hardware
17.835,-0.457,-0.736,0.492,18.5,-10.0,-7.5,565.9534662405015,standing_up,adl,6,real_hardware
17.84,-0.439,-0.75,0.537,11.375,-9.375,-6.625,565.9534662405015,standing_up,adl,6,real_hardware
17.845,-0.421,-0.765,0.607,16.25,-7.625,-7.5,565.9534662405015,standing_up,adl,6,real_hardware
17.85,-0.38,-0.828,0.65,18.125,-16.125,-1.125,565.9689548511942,standing_up,adl,6,real_hardware
17.855,-0.355,-0.896,0.667,19.125,-5.75,-0.75,565.9689548511942,standing_up,adl,6,real_hardware
17.86,-0.333,-0.96,0.652,26.875,0.875,7.25,565.9534662405015,standing_up,adl,6,real_hardware
17.865,-0.33,-0.992,0.625,25.375,17.0,7.875,565.9534662405015,standing_up,adl,6,real_hardware
17.87,-0.332,-0.96,0.607,12.5,31.875,4.125,565.9534662405015,standing_up,adl,6,real_hardware
17.875,-0.333,-0.9,0.605,13.375,28.375,8.5,565.9534662405015,standing_up,adl,6,real_hardware
17.88,-0.328,-0.853,0.591,10.125,33.625,15.75,565.9534662405015,standing_up,adl,6,real_hardware
17.885,-0.32,-0.804,0.578,8.375,39.75,4.875,565.9534662405015,standing_up,adl,6,real_hardware
17.89,-0.31,-0.765,0.558,8.125,35.75,1.375,565.9534662405015,standing_up,adl,6,real_hardware
17.895,-0.302,-0.748,0.542,-0.75,40.875,-5.75,565.9484731772521,standing_up,adl,6,real_hardware
17.9,-0.283,-0.736,0.529,1.125,34.5,-5.5,565.9534662405015,standing_up,adl,6,real_hardware
17.905,-0.261,-0.734,0.511,7.75,22.5,1.125,565.9534662405015,standing_up,adl,6,real_hardware
17.91,-0.226,-0.75,0.505,4.125,22.25,-15.375,565.9534662405015,standing_up,adl,6,real_hardware
17.915,-0.207,-0.74,0.484,3.625,25.5,-8.25,565.9534662405015,standing_up,adl,6,real_hardware
17.92,-0.191,-0.746,0.476,0.0,11.75,-15.875,565.9534662405015,standing_up,adl,6,real_hardware
17.925,-0.162,-0.771,0.466,-4.875,3.0,-15.0,565.9534662405015,standing_up,adl,6,real_hardware
17.93,-0.171,-0.792,0.457,1.125,11.375,-17.25,565.9534662405015,standing_up,adl,6,real_hardware
17.935,-0.195,-0.802,0.455,-1.25,0.75,-18.25,565.9534662405015,standing_up,adl,6,real_hardware
17.94,-0.222,-0.822,0.453,1.625,-5.25,-25.375,565.9534662405015,standing_up,adl,6,real_hardware
17.945,-0.255,-0.851,0.478,0.5,-6.875,-15.375,565.9689548511942,standing_up,adl,6,real_hardware
17.95,-0.291,-0.882,0.49,4.0,3.5,-16.625,565.9689548511942,standing_up,adl,6,real_hardware
17.955,-0.318,-0.896,0.5,-5.5,-7.25,-20.375,565.9689548511942,standing_up,adl,6,real_hardware
17.96,-0.343,-0.906,0.507,-5.125,-3.625,-16.625,565.9639616513479,standing_up,adl,6,real_hardware
17.965,-0.357,-0.919,0.513,-3.125,-12.375,-16.75,565.9639616513479,standing_up,adl,6,real_hardware
17.97,-0.365,-0.917,0.509,-5.625,-3.75,-12.75,565.9639616513479,standing_up,adl,6,real_hardware
17.975,-0.369,-0.916,0.509,-10.5,-7.25,-11.5,565.9639616513479,fall_sitting,fall,6,real_hardware
17.98,-0.332,-0.91,0.509,-11.125,-4.375,-11.125,565.9589685067843,fall_sitting,fall,6,real_hardware
17.985,-0.296,-0.896,0.501,-10.125,1.625,-15.875,565.953975417503,fall_sitting,fall,6,real_hardware
17.99,-0.275,-0.89,0.505,-7.625,0.625,-15.75,565.953975417503,fall_sitting,fall,6,real_hardware
17.995,-0.259,-0.888,0.498,-6.125,3.0,-13.625,565.9589685067843,fall_sitting,fall,6,real_hardware
18.0,-0.244,-0.878,0.5,-15.625,5.125,-14.25,565.9434801692843,fall_sitting,fall,6,real_hardware
18.005,-0.234,-0.875,0.484,-12.125,1.125,-8.875,565.9434801692843,fall_sitting,fall,6,real_hardware
18.01,-0.226,-0.865,0.482,-13.25,11.25,-17.375,565.9589685067843,fall_sitting,fall,6,real_hardware
18.015,-0.216,-0.849,0.478,-10.5,6.375,-9.5,565.9589685067843,fall_sitting,fall,6,real_hardware
18.02,-0.218,-0.847,0.484,-15.0,3.5,-6.875,565.9639616513479,fall_sitting,fall,6,real_hardware
18.025,-0.218,-0.837,0.482,-22.0,0.0,0.0,565.9639616513479,fall_sitting,fall,6,real_hardware
18.03,-0.234,-0.824,0.482,-6.75,-1.625,-7.25,565.9639616513479,fall_sitting,fall,6,real_hardware
18.035,-0.244,-0.824,0.476,-10.5,5.875,-6.25,565.9589685067843,fall_sitting,fall,6,real_hardware
18.04,-0.257,-0.833,0.474,-4.125,5.125,0.625,565.943989404785,fall_sitting,fall,6,real_hardware
18.045,-0.255,-0.832,0.443,-9.875,13.0,-14.75,565.9489823835033,fall_sitting,fall,6,real_hardware
18.05,-0.25,-0.835,0.441,-10.0,4.25,-10.0,565.953975417503,fall_sitting,fall,6,real_hardware
18.055,-0.25,-0.83,0.439,-8.5,9.0,-7.75,565.953975417503,fall_sitting,fall,6,real_hardware
18.06,-0.248,-0.82,0.439,-10.0,-0.625,-2.625,565.9589685067843,fall_sitting,fall,6,real_hardware
18.065,-0.257,-0.816,0.429,-9.75,5.0,-5.5,565.9589685067843,fall_sitting,fall,6,real_hardware
18.07,-0.263,-0.828,0.427,-9.875,7.25,-11.0,565.9434801692843,fall_sitting,fall,6,real_hardware
18.075,-0.269,-0.839,0.435,-8.0,3.75,-14.5,565.9589685067843,fall_sitting,fall,6,real_hardware
18.08,-0.275,-0.855,0.435,-11.75,-4.125,-3.5,565.9639616513479,fall_sitting,fall,6,real_hardware
18.085,-0.283,-0.869,0.441,-7.875,4.125,-0.25,565.9639616513479,fall_sitting,fall,6,real_hardware
18.09,-0.287,-0.882,0.449,-6.0,2.875,-5.625,565.9589685067843,fall_sitting,fall,6,real_hardware
18.095,-0.279,-0.888,0.455,-9.0,2.25,-2.125,565.9589685067843,fall_sitting,fall,6,real_hardware
18.1,-0.271,-0.888,0.455,-14.625,0.625,-6.5,565.9589685067843,fall_sitting,fall,6,real_hardware
18.105,-0.261,-0.886,0.46,-10.5,1.875,2.5,565.9589685067843,fall_sitting,fall,6,real_hardware
18.11,-0.251,-0.875,0.457,-8.625,10.125,-4.0,565.953975417503,fall_sitting,fall,6,real_hardware
18.115,-0.242,-0.865,0.458,-10.5,-6.875,9.5,565.9589685067843,fall_sitting,fall,6,real_hardware
18.12,-0.234,-0.857,0.468,-10.0,2.125,1.375,565.9589685067843,fall_sitting,fall,6,real_hardware
18.125,-0.23,-0.853,0.46,-13.625,4.625,-11.0,565.953975417503,fall_sitting,fall,6,real_hardware
18.13,-0.226,-0.851,0.458,-6.875,3.375,0.875,565.953975417503,fall_sitting,fall,6,real_hardware
18.135,-0.226,-0.849,0.455,-7.125,0.125,1.375,565.9489823835033,fall_sitting,fall,6,real_hardware
18.14,-0.226,-0.845,0.46,2.75,-1.0,6.375,565.9489823835033,fall_sitting,fall,6,real_hardware
18.145,-0.232,-0.843,0.464,-12.375,0.0,5.5,565.953975417503,fall_sitting,fall,6,real_hardware
18.15,-0.236,-0.841,0.468,-6.25,3.75,1.625,565.9489823835033,fall_sitting,fall,6,real_hardware
18.155,-0.255,-0.843,0.476,-9.0,-5.375,-6.75,565.9489823835033,fall_sitting,fall,6,real_hardware
18.16,-0.259,-0.845,0.48,-6.0,6.375,3.25,565.9644704563307,fall_sitting,fall,6,real_hardware
18.165,-0.269,-0.857,0.48,-3.875,0.0,-2.875,565.9644704563307,fall_sitting,fall,6,real_hardware
18.17,-0.273,-0.859,0.486,-11.625,-5.25,-2.25,565.9489823835033,fall_sitting,fall,6,real_hardware
18.175,-0.271,-0.863,0.49,-13.25,-12.0,12.75,565.9489823835033,fall_sitting,fall,6,real_hardware
18.18,-0.265,-0.867,0.484,-6.25,-10.5,-1.0,565.9644704563307,fall_sitting,fall,6,real_hardware
18.185,-0.257,-0.871,0.488,-11.375,0.125,0.875,565.9644704563307,fall_sitting,fall,6,real_hardware
18.19,-0.244,-0.871,0.482,-8.5,-10.0,-1.75,565.953975417503,fall_sitting,fall,6,real_hardware
18.195,-0.234,-0.863,0.474,-8.25,-5.0,0.5,565.9384872165972,fall_sitting,fall,6,real_hardware
18.2,-0.234,-0.857,0.47,-6.625,-12.625,-0.375,565.9489823835033,fall_sitting,fall,6,real_hardware
18.205,-0.228,-0.845,0.466,-1.625,-5.25,1.375,565.9489823835033,fall_sitting,fall,6,real_hardware
18.21,-0.228,-0.839,0.466,-13.0,-8.0,0.25,565.9489823835033,fall_sitting,fall,6,real_hardware
18.215,-0.23,-0.83,0.464,-1.5,-6.25,-6.25,565.9489823835033,fall_sitting,fall,6,real_hardware
18.22,-0.232,-0.833,0.451,-5.5,-13.375,0.875,565.9489823835033,fall_sitting,fall,6,real_hardware
18.225,-0.236,-0.835,0.451,-6.75,-13.875,10.25,565.9489823835033,fall_sitting,fall,6,real_hardware
18.23,-0.238,-0.843,0.445,-5.125,-13.375,4.5,565.9489823835033,fall_sitting,fall,6,real_hardware
18.235,-0.248,-0.845,0.437,-11.125,-9.375,0.625,565.953975417503,fall_sitting,fall,6,real_hardware
18.24,-0.255,-0.849,0.447,-2.0,-11.5,3.875,565.9489823835033,fall_sitting,fall,6,real_hardware
18.245,-0.259,-0.847,0.437,-3.25,-11.0,9.375,565.9489823835033,fall_sitting,fall,6,real_hardware
18.25,-0.261,-0.845,0.429,-1.875,-5.125,0.625,565.9489823835033,fall_sitting,fall,6,real_hardware
18.255,-0.269,-0.841,0.439,-6.5,-7.125,4.5,565.9489823835033,fall_sitting,fall,6,real_hardware
18.26,-0.273,-0.845,0.443,-3.75,-1.875,4.25,565.9489823835033,fall_sitting,fall,6,real_hardware
18.265,-0.277,-0.849,0.445,6.0,-4.375,3.75,565.9489823835033,fall_sitting,fall,6,real_hardware
18.27,-0.281,-0.853,0.447,-0.625,-3.0,-1.375,565.9489823835033,fall_sitting,fall,6,real_hardware
18.275,-0.279,-0.861,0.449,1.0,-14.5,11.625,565.9489823835033,fall_sitting,fall,6,real_hardware
18.28,-0.275,-0.857,0.453,-0.125,2.625,1.75,565.953975417503,fall_sitting,fall,6,real_hardware
18.285,-0.275,-0.859,0.455,1.875,-2.125,-5.75,565.953975417503,fall_sitting,fall,6,real_hardware
18.29,-0.269,-0.853,0.453,-3.125,-6.75,3.25,565.953975417503,fall_sitting,fall,6,real_hardware
18.295,-0.269,-0.849,0.462,4.125,-2.25,3.0,565.943989404785,fall_sitting,fall,6,real_hardware
18.3,-0.267,-0.849,0.464,3.375,-4.125,2.25,565.9489823835033,fall_sitting,fall,6,real_hardware
18.305,-0.261,-0.849,0.468,-5.875,-1.0,-1.0,565.9489823835033,fall_sitting,fall,6,real_hardware
18.31,-0.261,-0.851,0.47,4.5,-9.75,1.375,565.9489823835033,fall_sitting,fall,6,real_hardware
18.315,-0.259,-0.855,0.472,6.375,-6.0,8.625,565.9489823835033,fall_sitting,fall,6,real_hardware
18.32,-0.263,-0.855,0.478,6.5,-9.375,-1.25,565.9489823835033,fall_sitting,fall,6,real_hardware
18.325,-0.273,-0.859,0.482,12.625,0.0,-1.125,565.953975417503,fall_sitting,fall,6,real_hardware
18.33,-0.267,-0.863,0.48,5.0,-2.75,-0.625,565.953975417503,fall_sitting,fall,6,real_hardware
18.335,-0.267,-0.865,0.478,3.0,-1.0,5.125,565.953975417503,fall_sitting,fall,6,real_hardware
18.34,-0.271,-0.865,0.48,8.625,1.0,4.625,565.9644704563307,fall_sitting,fall,6,real_hardware
18.345,-0.269,-0.865,0.476,-2.25,0.25,2.75,565.9489823835033,fall_sitting,fall,6,real_hardware
18.35,-0.267,-0.857,0.478,1.75,-1.625,8.125,565.9489823835033,fall_sitting,fall,6,real_hardware
18.355,-0.255,-0.851,0.486,0.75,-0.625,-3.5,565.9694636269234,fall_sitting,fall,6,real_hardware
18.36,-0.267,-0.851,0.474,-9.5,-4.75,1.0,565.953975417503,fall_sitting,fall,6,real_hardware
18.365,-0.261,-0.851,0.466,0.75,3.875,-4.0,565.9694636269234,fall_sitting,fall,6,real_hardware
18.37,-0.257,-0.857,0.466,-4.0,-6.625,0.0,565.953975417503,fall_sitting,fall,6,real_hardware
18.375,-0.259,-0.857,0.472,2.875,-9.0,-1.875,565.9589685067843,fall_sitting,fall,6,real_hardware
18.38,-0.259,-0.857,0.474,3.5,-6.625,-2.125,565.9589685067843,fall_sitting,fall,6,real_hardware
18.385,-0.261,-0.851,0.472,-0.125,-4.375,4.75,565.9589685067843,fall_sitting,fall,6,real_hardware
18.39,-0.261,-0.853,0.468,-3.75,-3.375,2.75,565.9639616513479,fall_sitting,fall,6,real_hardware
18.395,-0.267,-0.851,0.466,0.25,-0.125,3.125,565.9639616513479,fall_sitting,fall,6,real_hardware
18.4,-0.259,-0.851,0.466,8.875,-1.5,-3.125,565.9794501339586,fall_sitting,fall,6,real_hardware
18.405,-0.257,-0.853,0.466,0.75,-3.75,3.375,565.9639616513479,fall_sitting,fall,6,real_hardware
18.41,-0.257,-0.863,0.462,2.0,-3.625,-4.25,565.9639616513479,fall_sitting,fall,6,real_hardware
18.415,-0.257,-0.855,0.462,-1.75,-2.0,8.0,565.9639616513479,fall_sitting,fall,6,real_hardware
18.42,-0.259,-0.859,0.457,2.875,-2.375,-0.625,565.9639616513479,fall_sitting,fall,6,real_hardware
18.425,-0.261,-0.857,0.464,0.375,-5.625,10.125,565.9689548511942,fall_sitting,fall,6,real_hardware
18.43,-0.261,-0.863,0.468,8.75,-5.75,2.5,565.9534662405015,fall_sitting,fall,6,real_hardware
18.435,-0.259,-0.861,0.462,8.125,-1.0,2.0,565.9534662405015,fall_sitting,fall,6,real_hardware
18.44,-0.259,-0.855,0.462,8.0,-0.875,-3.25,565.9484731772521,fall_sitting,fall,6,real_hardware
18.445,-0.267,-0.859,0.476,3.5,-6.25,3.125,565.9639616513479,fall_sitting,fall,6,real_hardware
18.45,-0.271,-0.857,0.466,-4.125,-4.75,0.0,565.9639616513479,fall_sitting,fall,6,real_hardware
18.455,-0.273,-0.851,0.476,9.625,-0.5,-3.25,565.9484731772521,fall_sitting,fall,6,real_hardware
18.46,-0.273,-0.851,0.48,-7.125,-4.0,9.5,565.9484731772521,fall_sitting,fall,6,real_hardware
18.465,-0.277,-0.857,0.478,9.375,0.0,2.125,565.9534662405015,fall_sitting,fall,6,real_hardware
18.47,-0.271,-0.851,0.478,5.75,0.125,6.0,565.9689548511942,fall_sitting,fall,6,real_hardware
18.475,-0.275,-0.845,0.48,1.75,-3.125,1.125,565.9689548511942,fall_sitting,fall,6,real_hardware
18.48,-0.269,-0.845,0.47,0.625,-3.375,-0.125,565.9689548511942,fall_sitting,fall,6,real_hardware
18.485,-0.279,-0.849,0.464,0.0,1.625,3.875,565.9689548511942,fall_sitting,fall,6,real_hardware
18.49,-0.279,-0.845,0.464,3.75,-0.5,0.5,565.9689548511942,fall_sitting,fall,6,real_hardware
18.495,-0.283,-0.851,0.472,5.5,-10.5,-5.5,565.9689548511942,fall_sitting,fall,6,real_hardware
18.5,-0.285,-0.855,0.466,0.75,3.25,0.5,565.9689548511942,fall_sitting,fall,6,real_hardware
18.505,-0.285,-0.851,0.466,2.125,7.0,1.875,565.9689548511942,fall_sitting,fall,6,real_hardware
18.51,-0.287,-0.853,0.47,2.5,9.125,6.125,565.9689548511942,fall_sitting,fall,6,real_hardware
18.515,-0.283,-0.855,0.478,3.0,7.625,-2.375,565.9689548511942,fall_sitting,fall,6,real_hardware
18.52,-0.277,-0.849,0.47,10.0,9.75,1.25,565.9639616513479,fall_sitting,fall,6,real_hardware
18.525,-0.283,-0.853,0.474,5.625,4.625,1.625,565.9639616513479,fall_sitting,fall,6,real_hardware
18.53,-0.277,-0.859,0.48,0.375,0.5,-2.375,565.9484731772521,fall_sitting,fall,6,real_hardware
18.535,-0.275,-0.855,0.472,2.0,4.875,1.625,565.9639616513479,fall_sitting,fall,6,real_hardware
18.54,-0.273,-0.863,0.476,1.625,5.125,-5.25,565.9639616513479,fall_sitting,fall,6,real_hardware
18.545,-0.275,-0.861,0.476,5.125,-5.25,-6.0,565.953975417503,fall_sitting,fall,6,real_hardware
18.55,-0.275,-0.861,0.472,-0.125,6.5,2.25,565.9694636269234,fall_sitting,fall,6,real_hardware
18.555,-0.275,-0.857,0.482,4.375,5.125,-5.625,565.9694636269234,fall_sitting,fall,6,real_hardware
18.56,-0.277,-0.855,0.48,-1.375,3.75,-1.875,565.9589685067843,fall_sitting,fall,6,real_hardware
18.565,-0.271,-0.853,0.472,-0.25,2.375,-0.75,565.9589685067843,fall_sitting,fall,6,real_hardware
18.57,-0.263,-0.857,0.478,5.875,1.875,3.375,565.9639616513479,fall_sitting,fall,6,real_hardware
18.575,-0.269,-0.855,0.472,4.0,-2.625,-1.75,565.9589685067843,fall_sitting,fall,6,real_hardware
18.58,-0.263,-0.857,0.472,5.375,2.375,-2.0,565.9434801692843,fall_sitting,fall,6,real_hardware
18.585,-0.263,-0.857,0.474,1.75,-2.875,-4.375,565.9434801692843,fall_sitting,fall,6,real_hardware
18.59,-0.263,-0.861,0.472,5.75,-0.5,-8.75,565.9434801692843,fall_sitting,fall,6,real_hardware
18.595,-0.257,-0.859,0.476,-1.25,4.75,2.125,565.9484731772521,fall_sitting,fall,6,real_hardware
18.6,-0.257,-0.853,0.48,1.0,-3.5,2.25,565.9484731772521,fall_sitting,fall,6,real_hardware
18.605,-0.257,-0.859,0.482,-4.875,3.75,7.625,565.9639616513479,fall_sitting,fall,6,real_hardware
18.61,-0.261,-0.861,0.478,-2.25,3.125,1.25,565.9639616513479,fall_sitting,fall,6,real_hardware
18.615,-0.261,-0.861,0.472,-2.125,-1.375,-2.625,565.9639616513479,fall_sitting,fall,6,real_hardware
18.62,-0.255,-0.859,0.474,0.625,-1.75,-3.625,565.9689548511942,fall_sitting,fall,6,real_hardware
18.625,-0.259,-0.867,0.472,2.25,1.375,-3.5,565.9689548511942,fall_sitting,fall,6,real_hardware
18.63,-0.257,-0.857,0.486,-4.75,-5.875,-3.5,565.9689548511942,fall_sitting,fall,6,real_hardware
18.635,-0.255,-0.861,0.486,-5.125,1.125,-1.75,565.9689548511942,fall_sitting,fall,6,real_hardware
18.64,-0.259,-0.861,0.474,-0.75,-0.375,-6.75,565.9639616513479,fall_sitting,fall,6,real_hardware
18.645,-0.255,-0.863,0.472,-2.625,-1.0,-6.25,565.9689548511942,fall_sitting,fall,6,real_hardware
18.65,-0.261,-0.865,0.466,-5.875,0.5,1.625,565.9639616513479,fall_sitting,fall,6,real_hardware
18.655,-0.257,-0.873,0.468,-5.25,4.25,3.75,565.9484731772521,fall_sitting,fall,6,real_hardware
18.66,-0.261,-0.873,0.462,-3.5,-5.25,0.375,565.9534662405015,fall_sitting,fall,6,real_hardware
18.665,-0.257,-0.867,0.472,-4.0,-2.625,-5.375,565.9534662405015,fall_sitting,fall,6,real_hardware
18.67,-0.253,-0.867,0.468,-1.0,-6.25,-2.875,565.9534662405015,fall_sitting,fall,6,real_hardware
18.675,-0.255,-0.867,0.468,0.0,0.5,-4.0,565.9534662405015,fall_sitting,fall,6,real_hardware
18.68,-0.253,-0.859,0.474,3.25,4.25,4.375,565.9689548511942,fall_sitting,fall,6,real_hardware
18.685,-0.25,-0.859,0.472,2.0,3.625,5.0,565.9689548511942,fall_sitting,fall,6,real_hardware
18.69,-0.251,-0.855,0.47,1.625,-2.0,-2.0,565.9689548511942,fall_sitting,fall,6,real_hardware
18.695,-0.25,-0.859,0.47,-1.5,-0.5,-0.75,565.9689548511942,fall_sitting,fall,6,real_hardware
18.7,-0.253,-0.853,0.474,0.75,-1.25,-7.125,565.9689548511942,fall_sitting,fall,6,real_hardware
18.705,-0.248,-0.859,0.47,-8.0,-2.0,1.125,565.9689548511942,fall_sitting,fall,6,real_hardware
18.71,-0.244,-0.855,0.478,-1.625,-1.5,0.5,565.9639616513479,fall_sitting,fall,6,real_hardware
18.715,-0.242,-0.857,0.482,-6.375,-4.75,5.125,565.9639616513479,fall_sitting,fall,6,real_hardware
18.72,-0.244,-0.847,0.47,1.625,-1.25,2.875,565.9639616513479,fall_sitting,fall,6,real_hardware
18.725,-0.244,-0.845,0.478,0.875,-2.625,-5.25,565.9589685067843,fall_sitting,fall,6,real_hardware
18.73,-0.246,-0.845,0.482,-8.625,-3.0,-3.5,565.9589685067843,fall_sitting,fall,6,real_hardware
18.735,-0.244,-0.847,0.482,-3.875,-1.75,0.5,565.9589685067843,fall_sitting,fall,6,real_hardware
18.74,-0.25,-0.845,0.482,3.5,-1.5,1.25,565.9589685067843,fall_sitting,fall,6,real_hardware
18.745,-0.257,-0.851,0.482,4.25,-2.25,-3.125,565.9589685067843,fall_sitting,fall,6,real_hardware
18.75,-0.244,-0.851,0.486,3.25,-3.875,5.0,565.953975417503,fall_sitting,fall,6,real_hardware
18.755,-0.251,-0.845,0.484,2.0,2.25,-2.375,565.953975417503,fall_sitting,fall,6,real_hardware
18.76,-0.253,-0.857,0.48,-7.25,-0.5,-1.5,565.9384872165972,fall_sitting,fall,6,real_hardware
18.765,-0.253,-0.855,0.478,1.125,-0.5,1.875,565.9384872165972,fall_sitting,fall,6,real_hardware
18.77,-0.257,-0.855,0.488,4.875,7.75,-5.125,565.9384872165972,fall_sitting,fall,6,real_hardware
18.775,-0.259,-0.849,0.482,-1.375,1.625,-3.25,565.9589685067843,fall_sitting,fall,6,real_hardware
18.78,-0.259,-0.853,0.484,2.375,-5.25,-2.375,565.9434801692843,fall_sitting,fall,6,real_hardware
18.785,-0.261,-0.857,0.486,-2.375,-3.75,5.625,565.9484731772521,fall_sitting,fall,6,real_hardware
18.79,-0.259,-0.861,0.486,0.625,-5.875,-3.375,565.9484731772521,fall_sitting,fall,6,real_hardware
18.795,-0.255,-0.857,0.486,0.0,3.75,2.125,565.9484731772521,fall_sitting,fall,6,real_hardware
18.8,-0.248,-0.855,0.492,1.375,-9.5,-4.0,565.9384872165972,fall_sitting,fall,6,real_hardware
18.805,-0.248,-0.855,0.488,2.375,-2.875,2.375,565.9334943191905,fall_sitting,fall,6,real_hardware
18.81,-0.248,-0.849,0.482,6.25,-3.625,3.125,565.9334943191905,fall_sitting,fall,6,real_hardware
18.815,-0.257,-0.843,0.474,-2.125,-6.25,1.125,565.9384872165972,fall_sitting,fall,6,real_hardware
18.82,-0.255,-0.851,0.478,5.0,-2.0,6.75,565.9384872165972,fall_sitting,fall,6,real_hardware
18.825,-0.253,-0.849,0.48,0.25,-4.5,5.125,565.9384872165972,fall_sitting,fall,6,real_hardware
18.83,-0.248,-0.857,0.476,-9.25,-5.75,3.5,565.953975417503,fall_sitting,fall,6,real_hardware
18.835,-0.253,-0.859,0.472,-3.0,-2.75,3.0,565.953975417503,fall_sitting,fall,6,real_hardware
18.84,-0.255,-0.861,0.476,2.625,-9.625,3.875,565.953975417503,fall_sitting,fall,6,real_hardware
18.845,-0.255,-0.869,0.482,5.25,2.75,2.75,565.953975417503,fall_sitting,fall,6,real_hardware
18.85,-0.253,-0.867,0.472,-6.25,-4.75,-0.5,565.953975417503,fall_sitting,fall,6,real_hardware
18.855,-0.253,-0.861,0.478,-0.625,-4.75,-6.875,565.953975417503,fall_sitting,fall,6,real_hardware
18.86,-0.25,-0.865,0.476,2.0,0.375,0.5,565.953975417503,fall_sitting,fall,6,real_hardware
18.865,-0.253,-0.863,0.482,-9.0,-11.375,0.875,565.9384872165972,fall_sitting,fall,6,real_hardware
18.87,-0.257,-0.853,0.478,-1.875,-4.375,-6.875,565.9384872165972,fall_sitting,fall,6,real_hardware
18.875,-0.259,-0.865,0.48,1.125,-7.625,-4.25,565.9489823835033,fall_sitting,fall,6,real_hardware
18.88,-0.263,-0.859,0.482,-4.875,-5.875,-2.125,565.9489823835033,fall_sitting,fall,6,real_hardware
18.885,-0.269,-0.873,0.472,-1.75,-4.75,-1.0,565.9489823835033,fall_sitting,fall,6,real_hardware
18.89,-0.271,-0.875,0.472,-3.875,4.25,-3.375,565.9334943191905,fall_sitting,fall,6,real_hardware
18.895,-0.283,-0.878,0.482,-1.5,0.75,-5.125,565.9334943191905,fall_sitting,fall,6,real_hardware
18.9,-0.285,-0.888,0.474,-8.5,4.875,-5.5,565.9334943191905,fall_sitting,fall,6,real_hardware
18.905,-0.283,-0.888,0.478,0.875,-4.375,0.0,565.9334943191905,fall_sitting,fall,6,real_hardware
18.91,-0.279,-0.89,0.476,-4.75,1.125,-12.375,565.9384872165972,fall_sitting,fall,6,real_hardware
18.915,-0.275,-0.884,0.474,-2.0,-5.75,-8.25,565.9384872165972,fall_sitting,fall,6,real_hardware
18.92,-0.267,-0.884,0.464,-12.75,5.5,-0.625,565.9384872165972,fall_sitting,fall,6,real_hardware
18.925,-0.261,-0.869,0.457,-4.75,0.625,-5.625,565.953975417503,fall_sitting,fall,6,real_hardware
18.93,-0.259,-0.853,0.449,-9.75,-7.0,-11.5,565.953975417503,fall_sitting,fall,6,real_hardware
18.935,-0.248,-0.835,0.447,-6.125,-0.5,-1.5,565.953975417503,fall_sitting,fall,6,real_hardware
18.94,-0.238,-0.824,0.441,-8.875,5.125,-5.5,565.9589685067843,fall_sitting,fall,6,real_hardware
18.945,-0.226,-0.822,0.443,0.0,9.625,-10.0,565.9589685067843,fall_sitting,fall,6,real_hardware
18.95,-0.22,-0.814,0.443,-15.25,11.25,-6.375,565.9434801692843,fall_sitting,fall,6,real_hardware
18.955,-0.212,-0.81,0.453,-9.5,5.5,-3.875,565.9589685067843,fall_sitting,fall,6,real_hardware
18.96,-0.203,-0.812,0.455,-5.125,5.375,-5.75,565.9589685067843,fall_sitting,fall,6,real_hardware
18.965,-0.177,-0.818,0.451,1.375,6.375,-1.0,565.9484731772521,fall_sitting,fall,6,real_hardware
18.97,-0.158,-0.818,0.466,3.625,6.75,2.0,565.9484731772521,fall_sitting,fall,6,real_hardware
18.975,-0.148,-0.83,0.464,-7.875,-0.5,1.25,565.9484731772521,fall_sitting,fall,6,real_hardware
18.98,-0.138,-0.83,0.453,-8.625,3.375,-0.625,565.9484731772521,fall_sitting,fall,6,real_hardware
18.985,-0.134,-0.826,0.449,-1.125,1.625,-0.5,565.9484731772521,fall_sitting,fall,6,real_hardware
18.99,-0.142,-0.83,0.447,1.75,4.875,8.5,565.9484731772521,fall_sitting,fall,6,real_hardware
18.995,-0.148,-0.833,0.437,0.25,5.0,3.125,565.9434801692843,fall_sitting,fall,6,real_hardware
19.0,-0.179,-0.855,0.445,-1.5,6.375,1.625,565.9484731772521,fall_sitting,fall,6,real_hardware
19.005,-0.224,-0.875,0.439,2.125,10.125,9.75,565.9484731772521,fall_sitting,fall,6,real_hardware
19.01,-0.263,-0.892,0.443,-1.0,4.375,1.75,565.9484731772521,fall_sitting,fall,6,real_hardware
19.015,-0.3,-0.91,0.443,1.0,2.0,1.125,565.9484731772521,fall_sitting,fall,6,real_hardware
19.02,-0.32,-0.929,0.453,1.5,4.375,-2.5,565.9484731772521,fall_sitting,fall,6,real_hardware
19.025,-0.33,-0.933,0.466,1.75,5.25,-6.75,565.9484731772521,fall_sitting,fall,6,real_hardware
19.03,-0.33,-0.931,0.47,8.375,0.125,-9.875,565.9484731772521,fall_sitting,fall,6,real_hardware
19.035,-0.318,-0.916,0.468,5.625,3.375,1.75,565.9484731772521,fall_sitting,fall,6,real_hardware
19.04,-0.287,-0.882,0.466,-0.625,1.625,-4.375,565.9484731772521,fall_sitting,fall,6,real_hardware
19.045,-0.269,-0.859,0.466,13.375,-5.5,-7.0,565.9484731772521,fall_sitting,fall,6,real_hardware
19.05,-0.238,-0.835,0.457,-5.125,-0.75,-1.125,565.9484731772521,fall_sitting,fall,6,real_hardware
19.055,-0.222,-0.832,0.46,0.75,0.5,1.875,565.9484731772521,fall_sitting,fall,6,real_hardware
19.06,-0.203,-0.828,0.451,6.625,-7.25,-1.5,565.9484731772521,fall_sitting,fall,6,real_hardware
19.065,-0.187,-0.828,0.453,8.125,-9.5,-5.0,565.9589685067843,fall_sitting,fall,6,real_hardware
19.07,-0.173,-0.832,0.453,7.875,2.5,-2.25,565.9384872165972,fall_sitting,fall,6,real_hardware
19.075,-0.177,-0.843,0.457,1.75,-2.375,4.25,565.9384872165972,fall_sitting,fall,6,real_hardware
19.08,-0.177,-0.841,0.458,5.125,-9.25,2.75,565.953975417503,fall_sitting,fall,6,real_hardware
19.085,-0.181,-0.847,0.46,-2.25,-10.75,-3.5,565.953975417503,fall_sitting,fall,6,real_hardware
19.09,-0.195,-0.853,0.457,-1.375,-15.0,5.625,565.9384872165972,fall_sitting,fall,6,real_hardware
19.095,-0.203,-0.851,0.466,1.0,-11.625,8.625,565.9589685067843,fall_sitting,fall,6,real_hardware
19.1,-0.218,-0.863,0.472,6.875,-5.5,12.375,565.9434801692843,fall_sitting,fall,6,real_hardware
19.105,-0.23,-0.861,0.468,2.5,-6.125,4.5,565.9434801692843,fall_sitting,fall,6,real_hardware
19.11,-0.238,-0.865,0.468,0.25,-12.375,2.875,565.9434801692843,fall_sitting,fall,6,real_hardware
19.115,-0.244,-0.867,0.464,-7.375,-10.0,1.625,565.9434801692843,fall_sitting,fall,6,real_hardware
19.12,-0.25,-0.869,0.462,13.5,-10.75,0.25,565.927991840299,fall_sitting,fall,6,real_hardware
19.125,-0.251,-0.869,0.462,4.875,-5.625,0.5,565.9484731772521,fall_sitting,fall,6,real_hardware
19.13,-0.253,-0.873,0.466,3.0,-11.0,7.25,565.9484731772521,fall_sitting,fall,6,real_hardware
19.135,-0.25,-0.863,0.464,10.75,-9.0,-0.5,565.9484731772521,fall_sitting,fall,6,real_hardware
19.14,-0.251,-0.867,0.462,-1.125,-15.0,6.375,565.9484731772521,fall_sitting,fall,6,real_hardware
19.145,-0.25,-0.865,0.462,6.5,-10.375,2.75,565.9484731772521,fall_sitting,fall,6,real_hardware
19.15,-0.242,-0.869,0.462,0.875,-9.875,5.0,565.9484731772521,fall_sitting,fall,6,real_hardware
19.155,-0.248,-0.863,0.462,5.75,-8.25,3.75,565.9484731772521,fall_sitting,fall,6,real_hardware
19.16,-0.251,-0.863,0.46,6.75,-10.75,-4.875,565.9484731772521,fall_sitting,fall,6,real_hardware
19.165,-0.259,-0.861,0.462,3.875,-14.625,0.0,565.9639616513479,fall_sitting,fall,6,real_hardware
19.17,-0.263,-0.863,0.464,7.5,-12.125,2.125,565.9484731772521,fall_sitting,fall,6,real_hardware
19.175,-0.265,-0.867,0.457,15.625,-7.125,0.75,565.9484731772521,fall_sitting,fall,6,real_hardware
19.18,-0.265,-0.869,0.47,3.125,-8.375,-3.5,565.9484731772521,fall_sitting,fall,6,real_hardware
19.185,-0.269,-0.861,0.462,0.625,-14.125,3.125,565.9484731772521,fall_sitting,fall,6,real_hardware
19.19,-0.271,-0.855,0.466,-1.125,-6.75,0.625,565.9484731772521,fall_sitting,fall,6,real_hardware
19.195,-0.279,-0.849,0.464,1.75,-4.25,1.25,565.9379776383237,fall_sitting,fall,6,real_hardware
19.2,-0.281,-0.845,0.46,9.875,-3.125,-2.0,565.9484731772521,fall_sitting,fall,6,real_hardware
19.205,-0.287,-0.843,0.466,6.375,2.75,-1.625,565.9329847116713,fall_sitting,fall,6,real_hardware
19.21,-0.292,-0.845,0.458,7.625,-1.875,0.75,565.9329847116713,fall_sitting,fall,6,real_hardware
19.215,-0.306,-0.839,0.47,8.875,6.75,-0.625,565.9329847116713,fall_sitting,fall,6,real_hardware
19.22,-0.322,-0.835,0.453,-2.75,7.75,7.25,565.9434801692843,fall_sitting,fall,6,real_hardware
19.225,-0.333,-0.833,0.451,2.25,2.75,2.375,565.9434801692843,fall_sitting,fall,6,real_hardware
19.23,-0.347,-0.82,0.449,13.375,12.625,-3.125,565.9434801692843,fall_sitting,fall,6,real_hardware
19.235,-0.361,-0.83,0.447,7.125,4.0,-0.625,565.9484731772521,fall_sitting,fall,6,real_hardware
19.24,-0.386,-0.824,0.455,12.875,17.5,-12.0,565.9484731772521,fall_sitting,fall,6,real_hardware
19.245,-0.394,-0.822,0.447,6.125,20.625,-2.75,565.9484731772521,fall_sitting,fall,6,real_hardware
19.25,-0.404,-0.818,0.453,9.0,24.375,-11.125,565.9484731772521,fall_sitting,fall,6,real_hardware
19.255,-0.402,-0.812,0.449,18.75,25.5,-10.0,565.9484731772521,fall_sitting,fall,6,real_hardware
19.26,-0.419,-0.81,0.439,11.5,28.5,-15.5,565.9434801692843,fall_sitting,fall,6,real_hardware
19.265,-0.427,-0.824,0.449,10.625,31.75,-9.125,565.9434801692843,fall_sitting,fall,6,real_hardware
19.27,-0.431,-0.828,0.447,10.25,40.25,-12.5,565.9434801692843,fall_sitting,fall,6,real_hardware
19.275,-0.437,-0.837,0.449,7.625,40.25,-11.75,565.9484731772521,fall_sitting,fall,6,real_hardware
19.28,-0.445,-0.847,0.449,10.5,42.75,-4.75,565.9484731772521,fall_sitting,fall,6,real_hardware
19.285,-0.443,-0.851,0.451,3.25,46.5,-16.625,565.9484731772521,fall_sitting,fall,6,real_hardware
19.29,-0.437,-0.863,0.449,9.0,49.375,-20.75,565.9484731772521,fall_sitting,fall,6,real_hardware
19.295,-0.423,-0.867,0.462,8.875,52.375,-21.0,565.9329847116713,fall_sitting,fall,6,real_hardware
19.3,-0.414,-0.871,0.46,5.125,53.875,-19.75,565.927991840299,fall_sitting,fall,6,real_hardware
19.305,-0.398,-0.871,0.46,8.875,48.75,-21.0,565.9329847116713,fall_sitting,fall,6,real_hardware
19.31,-0.376,-0.873,0.47,3.75,48.75,-16.5,565.927991840299,fall_sitting,fall,6,real_hardware
19.315,-0.373,-0.861,0.476,7.875,50.875,-28.875,565.927991840299,fall_sitting,fall,6,real_hardware
19.32,-0.363,-0.851,0.47,6.5,61.125,-27.625,565.927991840299,fall_sitting,fall,6,real_hardware
19.325,-0.359,-0.851,0.476,1.625,53.75,-21.625,565.927991840299,fall_sitting,fall,6,real_hardware
19.33,-0.347,-0.841,0.488,14.75,57.5,-29.625,565.9329847116713,fall_sitting,fall,6,real_hardware
19.335,-0.349,-0.833,0.482,9.75,52.125,-24.875,565.9329847116713,fall_sitting,fall,6,real_hardware
19.34,-0.333,-0.828,0.482,8.875,61.0,-29.0,565.9329847116713,fall_sitting,fall,6,real_hardware
19.345,-0.326,-0.816,0.486,17.875,57.125,-28.625,565.9329847116713,fall_sitting,fall,6,real_hardware
19.35,-0.326,-0.8,0.49,10.625,59.875,-29.625,565.9329847116713,fall_sitting,fall,6,real_hardware
19.355,-0.32,-0.781,0.494,12.625,68.875,-30.25,565.9484731772521,fall_sitting,fall,6,real_hardware
19.36,-0.316,-0.771,0.496,11.625,60.75,-24.25,565.927991840299,fall_sitting,fall,6,real_hardware
19.365,-0.304,-0.763,0.498,11.0,65.25,-38.875,565.927991840299,fall_sitting,fall,6,real_hardware
19.37,-0.314,-0.763,0.474,12.625,56.625,-33.375,565.927991840299,fall_sitting,fall,6,real_hardware
19.375,-0.324,-0.775,0.476,8.375,64.625,-27.375,565.9434801692843,fall_sitting,fall,6,real_hardware
19.38,-0.324,-0.779,0.462,11.5,65.375,-28.875,565.9434801692843,fall_sitting,fall,6,real_hardware
19.385,-0.326,-0.779,0.478,11.125,63.75,-26.125,565.9434801692843,fall_sitting,fall,6,real_hardware
19.39,-0.332,-0.777,0.482,22.875,67.625,-32.0,565.9434801692843,fall_sitting,fall,6,real_hardware
19.395,-0.339,-0.777,0.484,14.875,67.125,-31.5,565.9434801692843,fall_sitting,fall,6,real_hardware
19.4,-0.335,-0.787,0.49,10.625,68.0,-39.75,565.9639616513479,fall_sitting,fall,6,real_hardware
19.405,-0.339,-0.789,0.496,20.375,70.5,-38.0,565.9484731772521,fall_sitting,fall,6,real_hardware
19.41,-0.343,-0.798,0.498,14.25,66.25,-30.25,565.9484731772521,fall_sitting,fall,6,real_hardware
19.415,-0.339,-0.81,0.49,19.125,71.125,-33.5,565.9484731772521,fall_sitting,fall,6,real_hardware
19.42,-0.345,-0.828,0.494,20.875,60.5,-37.75,565.9329847116713,fall_sitting,fall,6,real_hardware
19.425,-0.347,-0.841,0.482,12.625,62.875,-32.125,565.9329847116713,fall_sitting,fall,6,real_hardware
19.43,-0.335,-0.851,0.482,17.875,60.25,-32.75,565.927991840299,fall_sitting,fall,6,real_hardware
19.435,-0.328,-0.859,0.488,12.125,56.375,-37.125,565.9329847116713,fall_sitting,fall,6,real_hardware
19.44,-0.324,-0.861,0.498,11.5,56.5,-33.375,565.9329847116713,fall_sitting,fall,6,real_hardware
19.445,-0.322,-0.875,0.503,13.0,60.25,-33.875,565.9484731772521,fall_sitting,fall,6,real_hardware
19.45,-0.316,-0.873,0.511,10.0,59.875,-40.0,565.9484731772521,fall_sitting,fall,6,real_hardware
19.455,-0.314,-0.871,0.513,15.75,59.125,-39.375,565.9484731772521,fall_sitting,fall,6,real_hardware
19.46,-0.306,-0.878,0.517,16.625,56.0,-37.375,565.9484731772521,fall_sitting,fall,6,real_hardware
19.465,-0.314,-0.88,0.523,9.0,54.0,-30.625,565.9484731772521,fall_sitting,fall,6,real_hardware
19.47,-0.322,-0.876,0.527,1.75,56.625,-37.75,565.9484731772521,fall_sitting,fall,6,real_hardware
19.475,-0.339,-0.888,0.521,13.625,61.125,-32.875,565.9329847116713,fall_sitting,fall,6,real_hardware
19.48,-0.332,-0.882,0.513,11.25,54.75,-33.625,565.9329847116713,fall_sitting,fall,6,real_hardware
19.485,-0.318,-0.875,0.503,8.125,55.125,-39.625,565.9329847116713,fall_sitting,fall,6,real_hardware
19.49,-0.304,-0.875,0.494,16.25,54.5,-32.875,565.9329847116713,fall_sitting,fall,6,real_hardware
19.495,-0.296,-0.863,0.492,18.625,60.5,-37.125,565.9329847116713,fall_sitting,fall,6,real_hardware
19.5,-0.292,-0.857,0.482,2.125,58.0,-34.5,565.9329847116713,fall_sitting,fall,6,real_hardware
19.505,-0.306,-0.83,0.488,11.625,60.5,-53.75,565.9329847116713,fall_sitting,fall,6,real_hardware
19.51,-0.326,-0.808,0.486,12.0,56.25,-43.75,565.9329847116713,fall_sitting,fall,6,real_hardware
19.515,-0.339,-0.796,0.494,10.25,54.75,-46.375,565.9329847116713,fall_sitting,fall,6,real_hardware
19.52,-0.349,-0.779,0.507,11.0,56.75,-47.5,565.9174962546055,fall_sitting,fall,6,real_hardware
19.525,-0.359,-0.787,0.513,7.375,55.625,-51.875,565.927991840299,fall_sitting,fall,6,real_hardware
19.53,-0.343,-0.802,0.529,13.125,61.0,-46.5,565.9125035198285,fall_sitting,fall,6,real_hardware
19.535,-0.32,-0.828,0.523,12.125,63.375,-45.75,565.9075108403297,fall_sitting,fall,6,real_hardware
19.54,-0.314,-0.88,0.492,12.875,59.375,-44.125,565.8975256471641,fall_sitting,fall,6,real_hardware
19.545,-0.285,-0.919,0.458,10.125,50.625,-45.875,565.8975256471641,fall_sitting,fall,6,real_hardware
19.55,-0.232,-0.957,0.457,-0.75,66.75,-35.375,565.9025182161083,fall_sitting,fall,6,real_hardware
19.555,-0.203,-0.972,0.462,-7.25,60.375,-33.75,565.9229990242061,fall_sitting,fall,6,real_hardware
19.56,-0.173,-0.978,0.476,-4.375,60.875,-37.625,565.9229990242061,fall_sitting,fall,6,real_hardware
19.565,-0.152,-0.972,0.484,-4.125,64.625,-35.0,565.9229990242061,fall_sitting,fall,6,real_hardware
19.57,-0.138,-0.962,0.49,-4.625,67.375,-34.0,565.9075108403297,fall_sitting,fall,6,real_hardware
19.575,-0.138,-0.919,0.496,-6.0,53.25,-31.25,565.9180062633922,fall_sitting,fall,6,real_hardware
19.58,-0.154,-0.876,0.5,-4.625,53.5,-30.75,565.9180062633922,fall_sitting,fall,6,real_hardware
19.585,-0.185,-0.828,0.496,0.0,62.875,-36.75,565.9130135578566,fall_sitting,fall,6,real_hardware
19.59,-0.23,-0.763,0.494,1.875,59.375,-34.875,565.9130135578566,fall_sitting,fall,6,real_hardware
19.595,-0.267,-0.73,0.49,4.25,48.5,-26.0,565.9180062633922,fall_sitting,fall,6,real_hardware
19.6,-0.302,-0.71,0.484,8.125,39.25,-23.25,565.9130135578566,fall_sitting,fall,6,real_hardware
19.605,-0.332,-0.708,0.48,22.125,44.5,-31.125,565.9130135578566,fall_sitting,fall,6,real_hardware
19.61,-0.345,-0.722,0.482,13.875,39.625,-32.25,565.8975256471641,fall_sitting,fall,6,real_hardware
19.615,-0.345,-0.738,0.486,12.125,36.5,-27.25,565.8975256471641,fall_sitting,fall,6,real_hardware
19.62,-0.343,-0.75,0.501,19.125,34.5,-25.25,565.8975256471641,fall_sitting,fall,6,real_hardware
19.625,-0.332,-0.775,0.517,16.5,36.75,-34.0,565.9025182161083,fall_sitting,fall,6,real_hardware
19.63,-0.308,-0.802,0.537,14.875,40.625,-24.125,565.9025182161083,fall_sitting,fall,6,real_hardware
19.635,-0.277,-0.82,0.546,21.0,42.5,-30.5,565.9130135578566,fall_sitting,fall,6,real_hardware
19.64,-0.244,-0.828,0.546,8.25,46.125,-20.0,565.9180062633922,fall_sitting,fall,6,real_hardware
19.645,-0.208,-0.83,0.544,10.5,38.75,-10.25,565.9025182161083,fall_sitting,fall,6,real_hardware
19.65,-0.162,-0.833,0.542,6.625,37.125,-8.375,565.9180062633922,fall_sitting,fall,6,real_hardware
19.655,-0.125,-0.833,0.537,2.125,34.625,-22.75,565.9180062633922,fall_sitting,fall,6,real_hardware
19.66,-0.089,-0.839,0.517,4.125,38.0,-16.25,565.9180062633922,fall_sitting,fall,6,real_hardware
19.665,-0.068,-0.83,0.505,3.875,38.375,-23.625,565.9025182161083,fall_sitting,fall,6,real_hardware
19.67,-0.039,-0.83,0.48,1.25,30.875,-19.25,565.9025182161083,fall_sitting,fall,6,real_hardware
19.675,-0.029,-0.832,0.472,2.625,36.0,-17.0,565.9025182161083,fall_sitting,fall,6,real_hardware
19.68,-0.021,-0.824,0.457,0.375,33.375,-19.125,565.9180062633922,fall_sitting,fall,6,real_hardware
19.685,-0.029,-0.818,0.449,6.0,39.25,-12.5,565.9229990242061,fall_sitting,fall,6,real_hardware
19.69,-0.044,-0.816,0.435,5.875,36.625,-20.625,565.9229990242061,fall_sitting,fall,6,real_hardware
19.695,-0.066,-0.8,0.431,1.0,41.875,-17.0,565.9229990242061,fall_sitting,fall,6,real_hardware
19.7,-0.089,-0.785,0.414,2.25,43.0,-11.0,565.9180062633922,fall_sitting,fall,6,real_hardware
19.705,-0.115,-0.777,0.416,5.75,47.875,-14.375,565.9334943191905,fall_sitting,fall,6,real_hardware
19.71,-0.146,-0.775,0.414,8.75,38.25,-18.875,565.9334943191905,fall_sitting,fall,6,real_hardware
19.715,-0.183,-0.779,0.408,13.375,50.25,-16.375,565.9334943191905,fall_sitting,fall,6,real_hardware
19.72,-0.203,-0.791,0.408,5.5,48.5,-9.625,565.9334943191905,fall_sitting,fall,6,real_hardware
19.725,-0.218,-0.791,0.423,15.0,52.0,-12.75,565.9334943191905,fall_sitting,fall,6,real_hardware
19.73,-0.242,-0.806,0.417,7.0,44.875,-10.625,565.9334943191905,fall_sitting,fall,6,real_hardware
19.735,-0.263,-0.814,0.419,13.375,52.375,-14.125,565.9334943191905,fall_sitting,fall,6,real_hardware
19.74,-0.283,-0.828,0.416,8.0,54.625,-19.375,565.9334943191905,fall_sitting,fall,6,real_hardware
19.745,-0.298,-0.832,0.408,15.875,56.25,-25.5,565.9334943191905,fall_sitting,fall,6,real_hardware
19.75,-0.32,-0.837,0.406,6.375,59.625,-22.625,565.9180062633922,fall_sitting,fall,6,real_hardware
19.755,-0.316,-0.841,0.404,16.5,56.5,-27.125,565.9334943191905,fall_sitting,fall,6,real_hardware
19.76,-0.302,-0.837,0.406,12.125,50.875,-24.5,565.9180062633922,fall_sitting,fall,6,real_hardware
19.765,-0.283,-0.82,0.402,7.875,51.5,-33.25,565.9229990242061,fall_sitting,fall,6,real_hardware
19.77,-0.269,-0.808,0.392,-0.5,50.25,-29.625,565.9180062633922,fall_sitting,fall,6,real_hardware
19.775,-0.251,-0.792,0.392,10.625,55.875,-41.875,565.9229990242061,fall_sitting,fall,6,real_hardware
19.78,-0.246,-0.791,0.376,0.75,56.25,-35.625,565.9229990242061,fall_sitting,fall,6,real_hardware
19.785,-0.23,-0.792,0.365,-7.375,51.5,-51.25,565.9229990242061,fall_sitting,fall,6,real_hardware
19.79,-0.205,-0.789,0.355,2.0,57.125,-39.125,565.9125035198285,fall_sitting,fall,6,real_hardware
19.795,-0.171,-0.783,0.347,-15.75,50.875,-34.0,565.927991840299,fall_sitting,fall,6,real_hardware
19.8,-0.138,-0.779,0.337,-7.25,53.5,-29.125,565.9329847116713,fall_sitting,fall,6,real_hardware
19.805,-0.115,-0.763,0.324,-5.375,57.375,-31.5,565.9174962546055,fall_sitting,fall,6,real_hardware
19.81,-0.082,-0.751,0.312,-1.25,52.0,-25.125,565.9075108403297,fall_sitting,fall,6,real_hardware
19.815,-0.062,-0.744,0.302,-4.5,61.5,-38.625,565.9180062633922,fall_sitting,fall,6,real_hardware
19.82,-0.052,-0.732,0.304,-2.875,63.625,-31.75,565.9180062633922,fall_sitting,fall,6,real_hardware
19.825,-0.037,-0.73,0.298,-7.875,51.5,-29.875,565.9130135578566,fall_sitting,fall,6,real_hardware
19.83,-0.025,-0.72,0.298,-3.875,53.625,-36.25,565.9180062633922,fall_sitting,fall,6,real_hardware
19.835,-0.025,-0.732,0.275,-0.125,54.375,-26.75,565.9180062633922,fall_sitting,fall,6,real_hardware
19.84,-0.021,-0.732,0.263,0.0,53.0,-21.625,565.9075108403297,fall_sitting,fall,6,real_hardware
19.845,-0.009,-0.742,0.277,3.5,49.375,-32.25,565.9125035198285,fall_sitting,fall,6,real_hardware
19.85,-0.003,-0.746,0.285,-5.125,46.5,-19.125,565.9125035198285,fall_sitting,fall,6,real_hardware
19.855,-0.003,-0.738,0.285,-4.625,42.0,-12.5,565.9125035198285,fall_sitting,fall,6,real_hardware
19.86,-0.009,-0.73,0.296,8.125,47.125,-16.25,565.9125035198285,fall_sitting,fall,6,real_hardware
19.865,-0.015,-0.724,0.31,4.125,38.25,-15.875,565.9125035198285,fall_sitting,fall,6,real_hardware
19.87,-0.035,-0.718,0.31,7.0,32.0,-22.625,565.9329847116713,fall_sitting,fall,6,real_hardware
19.875,-0.068,-0.724,0.324,13.5,28.0,-13.375,565.9329847116713,fall_sitting,fall,6,real_hardware
19.88,-0.101,-0.736,0.335,13.375,26.625,-12.375,565.9329847116713,fall_sitting,fall,6,real_hardware
19.885,-0.123,-0.74,0.353,10.375,33.25,-21.0,565.927991840299,fall_sitting,fall,6,real_hardware
19.89,-0.154,-0.767,0.361,9.0,26.875,-15.25,565.927991840299,fall_sitting,fall,6,real_hardware
19.895,-0.158,-0.779,0.38,4.625,11.5,-19.5,565.927991840299,fall_sitting,fall,6,real_hardware
19.9,-0.148,-0.8,0.39,5.0,13.25,-18.0,565.927991840299,fall_sitting,fall,6,real_hardware
19.905,-0.125,-0.82,0.398,7.625,9.125,-12.875,565.927991840299,fall_sitting,fall,6,real_hardware
19.91,-0.095,-0.833,0.414,8.5,7.25,-13.5,565.927991840299,fall_sitting,fall,6,real_hardware
19.915,-0.078,-0.849,0.431,2.75,12.75,-7.0,565.9484731772521,fall_sitting,fall,6,real_hardware
19.92,-0.082,-0.861,0.447,-1.25,0.375,-1.5,565.927991840299,fall_sitting,fall,6,real_hardware
19.925,-0.097,-0.857,0.458,-9.0,5.75,-9.875,565.927991840299,fall_sitting,fall,6,real_hardware
19.93,-0.126,-0.851,0.457,-9.375,7.25,-8.375,565.927991840299,fall_sitting,fall,6,real_hardware
19.935,-0.152,-0.837,0.445,-16.0,5.125,-7.375,565.927991840299,fall_sitting,fall,6,real_hardware
19.94,-0.179,-0.818,0.437,-15.375,3.125,-12.75,565.927991840299,fall_sitting,fall,6,real_hardware
19.945,-0.203,-0.787,0.431,-15.0,-2.25,-6.125,565.927991840299,fall_sitting,fall,6,real_hardware
19.95,-0.22,-0.769,0.423,-18.0,3.5,-12.75,565.9434801692843,fall_sitting,fall,6,real_hardware
19.955,-0.24,-0.759,0.419,-17.875,4.25,-4.5,565.927991840299,fall_sitting,fall,6,real_hardware
19.96,-0.263,-0.769,0.423,-26.75,-8.75,-5.125,565.927991840299,fall_sitting,fall,6,real_hardware
19.965,-0.267,-0.781,0.419,-28.125,-6.25,-6.375,565.927991840299,fall_sitting,fall,6,real_hardware
19.97,-0.255,-0.802,0.427,-27.875,-9.75,-12.75,565.927991840299,fall_sitting,fall,6,real_hardware
19.975,-0.23,-0.82,0.417,-33.625,-12.625,-16.5,565.927991840299,fall_sitting,fall,6,real_hardware
19.98,-0.191,-0.824,0.402,-45.75,-10.625,-12.625,565.927991840299,fall_sitting,fall,6,real_hardware
19.985,-0.144,-0.82,0.373,-42.25,-18.5,-10.875,565.927991840299,fall_sitting,fall,6,real_hardware
19.99,-0.093,-0.791,0.353,-43.125,-20.625,-6.375,565.927991840299,fall_sitting,fall,6,real_hardware
19.995,-0.058,-0.769,0.316,-44.0,-18.625,-14.0,565.927991840299,fall_sitting,fall,6,real_hardware
20.0,-0.029,-0.74,0.285,-50.75,-17.375,-4.625,565.927991840299,fall_sitting,fall,6,real_hardware
20.005,-0.021,-0.708,0.259,-53.875,-28.375,2.0,565.927991840299,fall_sitting,fall,6,real_hardware
20.01,-0.035,-0.666,0.234,-40.875,-15.875,-5.625,565.9329847116713,fall_sitting,fall,6,real_hardware
20.015,-0.058,-0.634,0.218,-31.375,-19.5,-5.125,565.9329847116713,fall_sitting,fall,6,real_hardware
20.02,-0.085,-0.617,0.199,-31.75,-19.5,3.875,565.9329847116713,fall_sitting,fall,6,real_hardware
20.025,-0.126,-0.634,0.193,-35.875,-26.125,-1.75,565.9329847116713,fall_sitting,fall,6,real_hardware
20.03,-0.167,-0.677,0.189,-27.625,-21.625,-5.375,565.9329847116713,fall_sitting,fall,6,real_hardware
20.035,-0.21,-0.736,0.162,-16.625,-18.375,-1.25,565.9080209075994,fall_sitting,fall,6,real_hardware
20.04,-0.25,-0.82,0.152,-24.0,-23.625,3.75,565.9285014770637,fall_sitting,fall,6,real_hardware
20.045,-0.265,-0.9,0.154,-31.875,-26.375,-2.25,565.9180062633922,fall_sitting,fall,6,real_hardware
20.05,-0.251,-0.939,0.179,-43.125,-32.375,4.25,565.9180062633922,fall_sitting,fall,6,real_hardware
20.055,-0.23,-0.984,0.193,-39.0,-23.75,-5.75,565.9229990242061,fall_sitting,fall,6,real_hardware
20.06,-0.193,-1.003,0.193,-37.25,-32.5,1.625,565.9229990242061,fall_sitting,fall,6,real_hardware
20.065,-0.128,-1.025,0.205,-44.375,-34.875,1.625,565.9075108403297,fall_sitting,fall,6,real_hardware
20.07,-0.06,-1.039,0.228,-48.75,-27.875,0.0,565.9125035198285,fall_sitting,fall,6,real_hardware
20.075,0.0,-1.017,0.23,-44.375,-25.25,2.875,565.9125035198285,fall_sitting,fall,6,real_hardware
20.08,0.025,-0.974,0.236,-44.625,-30.5,-4.125,565.927991840299,fall_sitting,fall,6,real_hardware
20.085,0.021,-0.925,0.238,-47.625,-31.75,8.5,565.927991840299,fall_sitting,fall,6,real_hardware
20.09,-0.005,-0.886,0.236,-40.75,-24.5,12.75,565.9125035198285,fall_sitting,fall,6,real_hardware
20.095,-0.013,-0.89,0.218,-32.25,-28.0,7.125,565.9125035198285,fall_sitting,fall,6,real_hardware
20.1,-0.056,-0.906,0.207,-36.375,-37.125,14.25,565.927991840299,fall_sitting,fall,6,real_hardware
20.105,-0.087,-0.916,0.201,-40.625,-41.125,15.75,565.927991840299,fall_sitting,fall,6,real_hardware
20.11,-0.085,-0.945,0.201,-43.875,-38.625,17.5,565.9125035198285,fall_sitting,fall,6,real_hardware
20.115,-0.082,-0.98,0.21,-39.625,-43.875,16.875,565.9174962546055,fall_sitting,fall,6,real_hardware
20.12,-0.068,-1.017,0.212,-42.0,-46.0,12.75,565.9174962546055,fall_sitting,fall,6,real_hardware
20.125,-0.046,-1.05,0.224,-37.75,-51.5,19.125,565.9174962546055,fall_sitting,fall,6,real_hardware
20.13,-0.037,-1.058,0.238,-35.125,-52.25,13.25,565.9174962546055,fall_sitting,fall,6,real_hardware
20.135,-0.031,-1.052,0.25,-31.25,-54.5,20.75,565.9174962546055,fall_sitting,fall,6,real_hardware
20.14,-0.037,-1.044,0.25,-33.125,-62.125,18.75,565.9174962546055,fall_sitting,fall,6,real_hardware
20.145,-0.044,-1.031,0.246,-23.0,-61.5,14.375,565.9174962546055,fall_sitting,fall,6,real_hardware
20.15,-0.064,-1.011,0.236,-29.625,-65.25,23.125,565.9174962546055,fall_sitting,fall,6,real_hardware
20.155,-0.099,-0.998,0.208,-29.5,-69.625,27.375,565.9174962546055,fall_sitting,fall,6,real_hardware
20.16,-0.123,-0.98,0.195,-29.0,-69.75,14.25,565.9174962546055,fall_sitting,fall,6,real_hardware
20.165,-0.132,-0.97,0.179,-17.0,-68.25,26.25,565.9174962546055,fall_sitting,fall,6,real_hardware
20.17,-0.138,-0.964,0.148,-16.625,-67.75,20.875,565.9174962546055,fall_sitting,fall,6,real_hardware
20.175,-0.15,-0.957,0.121,-24.875,-68.375,17.0,565.897015207873,fall_sitting,fall,6,real_hardware
20.18,-0.156,-0.957,0.107,-21.0,-62.125,26.5,565.9125035198285,fall_sitting,fall,6,real_hardware
20.185,-0.169,-0.947,0.091,-11.25,-60.375,19.375,565.9125035198285,fall_sitting,fall,6,real_hardware
20.19,-0.177,-0.945,0.064,-17.5,-68.875,10.625,565.9125035198285,fall_sitting,fall,6,real_hardware
20.195,-0.181,-0.951,0.052,-15.875,-63.0,14.75,565.9125035198285,fall_sitting,fall,6,real_hardware
20.2,-0.199,-0.955,0.039,0.0,-61.375,20.5,565.9125035198285,fall_sitting,fall,6,real_hardware
20.205,-0.214,-0.98,0.033,-9.25,-56.125,35.0,565.9125035198285,fall_sitting,fall,6,real_hardware
20.21,-0.228,-1.025,0.052,0.375,-51.0,17.625,565.9125035198285,fall_sitting,fall,6,real_hardware
20.215,-0.232,-1.056,0.052,3.375,-43.875,16.75,565.9025182161083,fall_sitting,fall,6,real_hardware
20.22,-0.24,-1.068,0.052,-7.125,-42.125,25.875,565.9025182161083,fall_sitting,fall,6,real_hardware
20.225,-0.234,-1.06,0.056,5.625,-46.125,21.125,565.9025182161083,fall_sitting,fall,6,real_hardware
20.23,-0.216,-1.05,0.064,-0.625,-35.75,24.75,565.9025182161083,fall_sitting,fall,6,real_hardware
20.235,-0.21,-1.046,0.076,-12.875,-35.625,29.0,565.8975256471641,fall_sitting,fall,6,real_hardware
20.24,-0.208,-1.046,0.099,3.25,-43.0,24.5,565.8870301773389,fall_sitting,fall,6,real_hardware
20.245,-0.195,-1.046,0.123,-1.0,-38.125,27.625,565.9025182161083,fall_sitting,fall,6,real_hardware
20.25,-0.199,-1.064,0.154,-6.0,-36.875,19.125,565.8870301773389,fall_sitting,fall,6,real_hardware
20.255,-0.201,-1.085,0.189,-6.125,-37.25,19.0,565.9025182161083,fall_sitting,fall,6,real_hardware
20.26,-0.201,-1.064,0.195,-12.75,-34.0,26.5,565.877045367908,fall_sitting,fall,6,real_hardware
20.265,-0.207,-1.021,0.195,-7.625,-33.125,22.25,565.877045367908,fall_sitting,fall,6,real_hardware
20.27,-0.201,-0.974,0.207,-19.0,-26.875,12.5,565.8820377449858,fall_sitting,fall,6,real_hardware
20.275,-0.193,-0.939,0.203,-13.5,-25.0,12.375,565.8615576108335,fall_sitting,fall,6,real_hardware
20.28,-0.195,-0.916,0.197,-10.0,-21.0,17.625,565.877045367908,fall_sitting,fall,6,real_hardware
20.285,-0.185,-0.853,0.187,-9.75,-20.125,14.0,565.8565654256186,fall_sitting,fall,6,real_hardware
20.29,-0.193,-0.8,0.169,-8.625,-17.375,18.625,565.8615576108335,fall_sitting,fall,6,real_hardware
20.295,-0.208,-0.738,0.152,-3.625,-25.25,14.5,565.8665498513218,fall_sitting,fall,6,real_hardware
20.3,-0.226,-0.667,0.136,8.25,-31.25,18.625,565.8870301773389,fall_sitting,fall,6,real_hardware
20.305,-0.244,-0.603,0.148,14.75,-22.25,13.75,565.8715421470841,fall_sitting,fall,6,real_hardware
20.31,-0.279,-0.546,0.173,26.25,-31.625,11.75,565.8920226649678,fall_sitting,fall,6,real_hardware
20.315,-0.314,-0.468,0.193,33.875,-22.0,15.75,565.8920226649678,fall_sitting,fall,6,real_hardware
20.32,-0.347,-0.384,0.246,46.0,-34.625,19.75,565.8920226649678,fall_sitting,fall,6,real_hardware
20.325,-0.355,-0.326,0.332,54.625,-28.25,15.125,565.8920226649678,fall_sitting,fall,6,real_hardware
20.33,-0.328,-0.298,0.367,70.625,-28.375,16.25,565.8920226649678,fall_sitting,fall,6,real_hardware
20.335,-0.287,-0.255,0.363,68.625,-39.125,9.0,565.8920226649678,fall_sitting,fall,6,real_hardware
20.34,-0.23,-0.22,0.33,69.875,-41.25,20.625,565.8920226649678,fall_sitting,fall,6,real_hardware
20.345,-0.175,-0.175,0.298,80.375,-35.125,16.875,565.8765344981207,fall_sitting,fall,6,real_hardware
20.35,-0.128,-0.16,0.267,84.125,-34.5,13.875,565.8815269044321,fall_sitting,fall,6,real_hardware
20.355,-0.08,-0.169,0.246,92.0,-43.0,21.0,565.8920226649678,fall_sitting,fall,6,real_hardware
20.36,-0.027,-0.218,0.236,106.875,-40.625,15.375,565.8920226649678,fall_sitting,fall,6,real_hardware
20.365,0.023,-0.314,0.246,111.0,-53.25,24.0,565.8920226649678,fall_sitting,fall,6,real_hardware
20.37,0.042,-0.398,0.269,104.125,-49.5,23.25,565.9075108403297,fall_sitting,fall,6,real_hardware
20.375,0.068,-0.488,0.312,110.875,-42.375,30.75,565.9025182161083,fall_sitting,fall,6,real_hardware
20.38,0.082,-0.546,0.341,111.125,-49.25,38.625,565.9180062633922,fall_sitting,fall,6,real_hardware
20.385,0.08,-0.642,0.406,107.0,-50.625,34.75,565.9180062633922,fall_sitting,fall,6,real_hardware
20.39,0.046,-0.73,0.464,115.0,-41.875,32.375,565.9180062633922,fall_sitting,fall,6,real_hardware
20.395,0.025,-0.833,0.548,111.875,-40.25,37.5,565.9334943191905,fall_sitting,fall,6,real_hardware
20.4,-0.039,-0.933,0.654,101.625,-29.625,31.625,565.9130135578566,fall_sitting,fall,6,real_hardware
20.405,-0.173,-1.0,0.767,92.875,-26.75,28.75,565.9180062633922,fall_sitting,fall,6,real_hardware
20.41,-0.38,-1.017,1.074,91.25,-25.375,25.375,565.9334943191905,fall_sitting,fall,6,real_hardware
20.415,-0.558,-0.949,1.445,98.125,-26.25,23.625,565.9334943191905,fall_sitting,fall,6,real_hardware
20.42,-0.724,-0.875,1.898,100.875,-46.5,15.0,565.9334943191905,fall_sitting,fall,6,real_hardware
20.425,-0.869,-0.921,2.302,117.625,-72.125,13.125,565.9489823835033,fall_sitting,fall,6,real_hardware
20.43,-1.029,-1.32,2.488,135.5,-95.75,14.25,565.9384872165972,fall_sitting,fall,6,real_hardware
20.435,-1.191,-1.822,2.519,140.5,-91.5,11.25,565.9334943191905,fall_sitting,fall,6,real_hardware
20.44,-1.468,-1.96,2.785,164.25,-72.5,14.875,565.9334943191905,fall_sitting,fall,6,real_hardware
20.445,-1.779,-2.066,2.853,169.125,-48.0,20.0,565.9384872165972,fall_sitting,fall,6,real_hardware
20.45,-2.089,-2.783,2.042,156.875,-20.75,19.125,565.9229990242061,fall_sitting,fall,6,real_hardware
20.455,-2.058,-3.035,1.439,115.625,7.625,11.375,565.9229990242061,fall_sitting,fall,6,real_hardware
20.46,-1.89,-2.804,1.244,75.0,43.5,9.625,565.9125035198285,fall_sitting,fall,6,real_hardware
20.465,-1.63,-2.478,1.191,46.25,83.125,7.375,565.927991840299,fall_sitting,fall,6,real_hardware
20.47,-1.257,-2.173,1.132,27.5,98.0,13.875,565.9125035198285,fall_sitting,fall,6,real_hardware
20.475,-0.939,-1.876,1.015,17.75,103.5,16.25,565.9075108403297,fall_sitting,fall,6,real_hardware
20.48,-0.632,-1.566,0.912,10.625,100.375,16.875,565.9125035198285,fall_sitting,fall,6,real_hardware
20.485,-0.361,-1.285,0.796,-6.625,97.125,19.0,565.897015207873,fall_sitting,fall,6,real_hardware
20.49,-0.001,-0.984,0.687,-5.375,87.5,14.25,565.8920226649678,fall_sitting,fall,6,real_hardware
20.495,0.199,-0.835,0.597,-19.25,68.0,23.125,565.897015207873,fall_sitting,fall,6,real_hardware
20.5,0.375,-0.736,0.525,-18.125,42.625,33.375,565.897015207873,fall_sitting,fall,6,real_hardware
20.505,0.498,-0.736,0.429,0.125,13.875,39.875,565.8920226649678,fall_sitting,fall,6,real_hardware
20.51,0.597,-0.746,0.33,8.125,-9.875,40.0,565.8765344981207,fall_sitting,fall,6,real_hardware
20.515,0.64,-0.755,0.238,21.375,-37.75,51.375,565.8815269044321,fall_sitting,fall,6,real_hardware
20.52,0.652,-0.759,0.193,39.875,-78.375,47.375,565.8815269044321,fall_sitting,fall,6,real_hardware
20.525,0.626,-0.71,0.169,51.625,-90.625,58.0,565.8815269044321,fall_sitting,fall,6,real_hardware
20.53,0.568,-0.625,0.138,66.0,-107.0,55.875,565.8815269044321,fall_sitting,fall,6,real_hardware
20.535,0.388,-0.501,0.162,77.125,-119.75,56.5,565.897015207873,fall_sitting,fall,6,real_hardware
20.54,0.232,-0.396,0.193,100.75,-131.25,63.75,565.8920226649678,fall_sitting,fall,6,real_hardware
20.545,0.062,-0.328,0.232,98.375,-133.5,66.25,565.8920226649678,fall_sitting,fall,6,real_hardware
20.55,-0.048,-0.308,0.314,119.625,-128.125,72.875,565.8920226649678,fall_sitting,fall,6,real_hardware
20.555,-0.203,-0.333,0.41,137.75,-121.375,68.125,565.8765344981207,fall_sitting,fall,6,real_hardware
20.56,-0.332,-0.378,0.49,138.5,-114.875,66.75,565.897015207873,fall_sitting,fall,6,real_hardware
20.565,-0.458,-0.482,0.578,138.75,-95.75,61.75,565.8820377449858,fall_sitting,fall,6,real_hardware
20.57,-0.525,-0.558,0.636,119.5,-77.875,65.75,565.877045367908,fall_sitting,fall,6,real_hardware
20.575,-0.578,-0.658,0.697,108.0,-65.125,66.125,565.8925331334965,fall_sitting,fall,6,real_hardware
20.58,-0.615,-0.712,0.728,99.5,-41.625,59.25,565.8820377449858,fall_sitting,fall,6,real_hardware
20.585,-0.632,-0.773,0.769,88.125,-33.375,55.0,565.8820377449858,fall_sitting,fall,6,real_hardware
20.59,-0.625,-0.822,0.794,78.5,-16.625,50.625,565.9025182161083,fall_sitting,fall,6,real_hardware
20.595,-0.605,-0.857,0.81,72.875,-14.0,51.25,565.9025182161083,fall_sitting,fall,6,real_hardware
20.6,-0.556,-0.863,0.822,55.0,-21.375,52.0,565.9025182161083,fall_sitting,fall,6,real_hardware
20.605,-0.49,-0.863,0.814,47.0,-18.875,50.75,565.9025182161083,fall_sitting,fall,6,real_hardware
20.61,-0.402,-0.832,0.802,50.375,-25.25,51.625,565.9025182161083,fall_sitting,fall,6,real_hardware
20.615,-0.298,-0.765,0.814,42.75,-30.875,43.5,565.9025182161083,fall_sitting,fall,6,real_hardware
20.62,-0.251,-0.742,0.806,36.5,-23.625,37.875,565.9025182161083,fall_sitting,fall,6,real_hardware
20.625,-0.205,-0.718,0.82,48.25,-30.625,40.0,565.8870301773389,fall_sitting,fall,6,real_hardware
20.63,-0.164,-0.699,0.824,39.0,-43.0,44.25,565.8870301773389,fall_sitting,fall,6,real_hardware
20.635,-0.13,-0.691,0.833,46.125,-46.75,36.375,565.9075108403297,fall_sitting,fall,6,real_hardware
20.64,-0.093,-0.685,0.832,39.0,-46.5,34.75,565.9075108403297,fall_sitting,fall,6,real_hardware
20.645,-0.054,-0.685,0.835,41.875,-49.5,35.375,565.9075108403297,fall_sitting,fall,6,real_hardware
20.65,-0.021,-0.683,0.832,32.75,-56.625,45.875,565.9075108403297,fall_sitting,fall,6,real_hardware
20.655,-0.009,-0.671,0.824,41.0,-57.125,33.375,565.9125035198285,fall_sitting,fall,6,real_hardware
20.66,-0.033,-0.652,0.808,44.25,-57.0,33.0,565.897015207873,fall_sitting,fall,6,real_hardware
20.665,-0.087,-0.615,0.783,51.625,-55.5,33.0,565.897015207873,fall_sitting,fall,6,real_hardware
20.67,-0.148,-0.595,0.761,49.75,-55.0,38.75,565.8865193660187,fall_sitting,fall,6,real_hardware
20.675,-0.22,-0.564,0.738,49.25,-60.5,41.5,565.8865193660187,fall_sitting,fall,6,real_hardware
20.68,-0.269,-0.537,0.72,51.75,-48.625,39.125,565.8865193660187,fall_sitting,fall,6,real_hardware
20.685,-0.304,-0.523,0.705,55.5,-48.5,45.5,565.8865193660187,fall_sitting,fall,6,real_hardware
20.69,-0.314,-0.509,0.708,58.75,-44.375,47.0,565.8865193660187,fall_sitting,fall,6,real_hardware
20.695,-0.292,-0.509,0.708,58.25,-35.375,46.0,565.8815269044321,fall_sitting,fall,6,real_hardware
20.7,-0.25,-0.509,0.703,58.875,-40.75,49.875,565.8815269044321,fall_sitting,fall,6,real_hardware
20.705,-0.197,-0.517,0.714,56.25,-49.625,45.75,565.8870301773389,fall_sitting,fall,6,real_hardware
20.71,-0.136,-0.539,0.714,65.625,-42.75,42.875,565.8870301773389,fall_sitting,fall,6,real_hardware
20.715,-0.101,-0.554,0.72,65.375,-43.75,47.75,565.8920226649678,fall_sitting,fall,6,real_hardware
20.72,-0.05,-0.554,0.724,52.5,-38.625,46.25,565.8920226649678,fall_sitting,fall,6,real_hardware
20.725,-0.025,-0.552,0.732,52.5,-53.125,38.375,565.8920226649678,fall_sitting,fall,6,real_hardware
20.73,-0.029,-0.544,0.734,53.5,-48.0,46.375,565.8920226649678,fall_sitting,fall,6,real_hardware
20.735,-0.048,-0.533,0.738,49.25,-52.125,41.875,565.8920226649678,fall_sitting,fall,6,real_hardware
20.74,-0.099,-0.521,0.732,64.375,-51.5,38.125,565.8920226649678,fall_sitting,fall,6,real_hardware
20.745,-0.14,-0.5,0.736,57.875,-51.5,39.125,565.8815269044321,fall_sitting,fall,6,real_hardware
20.75,-0.179,-0.49,0.746,52.125,-58.25,39.375,565.8815269044321,fall_sitting,fall,6,real_hardware
20.755,-0.205,-0.48,0.75,62.5,-54.25,39.875,565.8815269044321,fall_sitting,fall,6,real_hardware
20.76,-0.224,-0.476,0.761,56.375,-58.875,35.125,565.8765344981207,fall_sitting,fall,6,real_hardware
20.765,-0.24,-0.474,0.783,50.25,-61.375,33.125,565.8765344981207,fall_sitting,fall,6,real_hardware
20.77,-0.246,-0.468,0.794,65.875,-57.375,35.25,565.8815269044321,fall_sitting,fall,6,real_hardware
20.775,-0.251,-0.457,0.804,57.0,-58.75,40.0,565.8815269044321,fall_sitting,fall,6,real_hardware
20.78,-0.242,-0.433,0.812,60.5,-57.75,29.625,565.8920226649678,fall_sitting,fall,6,real_hardware
20.785,-0.248,-0.404,0.8,65.25,-48.0,43.875,565.8870301773389,fall_sitting,fall,6,real_hardware
20.79,-0.236,-0.376,0.8,69.25,-50.875,39.625,565.8870301773389,fall_sitting,fall,6,real_hardware
20.795,-0.228,-0.361,0.796,68.875,-51.375,47.5,565.9025182161083,fall_sitting,fall,6,real_hardware
20.8,-0.218,-0.347,0.794,67.75,-49.75,42.5,565.8870301773389,fall_sitting,fall,6,real_hardware
20.805,-0.208,-0.33,0.789,75.75,-49.25,37.75,565.8920226649678,fall_sitting,fall,6,real_hardware
20.81,-0.191,-0.302,0.8,74.125,-48.125,38.125,565.8920226649678,fall_sitting,fall,6,real_hardware
20.815,-0.179,-0.273,0.816,72.25,-49.875,42.625,565.8920226649678,fall_sitting,fall,6,real_hardware
20.82,-0.201,-0.259,0.806,74.0,-47.5,45.75,565.8920226649678,fall_sitting,fall,6,real_hardware
20.825,-0.216,-0.242,0.806,79.625,-46.0,36.625,565.8920226649678,fall_sitting,fall,6,real_hardware
20.83,-0.228,-0.22,0.791,75.625,-44.75,27.25,565.8765344981207,fall_sitting,fall,6,real_hardware
20.835,-0.244,-0.191,0.785,81.25,-46.75,34.25,565.8920226649678,fall_sitting,fall,6,real_hardware
20.84,-0.255,-0.164,0.785,84.25,-44.75,32.5,565.897015207873,fall_sitting,fall,6,real_hardware
20.845,-0.263,-0.134,0.796,89.375,-43.875,34.375,565.9125035198285,fall_sitting,fall,6,real_hardware
20.85,-0.267,-0.111,0.796,93.5,-41.25,24.75,565.9125035198285,fall_sitting,fall,6,real_hardware
20.855,-0.251,-0.091,0.789,97.625,-45.125,30.0,565.9125035198285,fall_sitting,fall,6,real_hardware
20.86,-0.228,-0.103,0.798,98.5,-49.0,29.75,565.897015207873,fall_sitting,fall,6,real_hardware
20.865,-0.193,-0.126,0.792,99.25,-58.625,21.375,565.9125035198285,fall_sitting,fall,6,real_hardware
20.87,-0.146,-0.169,0.796,113.625,-60.375,20.125,565.9125035198285,fall_sitting,fall,6,real_hardware
20.875,-0.123,-0.207,0.785,111.375,-55.0,26.875,565.9125035198285,fall_sitting,fall,6,real_hardware
20.88,-0.101,-0.246,0.779,106.0,-57.25,19.75,565.9125035198285,fall_sitting,fall,6,real_hardware
20.885,-0.076,-0.261,0.767,107.625,-58.125,16.125,565.9125035198285,fall_sitting,fall,6,real_hardware
20.89,-0.066,-0.259,0.759,106.125,-62.875,24.75,565.9125035198285,fall_sitting,fall,6,real_hardware
20.895,-0.06,-0.259,0.769,113.875,-57.125,16.375,565.9125035198285,fall_sitting,fall,6,real_hardware
20.9,-0.068,-0.234,0.781,119.75,-58.125,17.125,565.9125035198285,fall_sitting,fall,6,real_hardware
20.905,-0.072,-0.207,0.779,109.75,-54.75,24.25,565.9125035198285,fall_sitting,fall,6,real_hardware
20.91,-0.074,-0.193,0.783,120.125,-53.0,15.5,565.897015207873,fall_sitting,fall,6,real_hardware
20.915,-0.087,-0.203,0.789,129.25,-52.0,22.5,565.9125035198285,fall_sitting,fall,6,real_hardware
20.92,-0.115,-0.24,0.779,124.5,-50.75,19.875,565.9125035198285,fall_sitting,fall,6,real_hardware
20.925,-0.132,-0.279,0.765,129.625,-49.875,16.625,565.9125035198285,fall_sitting,fall,6,real_hardware
20.93,-0.152,-0.302,0.746,122.125,-50.625,25.0,565.9125035198285,fall_sitting,fall,6,real_hardware
20.935,-0.167,-0.314,0.72,134.0,-38.0,19.375,565.9075108403297,fall_sitting,fall,6,real_hardware
20.94,-0.212,-0.308,0.677,131.875,-49.625,24.0,565.9075108403297,fall_sitting,fall,6,real_hardware
20.945,-0.22,-0.298,0.662,137.375,-40.25,24.25,565.9075108403297,fall_sitting,fall,6,real_hardware
20.95,-0.23,-0.277,0.642,137.125,-38.0,24.875,565.9075108403297,fall_sitting,fall,6,real_hardware
20.955,-0.236,-0.255,0.642,133.875,-38.625,27.0,565.9075108403297,fall_sitting,fall,6,real_hardware
20.96,-0.224,-0.226,0.63,137.875,-33.25,20.0,565.9075108403297,fall_sitting,fall,6,real_hardware
20.965,-0.214,-0.191,0.626,136.125,-35.0,29.75,565.9125035198285,fall_sitting,fall,6,real_hardware
20.97,-0.216,-0.169,0.634,139.375,-35.375,24.625,565.9125035198285,fall_sitting,fall,6,real_hardware
20.975,-0.195,-0.15,0.652,142.125,-29.875,22.625,565.9229990242061,fall_sitting,fall,6,real_hardware
20.98,-0.164,-0.177,0.697,148.625,-34.125,28.625,565.9229990242061,fall_sitting,fall,6,real_hardware
20.985,-0.123,-0.216,0.732,139.75,-25.625,30.0,565.9229990242061,fall_sitting,fall,6,real_hardware
20.99,-0.074,-0.242,0.748,127.375,-36.625,31.75,565.9229990242061,fall_sitting,fall,6,real_hardware
20.995,-0.033,-0.25,0.765,128.5,-27.25,32.375,565.9125035198285,fall_sitting,fall,6,real_hardware
21.0,-0.009,-0.25,0.785,127.75,-28.5,33.375,565.9125035198285,fall_sitting,fall,6,real_hardware
21.005,0.009,-0.246,0.796,117.75,-19.5,29.375,565.9125035198285,fall_sitting,fall,6,real_hardware
21.01,0.013,-0.23,0.806,107.5,-32.25,38.0,565.9075108403297,fall_sitting,fall,6,real_hardware
21.015,0.023,-0.218,0.828,100.75,-29.25,43.875,565.9125035198285,fall_sitting,fall,6,real_hardware
21.02,0.023,-0.21,0.828,91.375,-26.5,33.25,565.9229990242061,fall_sitting,fall,6,real_hardware
21.025,0.031,-0.169,0.855,93.625,-26.75,37.75,565.9180062633922,fall_sitting,fall,6,real_hardware
21.03,0.023,-0.13,0.867,71.875,-31.75,43.5,565.9180062633922,fall_sitting,fall,6,real_hardware
21.035,0.015,-0.093,0.884,68.625,-42.5,48.25,565.9180062633922,fall_sitting,fall,6,real_hardware
21.04,0.007,-0.064,0.921,55.75,-37.5,49.625,565.9180062633922,fall_sitting,fall,6,real_hardware
21.045,0.013,-0.042,0.976,47.125,-43.25,49.375,565.9180062633922,fall_sitting,fall,6,real_hardware
21.05,0.005,-0.005,1.037,47.5,-58.875,50.25,565.9229990242061,fall_sitting,fall,6,real_hardware
21.055,0.019,0.048,1.08,38.875,-65.625,55.75,565.9229990242061,fall_sitting,fall,6,real_hardware
21.06,0.027,0.105,1.121,28.125,-61.5,59.0,565.9229990242061,fall_sitting,fall,6,real_hardware
21.065,0.06,0.197,1.148,28.0,-66.875,60.875,565.9384872165972,fall_sitting,fall,6,real_hardware
21.07,0.099,0.298,1.162,15.0,-74.875,64.875,565.9384872165972,fall_sitting,fall,6,real_hardware
21.075,0.119,0.367,1.158,14.375,-86.125,68.75,565.9229990242061,fall_sitting,fall,6,real_hardware
21.08,0.119,0.408,1.117,15.75,-81.0,64.25,565.9229990242061,fall_sitting,fall,6,real_hardware
21.085,0.099,0.419,1.083,9.875,-83.125,70.75,565.9384872165972,fall_sitting,fall,6,real_hardware
21.09,0.095,0.406,1.042,4.75,-79.375,66.0,565.9384872165972,fall_sitting,fall,6,real_hardware
21.095,0.078,0.398,0.982,7.375,-76.875,70.0,565.9384872165972,fall_sitting,fall,6,real_hardware
21.1,0.046,0.392,0.923,5.875,-83.125,68.875,565.9229990242061,fall_sitting,fall,6,real_hardware
21.105,0.025,0.404,0.837,8.375,-80.625,62.25,565.9384872165972,fall_sitting,fall,6,real_hardware
21.11,0.015,0.416,0.785,3.875,-75.125,61.5,565.9229990242061,fall_sitting,fall,6,real_hardware
21.115,-0.003,0.417,0.744,11.0,-77.75,65.5,565.9229990242061,fall_sitting,fall,6,real_hardware
21.12,-0.025,0.406,0.718,18.375,-72.375,62.0,565.9229990242061,fall_sitting,fall,6,real_hardware
21.125,-0.042,0.394,0.708,14.25,-67.75,66.625,565.9229990242061,fall_sitting,fall,6,real_hardware
21.13,-0.042,0.384,0.716,16.125,-70.375,63.625,565.9229990242061,fall_sitting,fall,6,real_hardware
21.135,-0.041,0.371,0.726,22.375,-73.0,59.625,565.9229990242061,fall_sitting,fall,6,real_hardware
21.14,-0.031,0.378,0.73,16.375,-69.5,62.0,565.9229990242061,fall_sitting,fall,6,real_hardware
21.145,-0.009,0.408,0.732,26.375,-73.0,66.25,565.9229990242061,fall_sitting,fall,6,real_hardware
21.15,0.005,0.421,0.726,29.375,-71.125,55.375,565.9229990242061,fall_sitting,fall,6,real_hardware
21.155,0.025,0.439,0.712,32.0,-69.125,52.25,565.9229990242061,fall_sitting,fall,6,real_hardware
21.16,0.048,0.464,0.693,38.625,-74.0,58.5,565.9235086902164,fall_sitting,fall,6,real_hardware
21.165,0.101,0.466,0.679,40.125,-67.875,50.25,565.9235086902164,fall_sitting,fall,6,real_hardware
21.17,0.158,0.427,0.664,47.625,-70.375,50.5,565.9085306613463,fall_sitting,fall,6,real_hardware
21.175,0.197,0.365,0.677,43.375,-76.25,43.375,565.9185159586481,fall_sitting,fall,6,real_hardware
21.18,0.208,0.291,0.703,36.625,-77.75,42.75,565.9235086902164,fall_sitting,fall,6,real_hardware
21.185,0.193,0.156,0.759,24.375,-87.0,44.25,565.9235086902164,fall_sitting,fall,6,real_hardware
21.19,0.205,0.111,0.8,20.125,-83.25,36.5,565.9334943191905,fall_sitting,fall,6,real_hardware
21.195,0.212,0.109,0.82,12.25,-97.75,44.875,565.9489823835033,fall_sitting,fall,6,real_hardware
21.2,0.22,0.126,0.832,9.375,-92.75,35.5,565.9489823835033,fall_sitting,fall,6,real_hardware
21.205,0.259,0.212,0.822,10.125,-95.25,31.625,565.9489823835033,fall_sitting,fall,6,real_hardware
21.21,0.312,0.308,0.818,7.5,-100.5,42.375,565.9489823835033,fall_sitting,fall,6,real_hardware
21.215,0.384,0.392,0.818,18.25,-96.0,38.5,565.943989404785,fall_sitting,fall,6,real_hardware
21.22,0.468,0.466,0.816,16.125,-99.875,46.75,565.9489823835033,fall_sitting,fall,6,real_hardware
21.225,0.519,0.527,0.861,20.0,-107.0,51.375,565.9799585376726,fall_sitting,fall,6,real_hardware
21.23,0.517,0.517,0.876,17.875,-104.25,42.875,565.9644704563307,fall_sitting,fall,6,real_hardware
21.235,0.466,0.5,0.876,20.75,-119.25,42.5,565.9694636269234,fall_sitting,fall,6,real_hardware
21.24,0.371,0.466,0.888,26.375,-124.0,38.75,565.9694636269234,fall_sitting,fall,6,real_hardware
21.245,0.285,0.392,0.875,20.0,-132.75,48.875,565.9694636269234,fall_sitting,fall,6,real_hardware
21.25,0.248,0.322,0.884,20.0,-129.125,37.25,565.953975417503,fall_sitting,fall,6,real_hardware
21.255,0.218,0.201,0.906,20.125,-146.875,34.875,565.953975417503,fall_sitting,fall,6,real_hardware
21.26,0.208,0.113,0.939,11.5,-151.0,28.75,565.953975417503,fall_sitting,fall,6,real_hardware
21.265,0.238,0.074,0.964,7.875,-156.0,27.375,565.9694636269234,fall_sitting,fall,6,real_hardware
21.27,0.244,0.042,1.021,4.75,-157.75,20.625,565.9849518448584,fall_sitting,fall,6,real_hardware
21.275,0.208,0.048,1.074,3.875,-140.125,14.625,565.9694636269234,fall_sitting,fall,6,real_hardware
21.28,0.181,0.039,1.13,-11.75,-134.75,12.25,565.9694636269234,fall_sitting,fall,6,real_hardware
21.285,0.199,0.083,1.121,-13.25,-123.0,21.625,565.9694636269234,fall_sitting,fall,6,real_hardware
21.29,0.23,0.136,1.001,-15.75,-116.5,12.875,565.9694636269234,fall_sitting,fall,6,real_hardware
21.295,0.228,0.203,0.886,-20.75,-103.0,1.75,565.9694636269234,fall_sitting,fall,6,real_hardware
21.3,0.238,0.322,0.753,-41.125,-99.25,-17.375,565.9340036131906,fall_sitting,fall,6,real_hardware
21.305,0.425,0.371,0.679,-39.75,-79.25,-39.5,565.9290108003133,fall_sitting,fall,6,real_hardware
21.31,0.599,0.511,0.818,-30.125,-81.5,-44.25,565.954484280993,fall_sitting,fall,6,real_hardware
21.315,1.621,0.753,1.341,-46.25,8.5,-82.125,565.9594773410207,fall_sitting,fall,6,real_hardware
21.32,2.441,1.169,1.562,-69.75,119.875,-105.75,565.9644704563307,fall_sitting,fall,6,real_hardware
21.325,1.714,1.16,1.027,-86.125,150.0,-29.875,565.9489823835033,fall_sitting,fall,6,real_hardware
21.33,1.058,1.105,0.517,-71.25,128.375,33.375,565.953975417503,fall_sitting,fall,6,real_hardware
21.335,0.75,1.25,0.619,-25.375,87.0,52.25,565.953975417503,fall_sitting,fall,6,real_hardware
21.34,0.498,1.035,0.742,11.0,53.0,41.0,565.9694636269234,fall_sitting,fall,6,real_hardware
21.345,0.658,0.859,0.978,54.5,22.5,40.625,565.953975417503,fall_sitting,fall,6,real_hardware
21.35,0.955,0.638,1.236,77.75,6.875,37.0,565.9384872165972,fall_sitting,fall,6,real_hardware
21.355,1.009,0.533,1.322,85.125,-13.125,36.375,565.953975417503,fall_sitting,fall,6,real_hardware
21.36,0.906,0.439,1.404,95.625,-28.25,24.75,565.953975417503,fall_sitting,fall,6,real_hardware
21.365,0.955,0.386,1.501,105.625,-44.125,15.375,565.9434801692843,fall_sitting,fall,6,real_hardware
21.37,0.988,0.353,1.63,91.625,-52.125,5.75,565.9434801692843,fall_sitting,fall,6,real_hardware
21.375,1.029,0.417,1.712,92.375,-62.5,3.25,565.9085306613463,fall_sitting,fall,6,real_hardware
21.38,1.007,0.476,1.724,86.125,-74.25,1.75,565.9185159586481,fall_sitting,fall,6,real_hardware
21.385,0.941,0.478,1.636,83.0,-74.125,-2.875,565.9235086902164,fall_sitting,fall,6,real_hardware
21.39,0.955,0.445,1.41,70.625,-84.625,-7.125,565.9334943191905,fall_sitting,fall,6,real_hardware
21.395,0.933,0.445,1.312,68.5,-78.25,-5.5,565.9334943191905,fall_sitting,fall,6,real_hardware
21.4,0.947,0.486,1.248,64.625,-71.875,-3.0,565.9229990242061,fall_sitting,fall,6,real_hardware
21.405,0.884,0.509,1.179,59.875,-77.25,0.5,565.9075108403297,fall_sitting,fall,6,real_hardware
21.41,0.837,0.48,1.089,55.875,-74.0,2.25,565.9125035198285,fall_sitting,fall,6,real_hardware
21.415,0.82,0.486,1.05,48.5,-87.625,-2.25,565.9125035198285,fall_sitting,fall,6,real_hardware
21.42,0.8,0.498,0.97,41.875,-81.875,-1.25,565.9075108403297,fall_sitting,fall,6,real_hardware
21.425,0.794,0.482,0.89,41.875,-91.25,1.375,565.8920226649678,fall_sitting,fall,6,real_hardware
21.43,0.73,0.449,0.8,23.625,-86.75,9.625,565.8920226649678,fall_sitting,fall,6,real_hardware
21.435,0.687,0.406,0.765,23.25,-96.375,12.0,565.8920226649678,fall_sitting,fall,6,real_hardware
21.44,0.652,0.361,0.724,22.5,-100.375,20.875,565.8920226649678,fall_sitting,fall,6,real_hardware
21.445,0.675,0.314,0.701,13.0,-99.875,16.875,565.897015207873,fall_sitting,fall,6,real_hardware
21.45,0.689,0.294,0.638,8.25,-93.125,20.875,565.897015207873,fall_sitting,fall,6,real_hardware
21.455,0.701,0.248,0.607,-2.125,-88.875,25.0,565.9125035198285,fall_sitting,fall,6,real_hardware
21.46,0.671,0.273,0.562,2.25,-83.5,31.375,565.9125035198285,fall_sitting,fall,6,real_hardware
21.465,0.675,0.263,0.533,-2.125,-74.25,24.0,565.9125035198285,fall_sitting,fall,6,real_hardware
21.47,0.683,0.271,0.505,-4.75,-66.125,18.0,565.9125035198285,fall_sitting,fall,6,real_hardware
21.475,0.675,0.255,0.48,-14.25,-60.125,19.875,565.9125035198285,fall_sitting,fall,6,real_hardware
21.48,0.646,0.265,0.468,-13.25,-46.875,27.375,565.9125035198285,fall_sitting,fall,6,real_hardware
21.485,0.625,0.257,0.486,-19.375,-45.0,28.375,565.9125035198285,fall_sitting,fall,6,real_hardware
21.49,0.613,0.255,0.49,-12.75,-33.875,22.5,565.927991840299,fall_sitting,fall,6,real_hardware
21.495,0.576,0.236,0.49,-18.5,-27.5,26.5,565.927991840299,fall_sitting,fall,6,real_hardware
21.5,0.564,0.218,0.5,-22.125,-25.875,26.125,565.9329847116713,fall_sitting,fall,6,real_hardware
21.505,0.552,0.195,0.5,-24.25,-17.375,27.375,565.9329847116713,fall_sitting,fall,6,real_hardware
21.51,0.558,0.173,0.486,-27.125,-18.375,27.625,565.927991840299,fall_sitting,fall,6,real_hardware
21.515,0.554,0.158,0.501,-22.125,-12.125,27.25,565.927991840299,fall_sitting,fall,6,real_hardware
21.52,0.55,0.152,0.49,-26.75,-9.5,24.875,565.9125035198285,fall_sitting,fall,6,real_hardware
21.525,0.542,0.146,0.498,-22.125,-4.75,23.25,565.9125035198285,fall_sitting,fall,6,real_hardware
21.53,0.539,0.142,0.507,-20.125,-0.125,15.75,565.9025182161083,fall_sitting,fall,6,real_hardware
21.535,0.546,0.14,0.513,-15.875,3.5,16.375,565.9025182161083,fall_sitting,fall,6,real_hardware
21.54,0.546,0.148,0.521,-16.5,-3.25,11.125,565.9025182161083,fall_sitting,fall,6,real_hardware
21.545,0.552,0.15,0.537,-23.25,13.125,9.5,565.9075108403297,fall_sitting,fall,6,real_hardware
21.55,0.554,0.15,0.554,-13.0,8.375,14.5,565.9229990242061,fall_sitting,fall,6,real_hardware
21.555,0.562,0.144,0.591,-12.75,14.375,4.5,565.9229990242061,fall_sitting,fall,6,real_hardware
21.56,0.574,0.152,0.617,-10.125,17.375,3.375,565.9229990242061,fall_sitting,fall,6,real_hardware
21.565,0.576,0.16,0.63,-11.5,15.625,7.5,565.927991840299,fall_sitting,fall,6,real_hardware
21.57,0.583,0.162,0.666,-11.875,10.5,4.75,565.9229990242061,fall_sitting,fall,6,real_hardware
21.575,0.591,0.166,0.708,-12.625,10.625,12.375,565.927991840299,fall_sitting,fall,6,real_hardware
21.58,0.607,0.169,0.718,-7.0,5.75,-0.375,565.9125035198285,fall_sitting,fall,6,real_hardware
21.585,0.611,0.185,0.742,-8.75,1.75,1.25,565.9125035198285,fall_sitting,fall,6,real_hardware
21.59,0.628,0.187,0.744,-11.0,7.75,1.25,565.897015207873,fall_sitting,fall,6,real_hardware
21.595,0.638,0.199,0.748,-3.625,-0.75,0.5,565.9125035198285,fall_sitting,fall,6,real_hardware
21.6,0.646,0.207,0.757,-10.75,3.125,-2.875,565.9025182161083,fall_sitting,fall,6,real_hardware
21.605,0.648,0.201,0.763,-7.0,5.25,3.875,565.9025182161083,fall_sitting,fall,6,real_hardware
21.61,0.648,0.197,0.753,-0.25,4.0,-9.5,565.8870301773389,fall_sitting,fall,6,real_hardware
21.615,0.646,0.193,0.759,-10.25,6.375,4.5,565.8820377449858,fall_sitting,fall,6,real_hardware
21.62,0.652,0.187,0.769,-1.875,-3.625,2.25,565.8975256471641,fall_sitting,fall,6,real_hardware
21.625,0.648,0.189,0.757,-3.25,-2.75,2.25,565.8975256471641,fall_sitting,fall,6,real_hardware
21.63,0.644,0.181,0.765,-1.125,-1.625,-5.5,565.8975256471641,fall_sitting,fall,6,real_hardware
21.635,0.646,0.187,0.761,3.0,-7.625,-8.375,565.8975256471641,fall_sitting,fall,6,real_hardware
21.64,0.638,0.191,0.763,-8.75,-8.875,0.25,565.8975256471641,fall_sitting,fall,6,real_hardware
21.645,0.642,0.179,0.746,0.625,-12.0,-3.5,565.8975256471641,fall_sitting,fall,6,real_hardware
21.65,0.648,0.185,0.746,0.0,-6.125,3.875,565.8820377449858,fall_sitting,fall,6,real_hardware
21.655,0.65,0.181,0.734,-7.375,-11.25,5.5,565.8975256471641,fall_sitting,fall,6,real_hardware
21.66,0.646,0.183,0.718,-4.125,-16.625,-1.75,565.8975256471641,fall_sitting,fall,6,real_hardware
21.665,0.65,0.183,0.708,-4.875,-18.0,3.875,565.9180062633922,fall_sitting,fall,6,real_hardware
21.67,0.648,0.193,0.699,-2.125,-19.75,-5.125,565.9229990242061,fall_sitting,fall,6,real_hardware
21.675,0.66,0.177,0.693,-2.625,-12.625,3.875,565.9229990242061,fall_sitting,fall,6,real_hardware
21.68,0.648,0.179,0.685,-0.75,-15.375,2.125,565.9229990242061,fall_sitting,fall,6,real_hardware
21.685,0.648,0.181,0.666,3.375,-23.875,0.25,565.9229990242061,fall_sitting,fall,6,real_hardware
21.69,0.648,0.177,0.656,-1.25,-13.125,-4.875,565.9229990242061,fall_sitting,fall,6,real_hardware
21.695,0.64,0.175,0.644,7.375,-14.5,-6.375,565.9229990242061,fall_sitting,fall,6,real_hardware
21.7,0.638,0.167,0.634,-3.625,-16.0,-1.25,565.9229990242061,fall_sitting,fall,6,real_hardware
21.705,0.636,0.166,0.621,2.5,-15.0,1.0,565.9229990242061,fall_sitting,fall,6,real_hardware
21.71,0.634,0.166,0.609,1.125,-1.875,-2.375,565.9229990242061,fall_sitting,fall,6,real_hardware
21.715,0.634,0.166,0.595,10.0,-3.25,-2.25,565.9229990242061,fall_sitting,fall,6,real_hardware
21.72,0.63,0.167,0.585,-3.125,2.75,-0.75,565.927991840299,fall_sitting,fall,6,real_hardware
21.725,0.626,0.167,0.576,2.0,13.25,-3.375,565.927991840299,fall_sitting,fall,6,real_hardware
21.73,0.625,0.162,0.576,1.75,11.125,-4.625,565.927991840299,fall_sitting,fall,6,real_hardware
21.735,0.619,0.154,0.57,4.375,17.0,-3.625,565.9434801692843,fall_sitting,fall,6,real_hardware
21.74,0.611,0.15,0.568,8.875,18.25,-5.75,565.9434801692843,fall_sitting,fall,6,real_hardware
21.745,0.605,0.154,0.558,7.125,16.5,-8.875,565.927991840299,fall_sitting,fall,6,real_hardware
21.75,0.595,0.156,0.554,5.5,18.125,-6.25,565.927991840299,fall_sitting,fall,6,real_hardware
21.755,0.597,0.156,0.552,7.625,22.375,-9.0,565.927991840299,fall_sitting,fall,6,real_hardware
21.76,0.595,0.162,0.562,13.75,28.75,-4.125,565.927991840299,fall_sitting,fall,6,real_hardware
21.765,0.591,0.156,0.56,17.0,38.5,-9.625,565.927991840299,fall_sitting,fall,6,real_hardware
21.77,0.603,0.167,0.568,11.625,35.625,-18.875,565.927991840299,fall_sitting,fall,6,real_hardware
21.775,0.603,0.181,0.585,16.375,38.625,-16.25,565.927991840299,fall_sitting,fall,6,real_hardware
21.78,0.599,0.189,0.595,19.875,39.875,-9.75,565.9229990242061,fall_sitting,fall,6,real_hardware
21.785,0.605,0.199,0.607,10.75,41.5,-12.0,565.9229990242061,fall_sitting,fall,6,real_hardware
21.79,0.609,0.212,0.617,5.75,51.75,-11.875,565.9180062633922,fall_sitting,fall,6,real_hardware
21.795,0.613,0.214,0.628,10.25,49.875,-9.625,565.9180062633922,fall_sitting,fall,6,real_hardware
21.8,0.601,0.222,0.648,10.125,64.125,-15.125,565.8975256471641,fall_sitting,fall,6,real_hardware
21.805,0.609,0.224,0.667,10.375,56.875,-12.625,565.8975256471641,fall_sitting,fall,6,real_hardware
21.81,0.599,0.23,0.681,5.875,62.25,-12.875,565.8870301773389,fall_sitting,fall,6,real_hardware
21.815,0.595,0.22,0.679,8.125,64.0,-21.625,565.8870301773389,fall_sitting,fall,6,real_hardware
21.82,0.591,0.23,0.691,13.375,66.5,-17.375,565.8870301773389,fall_sitting,fall,6,real_hardware
21.825,0.582,0.238,0.699,13.375,62.0,-13.625,565.8820377449858,fall_sitting,fall,6,real_hardware
21.83,0.589,0.25,0.718,5.125,70.0,-13.75,565.8820377449858,fall_sitting,fall,6,real_hardware
21.835,0.58,0.24,0.72,6.125,66.75,-13.5,565.8870301773389,fall_sitting,fall,6,real_hardware
21.84,0.582,0.244,0.736,4.875,64.0,-16.5,565.8870301773389,fall_sitting,fall,6,real_hardware
21.845,0.58,0.259,0.761,3.375,61.25,-10.25,565.8920226649678,fall_sitting,fall,6,real_hardware
21.85,0.564,0.251,0.765,2.125,68.875,-17.125,565.8765344981207,fall_sitting,fall,6,real_hardware
21.855,0.554,0.255,0.767,4.75,59.625,-9.125,565.8765344981207,fall_sitting,fall,6,real_hardware
21.86,0.554,0.257,0.759,5.125,64.875,-8.125,565.8715421470841,fall_sitting,fall,6,real_hardware
21.865,0.546,0.261,0.746,-0.875,57.875,-4.25,565.8560541253438,fall_sitting,fall,6,real_hardware
21.87,0.533,0.261,0.759,1.25,59.0,-19.125,565.8610463397881,fall_sitting,fall,6,real_hardware
21.875,0.535,0.259,0.765,2.625,66.75,-6.375,565.8610463397881,fall_sitting,fall,6,real_hardware
21.88,0.531,0.259,0.787,-8.75,60.25,-13.75,565.8610463397881,fall_sitting,fall,6,real_hardware
21.885,0.525,0.263,0.794,5.75,62.625,-13.5,565.8455581899703,fall_sitting,fall,6,real_hardware
21.89,0.515,0.259,0.814,-1.75,55.0,-13.875,565.8455581899703,fall_sitting,fall,6,real_hardware
21.895,0.513,0.253,0.832,-0.25,60.75,-14.25,565.8505503230948,fall_sitting,fall,6,real_hardware
21.9,0.503,0.257,0.833,-7.5,54.625,-7.125,565.8505503230948,fall_sitting,fall,6,real_hardware
21.905,0.498,0.257,0.845,-5.375,56.75,-12.5,565.8505503230948,fall_sitting,fall,6,real_hardware
21.91,0.492,0.246,0.853,3.125,48.625,-20.25,565.8350620451982,fall_sitting,fall,6,real_hardware
21.915,0.492,0.251,0.855,-1.125,46.125,-17.75,565.8505503230948,fall_sitting,fall,6,real_hardware
21.92,0.482,0.246,0.861,-0.125,46.0,-11.0,565.8505503230948,fall_sitting,fall,6,real_hardware
21.925,0.476,0.269,0.865,-7.875,48.25,-2.75,565.8455581899703,fall_sitting,fall,6,real_hardware
21.93,0.48,0.277,0.875,-17.625,49.375,-9.625,565.8300700486672,fall_sitting,fall,6,real_hardware
21.935,0.478,0.277,0.871,-15.875,47.125,-4.25,565.8300700486672,fall_sitting,fall,6,real_hardware
21.94,0.464,0.267,0.859,-7.625,43.5,-1.375,565.8300700486672,fall_sitting,fall,6,real_hardware
21.945,0.462,0.263,0.871,-5.0,42.625,-10.375,565.8145819158786,fall_sitting,fall,6,real_hardware
21.95,0.455,0.255,0.871,-1.75,48.25,-5.875,565.8145819158786,fall_sitting,fall,6,real_hardware
21.955,0.447,0.257,0.873,-9.25,45.125,-11.375,565.8145819158786,fall_sitting,fall,6,real_hardware
21.96,0.439,0.25,0.894,1.25,37.125,-8.25,565.8145819158786,fall_sitting,fall,6,real_hardware
21.965,0.427,0.244,0.89,-2.875,35.125,-9.125,565.8145819158786,fall_sitting,fall,6,real_hardware
21.97,0.433,0.248,0.894,-4.875,30.75,-8.5,565.8145819158786,fall_sitting,fall,6,real_hardware
21.975,0.427,0.251,0.898,3.25,29.0,-7.375,565.8145819158786,fall_sitting,fall,6,real_hardware
21.98,0.429,0.25,0.894,-0.875,24.125,-7.25,565.8145819158786,fall_sitting,fall,6,real_hardware
21.985,0.425,0.257,0.908,-7.0,21.875,-3.625,565.8195737758166,fall_sitting,fall,6,real_hardware
21.99,0.421,0.251,0.898,1.5,16.5,-8.0,565.8145819158786,fall_sitting,fall,6,real_hardware
21.995,0.423,0.255,0.904,-4.25,20.375,-8.5,565.8145819158786,fall_sitting,fall,6,real_hardware
22.0,0.417,0.263,0.892,4.625,16.25,-7.375,565.8195737758166,fall_sitting,fall,6,real_hardware
22.005,0.419,0.261,0.884,1.5,10.625,-1.125,565.8195737758166,fall_sitting,fall,6,real_hardware
22.01,0.41,0.263,0.876,4.5,15.75,-6.75,565.8195737758166,fall_sitting,fall,6,real_hardware
22.015,0.41,0.263,0.878,4.5,3.0,-8.625,565.8095901112098,fall_sitting,fall,6,real_hardware
22.02,0.412,0.267,0.873,8.375,11.0,-5.125,565.8095901112098,fall_sitting,fall,6,real_hardware
22.025,0.41,0.265,0.865,6.25,7.25,-6.125,565.8095901112098,fall_sitting,fall,6,real_hardware
22.03,0.416,0.265,0.859,2.75,6.0,-4.5,565.8095901112098,fall_sitting,fall,6,real_hardware
22.035,0.417,0.257,0.853,-0.875,8.0,2.75,565.8145819158786,fall_sitting,fall,6,real_hardware
22.04,0.412,0.257,0.851,4.125,2.875,2.75,565.8145819158786,fall_sitting,fall,6,real_hardware
22.045,0.412,0.253,0.845,5.0,1.375,2.25,565.8095901112098,fall_sitting,fall,6,real_hardware
22.05,0.414,0.257,0.843,-2.25,-2.75,0.5,565.8095901112098,fall_sitting,fall,6,real_hardware
22.055,0.412,0.261,0.837,1.75,2.0,-2.375,565.8045983618098,fall_sitting,fall,6,real_hardware
22.06,0.416,0.261,0.847,1.25,2.75,4.375,565.7941021235275,fall_sitting,fall,6,real_hardware
22.065,0.416,0.255,0.843,0.875,0.75,-0.5,565.7990937916047,fall_sitting,fall,6,real_hardware
22.07,0.416,0.261,0.845,7.5,-0.75,-1.5,565.7990937916047,fall_sitting,fall,6,real_hardware
22.075,0.414,0.259,0.847,5.5,1.625,0.875,565.7990937916047,fall_sitting,fall,6,real_hardware
22.08,0.419,0.259,0.833,1.875,-1.125,0.75,565.7990937916047,fall_sitting,fall,6,real_hardware
22.085,0.417,0.259,0.841,-2.625,-13.125,4.0,565.7990937916047,fall_sitting,fall,6,real_hardware
22.09,0.416,0.255,0.837,-1.375,-11.625,-2.875,565.8145819158786,fall_sitting,fall,6,real_hardware
22.095,0.419,0.253,0.839,1.875,1.5,10.625,565.8245656910242,fall_sitting,fall,6,real_hardware
22.1,0.416,0.259,0.833,5.25,-13.125,-3.0,565.8195737758166,fall_sitting,fall,6,real_hardware
22.105,0.421,0.255,0.833,8.5,-11.75,3.375,565.8195737758166,fall_sitting,fall,6,real_hardware
22.11,0.417,0.263,0.837,-0.25,-4.75,-5.25,565.8350620451982,fall_sitting,fall,6,real_hardware
22.115,0.421,0.259,0.839,-1.875,-10.5,4.0,565.8400540970003,fall_sitting,fall,6,real_hardware
22.12,0.423,0.255,0.832,2.125,-5.125,0.125,565.8400540970003,fall_sitting,fall,6,real_hardware
22.125,0.425,0.257,0.832,-3.5,-2.0,6.625,565.8195737758166,fall_sitting,fall,6,real_hardware
22.13,0.427,0.253,0.83,-1.875,-4.5,-7.0,565.8195737758166,fall_sitting,fall,6,real_hardware
22.135,0.427,0.248,0.824,-3.875,-2.875,4.75,565.8195737758166,fall_sitting,fall,6,real_hardware
22.14,0.425,0.255,0.822,-1.0,-4.75,2.375,565.8195737758166,fall_sitting,fall,6,real_hardware
22.145,0.421,0.246,0.822,3.125,-4.625,2.25,565.8195737758166,fall_sitting,fall,6,real_hardware
22.15,0.421,0.253,0.812,7.25,-5.75,-5.25,565.8350620451982,fall_sitting,fall,6,real_hardware
22.155,0.427,0.248,0.81,-4.875,-5.75,6.75,565.8350620451982,fall_sitting,fall,6,real_hardware
22.16,0.427,0.251,0.818,-9.375,-2.75,3.875,565.8350620451982,fall_sitting,fall,6,real_hardware
22.165,0.437,0.244,0.808,2.625,-8.5,-2.875,565.8195737758166,fall_sitting,fall,6,real_hardware
22.17,0.427,0.253,0.804,-3.25,-0.5,6.25,565.8145819158786,fall_sitting,fall,6,real_hardware
22.175,0.423,0.25,0.814,1.25,-3.375,6.125,565.8195737758166,fall_sitting,fall,6,real_hardware
22.18,0.433,0.25,0.808,-5.625,-9.25,4.0,565.8195737758166,fall_sitting,fall,6,real_hardware
22.185,0.429,0.25,0.818,1.75,-0.75,-8.375,565.8195737758166,fall_sitting,fall,6,real_hardware
22.19,0.429,0.248,0.81,-2.375,6.5,5.125,565.8145819158786,fall_sitting,fall,6,real_hardware
22.195,0.427,0.25,0.814,0.0,-1.75,-3.375,565.8195737758166,fall_sitting,fall,6,real_hardware
22.2,0.423,0.24,0.81,1.0,0.875,0.5,565.7990937916047,fall_sitting,fall,6,real_hardware
22.205,0.425,0.242,0.808,0.625,0.25,0.25,565.8145819158786,fall_sitting,fall,6,real_hardware
22.21,0.425,0.246,0.804,1.75,-5.5,-2.375,565.8145819158786,fall_sitting,fall,6,real_hardware
22.215,0.427,0.246,0.802,3.125,-3.875,5.375,565.8195737758166,fall_sitting,fall,6,real_hardware
22.22,0.425,0.24,0.812,-3.375,1.125,-2.375,565.8195737758166,fall_sitting,fall,6,real_hardware
22.225,0.431,0.248,0.814,-3.25,4.0,-1.125,565.8350620451982,fall_sitting,fall,6,real_hardware
22.23,0.425,0.244,0.822,-4.625,-1.375,7.75,565.8350620451982,fall_sitting,fall,6,real_hardware
22.235,0.429,0.244,0.818,3.125,6.5,-1.875,565.8350620451982,fall_sitting,fall,6,real_hardware
22.24,0.429,0.25,0.83,-3.125,4.125,5.375,565.8350620451982,fall_sitting,fall,6,real_hardware
22.245,0.425,0.242,0.828,1.25,0.625,5.75,565.8300700486672,fall_sitting,fall,6,real_hardware
22.25,0.421,0.246,0.83,9.375,8.625,-5.875,565.8350620451982,fall_sitting,fall,6,real_hardware
22.255,0.425,0.248,0.822,6.125,5.625,-3.25,565.8455581899703,fall_sitting,fall,6,real_hardware
22.26,0.427,0.25,0.826,-4.375,6.375,-5.125,565.8300700486672,fall_sitting,fall,6,real_hardware
22.265,0.419,0.25,0.826,1.0,4.25,-4.375,565.8300700486672,fall_sitting,fall,6,real_hardware
22.27,0.423,0.248,0.832,-6.125,4.625,-5.875,565.8095901112098,fall_sitting,fall,6,real_hardware
22.275,0.421,0.246,0.832,3.375,0.625,-10.0,565.7996066676781,fall_sitting,fall,6,real_hardware
22.28,0.425,0.24,0.83,-7.0,-2.625,0.75,565.8200862214163,fall_sitting,fall,6,real_hardware
22.285,0.427,0.251,0.828,-1.0,7.75,1.75,565.8250781074066,fall_sitting,fall,6,real_hardware
22.29,0.421,0.248,0.832,-0.5,0.375,-4.625,565.8250781074066,fall_sitting,fall,6,real_hardware
22.295,0.421,0.251,0.824,7.5,9.0,3.5,565.8250781074066,fall_sitting,fall,6,real_hardware
22.3,0.419,0.248,0.828,1.875,0.375,-4.125,565.8300700486672,fall_sitting,fall,6,real_hardware
22.305,0.423,0.25,0.828,-0.375,1.875,0.5,565.8300700486672,fall_sitting,fall,6,real_hardware
22.31,0.419,0.25,0.824,-0.75,9.125,3.875,565.8300700486672,fall_sitting,fall,6,real_hardware
22.315,0.417,0.246,0.826,9.25,1.125,-5.0,565.8145819158786,fall_sitting,fall,6,real_hardware
22.32,0.417,0.248,0.822,-2.25,-1.125,2.25,565.8250781074066,fall_sitting,fall,6,real_hardware
22.325,0.417,0.246,0.826,4.5,1.875,-2.625,565.8250781074066,fall_sitting,fall,6,real_hardware
22.33,0.412,0.248,0.828,-5.25,-0.75,3.125,565.8200862214163,fall_sitting,fall,6,real_hardware
22.335,0.417,0.25,0.828,-3.5,12.25,-1.625,565.8200862214163,fall_sitting,fall,6,real_hardware
22.34,0.417,0.25,0.828,-1.875,0.125,-5.375,565.8200862214163,fall_sitting,fall,6,real_hardware
22.345,0.416,0.248,0.816,-4.5,-0.5,4.125,565.8200862214163,fall_sitting,fall,6,real_hardware
22.35,0.416,0.246,0.826,1.0,5.125,-3.25,565.8200862214163,fall_sitting,fall,6,real_hardware
22.355,0.417,0.248,0.832,-3.25,-1.5,3.625,565.8200862214163,fall_sitting,fall,6,real_hardware
22.36,0.416,0.248,0.828,0.375,8.125,0.625,565.8200862214163,fall_sitting,fall,6,real_hardware
22.365,0.416,0.253,0.837,2.125,-2.375,-3.375,565.8150943906955,fall_sitting,fall,6,real_hardware
22.37,0.417,0.244,0.835,-1.375,2.625,8.0,565.8150943906955,fall_sitting,fall,6,real_hardware
22.375,0.412,0.25,0.83,4.5,0.125,-2.625,565.8150943906955,fall_sitting,fall,6,real_hardware
22.38,0.417,0.251,0.839,0.0,-4.75,-1.875,565.8200862214163,fall_sitting,fall,6,real_hardware
22.385,0.417,0.255,0.839,2.125,2.75,5.75,565.8200862214163,fall_sitting,fall,6,real_hardware
22.39,0.419,0.25,0.837,-4.125,7.0,-5.25,565.8200862214163,fall_sitting,fall,6,real_hardware
22.395,0.417,0.246,0.837,2.625,4.875,6.125,565.8150943906955,fall_sitting,fall,6,real_hardware
22.4,0.417,0.251,0.835,-1.5,-5.75,1.75,565.8200862214163,fall_sitting,fall,6,real_hardware
22.405,0.419,0.251,0.841,-4.875,-0.625,-4.0,565.8150943906955,fall_sitting,fall,6,real_hardware
22.41,0.412,0.248,0.839,-6.5,-0.5,5.0,565.8150943906955,fall_sitting,fall,6,real_hardware
22.415,0.414,0.253,0.833,2.375,-2.5,-2.25,565.7996066676781,fall_sitting,fall,6,real_hardware
22.42,0.414,0.248,0.83,-6.125,1.625,4.5,565.7996066676781,fall_sitting,fall,6,real_hardware
22.425,0.416,0.248,0.828,-0.125,-1.0,5.5,565.7996066676781,fall_sitting,fall,6,real_hardware
22.43,0.414,0.246,0.835,5.375,1.625,-6.375,565.7996066676781,fall_sitting,fall,6,real_hardware
22.435,0.416,0.246,0.826,-0.25,6.25,1.125,565.8045983618098,fall_sitting,fall,6,real_hardware
22.44,0.417,0.246,0.828,4.75,0.0,4.5,565.7996066676781,fall_sitting,fall,6,real_hardware
22.445,0.414,0.242,0.83,5.125,-1.0,-1.25,565.7996066676781,fall_sitting,fall,6,real_hardware
22.45,0.412,0.248,0.83,7.375,2.25,-2.75,565.8045983618098,fall_sitting,fall,6,real_hardware
22.455,0.416,0.248,0.826,2.125,1.125,1.5,565.8045983618098,fall_sitting,fall,6,real_hardware
22.46,0.419,0.244,0.824,0.0,2.875,-0.875,565.7841189531747,fall_sitting,fall,6,real_hardware
22.465,0.41,0.248,0.82,4.625,-5.0,3.0,565.8045983618098,fall_sitting,fall,6,real_hardware
22.47,0.416,0.248,0.828,-7.375,1.125,-1.375,565.7891105107177,fall_sitting,fall,6,real_hardware
22.475,0.416,0.248,0.822,-1.875,2.5,-3.75,565.7891105107177,fall_sitting,fall,6,real_hardware
22.48,0.414,0.244,0.82,4.5,-6.0,7.0,565.7891105107177,fall_sitting,fall,6,real_hardware
22.485,0.416,0.248,0.828,-0.125,0.875,3.375,565.7891105107177,fall_sitting,fall,6,real_hardware
22.49,0.416,0.251,0.822,2.25,-1.25,0.0,565.7841189531747,fall_sitting,fall,6,real_hardware
22.495,0.414,0.244,0.82,-0.25,1.125,-2.75,565.7841189531747,fall_sitting,fall,6,real_hardware
22.5,0.41,0.244,0.82,11.0,12.375,-7.5,565.7891105107177,fall_sitting,fall,6,real_hardware
22.505,0.414,0.251,0.824,-3.125,2.75,-6.375,565.8045983618098,fall_sitting,fall,6,real_hardware
22.51,0.416,0.246,0.822,-5.375,-5.25,-0.125,565.8095901112098,fall_sitting,fall,6,real_hardware
22.515,0.414,0.244,0.824,-2.0,-3.375,3.5,565.8045983618098,fall_sitting,fall,6,real_hardware
22.52,0.41,0.25,0.839,-0.5,-1.875,-0.125,565.7896234452173,fall_sitting,fall,6,real_hardware
22.525,0.408,0.248,0.83,1.375,6.25,-2.375,565.7946150288141,fall_sitting,fall,6,real_hardware
22.53,0.412,0.25,0.828,-2.125,3.375,1.75,565.7946150288141,fall_sitting,fall,6,real_hardware
22.535,0.408,0.25,0.828,-0.875,-0.375,-0.625,565.7996066676781,fall_sitting,fall,6,real_hardware
22.54,0.41,0.248,0.83,-6.125,1.0,6.0,565.7996066676781,fall_sitting,fall,6,real_hardware
22.545,0.41,0.248,0.824,7.25,8.5,1.0,565.7996066676781,fall_sitting,fall,6,real_hardware
22.55,0.408,0.248,0.83,6.625,4.625,-1.625,565.7996066676781,fall_sitting,fall,6,real_hardware
22.555,0.416,0.253,0.835,3.0,4.875,1.625,565.7996066676781,fall_sitting,fall,6,real_hardware
22.56,0.412,0.244,0.833,10.875,2.25,-8.0,565.7996066676781,fall_sitting,fall,6,real_hardware
22.565,0.406,0.248,0.83,2.875,8.375,-2.625,565.7996066676781,fall_sitting,fall,6,real_hardware
22.57,0.412,0.246,0.832,8.125,3.875,-2.375,565.7996066676781,fall_sitting,fall,6,real_hardware
22.575,0.419,0.25,0.841,-0.75,0.625,7.5,565.8150943906955,fall_sitting,fall,6,real_hardware
22.58,0.416,0.251,0.832,2.875,1.0,-7.75,565.8150943906955,fall_sitting,fall,6,real_hardware
22.585,0.412,0.248,0.832,0.875,-5.375,-1.125,565.7996066676781,fall_sitting,fall,6,real_hardware
22.59,0.41,0.25,0.835,-3.75,7.875,2.5,565.7996066676781,fall_sitting,fall,6,real_hardware
22.595,0.406,0.253,0.832,1.375,-1.75,-4.0,565.7996066676781,fall_sitting,fall,6,real_hardware
22.6,0.404,0.251,0.83,-9.375,-2.75,6.75,565.7996066676781,fall_sitting,fall,6,real_hardware
22.605,0.408,0.253,0.841,0.625,4.0,2.75,565.8150943906955,fall_sitting,fall,6,real_hardware
22.61,0.408,0.24,0.833,-2.0,6.375,-1.125,565.8200862214163,fall_sitting,fall,6,real_hardware
22.615,0.412,0.251,0.828,0.875,3.25,8.125,565.8200862214163,fall_sitting,fall,6,real_hardware
22.62,0.408,0.246,0.832,-3.0,0.25,5.625,565.8045983618098,fall_sitting,fall,6,real_hardware
22.625,0.402,0.246,0.818,3.5,2.75,-1.5,565.8200862214163,fall_sitting,fall,6,real_hardware
22.63,0.41,0.251,0.833,-2.25,-4.125,2.375,565.8200862214163,fall_sitting,fall,6,real_hardware
22.635,0.406,0.242,0.833,-6.375,-0.25,-4.75,565.8045983618098,fall_sitting,fall,6,real_hardware
22.64,0.408,0.248,0.828,-1.0,0.75,3.375,565.8045983618098,fall_sitting,fall,6,real_hardware
22.645,0.406,0.244,0.833,3.875,-1.0,-9.125,565.8045983618098,fall_sitting,fall,6,real_hardware
22.65,0.404,0.251,0.826,-1.75,2.125,-0.625,565.8045983618098,fall_sitting,fall,6,real_hardware
22.655,0.404,0.248,0.828,2.625,6.125,0.5,565.7891105107177,fall_sitting,fall,6,real_hardware
22.66,0.404,0.248,0.828,0.375,9.0,0.75,565.7891105107177,fall_sitting,fall,6,real_hardware
22.665,0.412,0.25,0.832,9.625,5.125,-9.125,565.8045983618098,fall_sitting,fall,6,real_hardware
22.67,0.402,0.244,0.832,5.125,10.75,-4.375,565.8045983618098,fall_sitting,fall,6,real_hardware
22.675,0.402,0.246,0.835,-5.75,0.625,0.5,565.8045983618098,fall_sitting,fall,6,real_hardware
22.68,0.406,0.246,0.841,0.875,9.5,8.5,565.8045983618098,fall_sitting,fall,6,real_hardware
22.685,0.398,0.242,0.83,2.375,-0.75,-1.875,565.8045983618098,fall_sitting,fall,6,real_hardware
22.69,0.4,0.242,0.83,-1.125,4.375,2.25,565.7891105107177,fall_sitting,fall,6,real_hardware
22.695,0.4,0.25,0.83,-1.375,6.375,-4.0,565.7941021235275,fall_sitting,fall,6,real_hardware
22.7,0.4,0.248,0.826,2.125,5.25,-1.75,565.7941021235275,fall_sitting,fall,6,real_hardware
22.705,0.4,0.244,0.83,-5.625,1.625,-3.125,565.7941021235275,fall_sitting,fall,6,real_hardware
22.71,0.402,0.255,0.833,7.875,5.5,-2.0,565.7941021235275,fall_sitting,fall,6,real_hardware
22.715,0.404,0.257,0.845,2.875,3.0,-3.5,565.7941021235275,fall_sitting,fall,6,real_hardware
22.72,0.404,0.253,0.847,4.125,8.75,-7.375,565.7786141443597,fall_sitting,fall,6,real_hardware
22.725,0.402,0.248,0.847,0.5,8.875,2.25,565.7941021235275,fall_sitting,fall,6,real_hardware
22.73,0.4,0.253,0.843,1.5,5.875,-4.75,565.7941021235275,fall_sitting,fall,6,real_hardware
22.735,0.398,0.255,0.835,3.125,7.5,-1.75,565.7990937916047,fall_sitting,fall,6,real_hardware
22.74,0.398,0.251,0.835,1.75,7.375,-3.0,565.7990937916047,fall_sitting,fall,6,real_hardware
22.745,0.396,0.246,0.837,-0.375,7.5,-9.375,565.7990937916047,fall_sitting,fall,6,real_hardware
22.75,0.396,0.25,0.835,3.0,5.375,-1.75,565.7990937916047,fall_sitting,fall,6,real_hardware
22.755,0.396,0.248,0.828,-3.125,8.125,5.75,565.7990937916047,fall_sitting,fall,6,real_hardware
22.76,0.392,0.253,0.828,-7.375,8.75,-5.875,565.8145819158786,fall_sitting,fall,6,real_hardware
22.765,0.39,0.244,0.83,6.125,3.875,-0.125,565.8145819158786,fall_sitting,fall,6,real_hardware
22.77,0.394,0.246,0.833,-2.875,2.125,-0.375,565.8145819158786,fall_sitting,fall,6,real_hardware
22.775,0.39,0.24,0.835,-3.375,7.625,-2.375,565.8145819158786,fall_sitting,fall,6,real_hardware
22.78,0.396,0.246,0.826,-1.25,7.25,1.625,565.8145819158786,fall_sitting,fall,6,real_hardware
22.785,0.392,0.248,0.833,2.75,13.25,-4.125,565.8145819158786,fall_sitting,fall,6,real_hardware
22.79,0.392,0.242,0.83,0.75,10.5,-1.5,565.8145819158786,fall_sitting,fall,6,real_hardware
22.795,0.386,0.248,0.828,4.125,17.625,-2.625,565.7946150288141,fall_sitting,fall,6,real_hardware
22.8,0.386,0.251,0.839,-5.0,15.125,-1.75,565.7841189531747,fall_sitting,fall,6,real_hardware
22.805,0.378,0.257,0.835,2.0,11.75,-4.625,565.7691446121421,fall_sitting,fall,6,real_hardware
22.81,0.386,0.244,0.837,-2.0,7.875,-1.875,565.7741360038873,fall_sitting,fall,6,real_hardware
22.815,0.388,0.25,0.843,-1.5,11.125,-6.0,565.779127450898,fall_sitting,fall,6,real_hardware
22.82,0.388,0.253,0.845,6.25,8.875,-4.0,565.7841189531747,fall_sitting,fall,6,real_hardware
22.825,0.38,0.251,0.841,-5.375,11.0,-6.0,565.7996066676781,fall_sitting,fall,6,real_hardware
22.83,0.382,0.25,0.851,-0.125,11.125,-6.625,565.7996066676781,fall_sitting,fall,6,real_hardware
22.835,0.378,0.25,0.855,1.625,14.875,-5.75,565.8045983618098,fall_sitting,fall,6,real_hardware
22.84,0.38,0.251,0.863,-5.125,10.625,5.25,565.8045983618098,fall_sitting,fall,6,real_hardware
22.845,0.38,0.251,0.859,8.625,3.25,0.625,565.8045983618098,fall_sitting,fall,6,real_hardware
22.85,0.382,0.255,0.863,-5.375,-0.875,-9.375,565.8200862214163,fall_sitting,fall,6,real_hardware
22.855,0.38,0.251,0.855,5.125,1.75,-6.75,565.8045983618098,fall_sitting,fall,6,real_hardware
22.86,0.378,0.253,0.863,-1.75,12.25,-3.375,565.8045983618098,fall_sitting,fall,6,real_hardware
22.865,0.378,0.261,0.867,3.625,11.0,-7.625,565.8045983618098,fall_sitting,fall,6,real_hardware
22.87,0.376,0.253,0.863,-5.75,-0.25,0.0,565.8045983618098,fall_sitting,fall,6,real_hardware
22.875,0.373,0.257,0.861,-2.875,1.375,-3.25,565.8045983618098,fall_sitting,fall,6,real_hardware
22.88,0.373,0.257,0.861,6.75,0.0,0.0,565.7996066676781,fall_sitting,fall,6,real_hardware
22.885,0.375,0.255,0.865,-2.75,-1.25,-0.875,565.8200862214163,fall_sitting,fall,6,real_hardware
22.89,0.369,0.25,0.867,-3.625,4.0,-2.125,565.7996066676781,fall_sitting,fall,6,real_hardware
22.895,0.375,0.251,0.865,-7.0,-4.25,-0.5,565.7996066676781,fall_sitting,fall,6,real_hardware
22.9,0.365,0.251,0.863,-10.375,-3.375,-1.375,565.7891105107177,fall_sitting,fall,6,real_hardware
22.905,0.369,0.244,0.861,0.0,-0.625,2.25,565.7891105107177,fall_sitting,fall,6,real_hardware
22.91,0.371,0.248,0.861,-4.5,-1.375,3.0,565.7891105107177,fall_sitting,fall,6,real_hardware
22.915,0.371,0.251,0.865,1.375,-6.5,-6.875,565.7891105107177,fall_sitting,fall,6,real_hardware
22.92,0.369,0.238,0.857,-0.25,-2.25,1.125,565.7786141443597,fall_sitting,fall,6,real_hardware
22.925,0.367,0.246,0.851,-2.875,-5.625,-3.0,565.7786141443597,fall_sitting,fall,6,real_hardware
22.93,0.369,0.242,0.849,-2.875,-0.625,-2.125,565.7941021235275,fall_sitting,fall,6,real_hardware
22.935,0.365,0.251,0.853,-3.375,-2.0,-2.0,565.7841189531747,fall_sitting,fall,6,real_hardware
22.94,0.365,0.238,0.847,-9.25,2.625,-6.25,565.7841189531747,standing_up,adl,6,real_hardware
22.945,0.363,0.242,0.841,-0.625,1.25,-8.375,565.779127450898,standing_up,adl,6,real_hardware
22.95,0.359,0.246,0.835,3.0,3.125,0.5,565.779127450898,standing_up,adl,6,real_hardware
22.955,0.361,0.24,0.835,-0.375,5.625,1.875,565.7946150288141,standing_up,adl,6,real_hardware
22.96,0.365,0.228,0.833,-1.25,14.125,-5.5,565.7946150288141,standing_up,adl,6,real_hardware
22.965,0.361,0.24,0.833,0.875,-1.0,-6.75,565.7996066676781,standing_up,adl,6,real_hardware
22.97,0.363,0.238,0.839,-4.375,-0.875,3.125,565.7996066676781,standing_up,adl,6,real_hardware
22.975,0.367,0.238,0.839,-9.625,3.625,-5.875,565.7996066676781,standing_up,adl,6,real_hardware
22.98,0.363,0.24,0.833,-8.0,5.0,0.75,565.8045983618098,standing_up,adl,6,real_hardware
22.985,0.367,0.238,0.839,-7.25,2.75,-2.875,565.8045983618098,standing_up,adl,6,real_hardware
22.99,0.371,0.238,0.839,-2.375,5.625,-1.125,565.8045983618098,standing_up,adl,6,real_hardware
22.995,0.373,0.232,0.841,-6.5,-0.375,-1.625,565.8045983618098,standing_up,adl,6,real_hardware
23.0,0.373,0.23,0.841,-5.0,9.125,-10.0,565.8045983618098,standing_up,adl,6,real_hardware
23.005,0.371,0.22,0.835,-8.125,9.75,-1.875,565.8045983618098,standing_up,adl,6,real_hardware
23.01,0.365,0.232,0.828,4.25,12.75,-13.0,565.7996066676781,standing_up,adl,6,real_hardware
23.015,0.357,0.228,0.822,-5.75,12.875,-4.0,565.7946150288141,standing_up,adl,6,real_hardware
23.02,0.355,0.23,0.816,-7.125,9.75,-6.875,565.8150943906955,standing_up,adl,6,real_hardware
23.025,0.349,0.22,0.806,0.625,15.75,-6.875,565.8200862214163,standing_up,adl,6,real_hardware
23.03,0.347,0.22,0.8,-5.625,24.25,-12.0,565.8250781074066,standing_up,adl,6,real_hardware
23.035,0.341,0.224,0.796,-1.625,17.75,-2.375,565.8200862214163,standing_up,adl,6,real_hardware
23.04,0.337,0.218,0.802,-3.0,22.375,-6.0,565.8200862214163,standing_up,adl,6,real_hardware
23.045,0.333,0.218,0.8,-9.625,16.375,-2.625,565.8200862214163,standing_up,adl,6,real_hardware
23.05,0.33,0.22,0.8,-5.25,27.875,-3.0,565.8045983618098,standing_up,adl,6,real_hardware
23.055,0.328,0.218,0.8,-10.0,19.625,-8.125,565.8200862214163,standing_up,adl,6,real_hardware
23.06,0.328,0.216,0.818,2.375,19.875,-1.625,565.8200862214163,standing_up,adl,6,real_hardware
23.065,0.328,0.23,0.824,-7.875,27.375,-2.75,565.8200862214163,standing_up,adl,6,real_hardware
23.07,0.324,0.232,0.833,-10.0,32.625,-7.75,565.8200862214163,standing_up,adl,6,real_hardware
23.075,0.318,0.228,0.835,-1.5,28.125,-8.5,565.8200862214163,standing_up,adl,6,real_hardware
23.08,0.322,0.232,0.843,-6.75,33.0,-5.75,565.8200862214163,standing_up,adl,6,real_hardware
23.085,0.322,0.228,0.847,-8.625,26.125,-5.125,565.8200862214163,standing_up,adl,6,real_hardware
23.09,0.324,0.246,0.843,-3.875,29.75,-2.75,565.8200862214163,standing_up,adl,6,real_hardware
23.095,0.324,0.24,0.849,-6.75,25.25,-5.375,565.8250781074066,standing_up,adl,6,real_hardware
23.1,0.32,0.236,0.853,1.5,26.375,-0.625,565.8095901112098,standing_up,adl,6,real_hardware
23.105,0.322,0.228,0.843,1.875,33.25,-6.625,565.7941021235275,standing_up,adl,6,real_hardware
23.11,0.31,0.224,0.853,0.5,34.5,-5.125,565.7941021235275,standing_up,adl,6,real_hardware
23.115,0.314,0.236,0.857,-0.375,26.5,-16.25,565.7941021235275,standing_up,adl,6,real_hardware
23.12,0.314,0.238,0.855,-5.125,28.625,-9.0,565.7891105107177,standing_up,adl,6,real_hardware
23.125,0.314,0.242,0.857,-3.75,35.5,-8.625,565.7736226681399,standing_up,adl,6,real_hardware
23.13,0.324,0.24,0.861,-3.25,29.5,-3.75,565.7786141443597,standing_up,adl,6,real_hardware
23.135,0.318,0.234,0.855,-3.625,39.625,-9.625,565.7631261737065,standing_up,adl,6,real_hardware
23.14,0.312,0.228,0.869,-12.875,39.625,-11.625,565.7476382115677,standing_up,adl,6,real_hardware
23.145,0.306,0.23,0.867,-7.75,38.25,-9.5,565.7526294698711,standing_up,adl,6,real_hardware
23.15,0.304,0.226,0.888,-3.5,37.125,-11.125,565.7371413796557,standing_up,adl,6,real_hardware
23.155,0.296,0.236,0.9,-5.875,34.875,-6.75,565.7371413796557,standing_up,adl,6,real_hardware
23.16,0.292,0.238,0.914,-4.625,44.625,-5.125,565.7216532979551,standing_up,adl,6,real_hardware
23.165,0.287,0.253,0.914,-7.25,40.375,-6.875,565.7061652247692,standing_up,adl,6,real_hardware
23.17,0.287,0.236,0.91,6.0,42.375,-7.5,565.7061652247692,standing_up,adl,6,real_hardware
23.175,0.279,0.236,0.89,-3.375,43.625,-5.0,565.7061652247692,standing_up,adl,6,real_hardware
23.18,0.279,0.232,0.875,-1.625,39.875,-3.375,565.6906771600977,standing_up,adl,6,real_hardware
23.185,0.263,0.21,0.867,-5.125,45.125,-5.0,565.6751891039411,standing_up,adl,6,real_hardware
23.19,0.261,0.21,0.88,0.5,50.625,-8.0,565.6597010562991,standing_up,adl,6,real_hardware
23.195,0.259,0.222,0.88,-10.5,53.125,-4.5,565.6597010562991,standing_up,adl,6,real_hardware
23.2,0.246,0.208,0.871,6.375,51.5,-13.125,565.6442130171718,standing_up,adl,6,real_hardware
23.205,0.246,0.216,0.871,11.75,53.625,-11.375,565.6492033745951,standing_up,adl,6,real_hardware
23.21,0.269,0.244,0.875,8.5,54.375,-7.625,565.6337152073911,standing_up,adl,6,real_hardware
23.215,0.267,0.24,0.91,4.125,60.25,-15.5,565.6182270487018,standing_up,adl,6,real_hardware
23.22,0.236,0.23,0.906,5.625,56.375,-12.875,565.6027388985273,standing_up,adl,6,real_hardware
23.225,0.201,0.238,0.927,6.75,57.25,-8.0,565.6027388985273,standing_up,adl,6,real_hardware
23.23,0.187,0.265,0.955,-0.625,52.375,-8.0,565.5977489508775,standing_up,adl,6,real_hardware
23.235,0.171,0.273,0.951,-1.75,48.625,-6.25,565.5872507568675,standing_up,adl,6,real_hardware
23.24,0.179,0.257,0.97,-3.625,49.75,-3.625,565.5872507568675,standing_up,adl,6,real_hardware
23.245,0.173,0.224,1.007,-0.125,41.75,-13.625,565.5667729492546,standing_up,adl,6,real_hardware
23.25,0.185,0.248,1.029,4.625,38.75,-6.0,565.5512849612152,standing_up,adl,6,real_hardware
23.255,0.195,0.271,1.031,6.625,35.625,-11.25,565.5153198012263,standing_up,adl,6,real_hardware
23.26,0.181,0.259,1.039,2.25,34.5,-12.0,565.47935527689,standing_up,adl,6,real_hardware
23.265,0.166,0.269,1.062,0.0,24.625,-5.75,565.4433913881962,standing_up,adl,6,real_hardware
23.27,0.156,0.291,1.089,5.25,18.0,-5.75,565.4124163593574,standing_up,adl,6,real_hardware
23.275,0.15,0.287,1.087,-3.75,12.625,-4.625,565.3969288577093,standing_up,adl,6,real_hardware
23.28,0.144,0.281,1.074,5.125,14.75,-3.25,565.3709417496572,standing_up,adl,6,real_hardware
23.285,0.146,0.283,1.058,4.125,2.125,-2.5,565.3554541369671,standing_up,adl,6,real_hardware
23.29,0.154,0.267,1.041,-3.375,0.625,-6.375,565.3554541369671,standing_up,adl,6,real_hardware
23.295,0.156,0.261,1.019,0.0,1.0,-8.5,565.334978936259,standing_up,adl,6,real_hardware
23.3,0.154,0.248,1.003,11.625,-7.875,6.0,565.3194914771818,standing_up,adl,6,real_hardware
23.305,0.156,0.244,1.001,8.0,-15.625,0.375,565.3194914771818,standing_up,adl,6,real_hardware
23.31,0.164,0.242,0.982,3.375,-14.25,0.25,565.304004026619,standing_up,adl,6,real_hardware
23.315,0.171,0.253,0.97,11.75,-9.0,-14.0,565.3089913499829,standing_up,adl,6,real_hardware
23.32,0.179,0.255,0.957,-0.75,-14.25,-3.25,565.3089913499829,standing_up,adl,6,real_hardware
23.325,0.187,0.261,0.937,-1.125,-8.375,-0.375,565.2935037713501,standing_up,adl,6,real_hardware
23.33,0.187,0.259,0.921,4.375,-4.625,-3.375,565.3089913499829,standing_up,adl,6,real_hardware
23.335,0.189,0.251,0.898,-1.125,-1.0,1.125,565.3089913499829,standing_up,adl,6,real_hardware
23.34,0.179,0.244,0.875,-0.375,-3.0,-4.25,565.3294664523029,standing_up,adl,6,real_hardware
23.345,0.171,0.24,0.853,6.25,-1.375,-3.25,565.3139787285702,standing_up,adl,6,real_hardware
23.35,0.173,0.24,0.855,4.375,-1.125,-4.625,565.3139787285702,standing_up,adl,6,real_hardware
23.355,0.177,0.238,0.843,-0.875,1.0,-3.5,565.3139787285702,standing_up,adl,6,real_hardware
23.36,0.171,0.24,0.863,4.375,-1.5,0.5,565.3139787285702,standing_up,adl,6,real_hardware
23.365,0.175,0.24,0.876,-7.375,-0.5,1.625,565.3344540227012,standing_up,adl,6,real_hardware
23.37,0.175,0.238,0.888,-0.25,8.625,5.375,565.3344540227012,standing_up,adl,6,real_hardware
23.375,0.177,0.244,0.902,-8.375,5.875,2.125,565.3394416483254,standing_up,adl,6,real_hardware
23.38,0.177,0.238,0.9,-6.25,4.75,-0.375,565.3499418915355,standing_up,adl,6,real_hardware
23.385,0.173,0.228,0.888,-6.125,13.0,-6.625,565.3344540227012,standing_up,adl,6,real_hardware
23.39,0.158,0.212,0.878,-12.875,9.625,0.125,565.3344540227012,standing_up,adl,6,real_hardware
23.395,0.156,0.205,0.853,-1.25,10.625,-2.875,565.3344540227012,standing_up,adl,6,real_hardware
23.4,0.152,0.203,0.832,-12.375,13.25,5.625,565.3344540227012,standing_up,adl,6,real_hardware
23.405,0.154,0.203,0.833,-6.0,19.375,-3.125,565.3344540227012,standing_up,adl,6,real_hardware
23.41,0.128,0.195,0.859,-4.125,20.5,-10.0,565.3344540227012,standing_up,adl,6,real_hardware
23.415,0.144,0.21,0.888,-13.625,22.25,-4.0,565.3344540227012,standing_up,adl,6,real_hardware
23.42,0.164,0.222,0.888,-7.375,17.625,-6.25,565.3189661623815,standing_up,adl,6,real_hardware
23.425,0.16,0.234,0.91,-13.625,23.25,-3.5,565.3189661623815,standing_up,adl,6,real_hardware
23.43,0.167,0.228,0.925,-11.375,20.75,-5.75,565.3189661623815,standing_up,adl,6,real_hardware
23.435,0.166,0.242,0.937,-9.125,26.0,-7.125,565.3189661623815,standing_up,adl,6,real_hardware
23.44,0.164,0.244,0.964,-5.125,23.625,1.625,565.3189661623815,standing_up,adl,6,real_hardware
23.445,0.162,0.242,0.974,-10.625,20.125,-5.75,565.3189661623815,standing_up,adl,6,real_hardware
23.45,0.154,0.226,0.982,-13.0,20.25,-4.875,565.3034783105765,standing_up,adl,6,real_hardware
23.455,0.146,0.226,0.984,1.5,11.25,-0.125,565.3034783105765,standing_up,adl,6,real_hardware
23.46,0.126,0.224,0.97,-1.0,20.125,2.5,565.287990467286,standing_up,adl,6,real_hardware
23.465,0.125,0.224,0.984,-6.0,19.75,-10.5,565.287990467286,standing_up,adl,6,real_hardware
23.47,0.126,0.218,0.968,0.75,13.875,-0.25,565.287990467286,standing_up,adl,6,real_hardware
23.475,0.128,0.207,0.949,1.0,13.875,-2.0,565.287990467286,standing_up,adl,6,real_hardware
23.48,0.125,0.197,0.923,-0.125,17.25,-2.125,565.287990467286,standing_up,adl,6,real_hardware
23.485,0.136,0.203,0.914,3.25,14.875,-4.0,565.3034783105765,standing_up,adl,6,real_hardware
23.49,0.142,0.201,0.912,2.125,28.25,-9.125,565.3034783105765,standing_up,adl,6,real_hardware
23.495,0.154,0.205,0.9,-7.875,8.5,-3.5,565.3034783105765,standing_up,adl,6,real_hardware
23.5,0.154,0.207,0.912,-2.875,24.875,-4.0,565.287990467286,standing_up,adl,6,real_hardware
23.505,0.142,0.21,0.916,2.625,22.5,-6.625,565.2725026325104,standing_up,adl,6,real_hardware
23.51,0.132,0.212,0.935,-3.375,19.0,-2.5,565.2774897117819,standing_up,adl,6,real_hardware
23.515,0.123,0.214,0.943,5.625,22.25,-3.875,565.287990467286,standing_up,adl,6,real_hardware
23.52,0.113,0.22,0.96,3.625,21.75,-8.125,565.2725026325104,standing_up,adl,6,real_hardware
23.525,0.105,0.222,0.966,4.25,18.75,-3.375,565.2620017489329,standing_up,adl,6,real_hardware
23.53,0.101,0.222,0.968,2.375,15.625,-5.5,565.2725026325104,standing_up,adl,6,real_hardware
23.535,0.099,0.23,0.976,6.0,12.75,-5.75,565.2675156084592,standing_up,adl,6,real_hardware
23.54,0.101,0.222,0.984,5.875,12.25,-0.625,565.2725026325104,standing_up,adl,6,real_hardware
23.545,0.099,0.226,0.982,-3.25,12.0,-8.0,565.2570148062492,standing_up,adl,6,real_hardware
23.55,0.091,0.226,0.984,9.625,15.375,-8.875,565.2570148062492,standing_up,adl,6,real_hardware
23.555,0.087,0.224,0.972,5.125,2.0,-7.375,565.2415269885029,standing_up,adl,6,real_hardware
23.56,0.087,0.218,0.962,10.625,3.75,-9.125,565.2415269885029,standing_up,adl,6,real_hardware
23.565,0.087,0.218,0.949,0.75,-2.375,0.375,565.2415269885029,standing_up,adl,6,real_hardware
23.57,0.078,0.218,0.949,-1.0,4.0,-10.25,565.2415269885029,standing_up,adl,6,real_hardware
23.575,0.085,0.218,0.945,10.625,7.0,-6.375,565.2465137945987,standing_up,adl,6,real_hardware
23.58,0.089,0.22,0.943,11.625,7.0,-2.375,565.2260391792711,standing_up,adl,6,real_hardware
23.585,0.099,0.228,0.923,10.125,8.5,-5.5,565.2260391792711,standing_up,adl,6,real_hardware
23.59,0.093,0.228,0.919,1.5,16.5,-5.0,565.2310258487795,standing_up,adl,6,real_hardware
23.595,0.101,0.222,0.916,-3.375,3.875,-1.25,565.2155379114749,standing_up,adl,6,real_hardware
23.6,0.099,0.228,0.91,-1.375,6.0,-11.0,565.2155379114749,standing_up,adl,6,real_hardware
23.605,0.107,0.226,0.904,-3.125,6.375,-8.75,565.2155379114749,standing_up,adl,6,real_hardware
23.61,0.101,0.23,0.9,-1.0,13.625,-9.875,565.210551378554,standing_up,adl,6,real_hardware
23.615,0.103,0.24,0.906,-3.875,16.625,-6.125,565.2260391792711,standing_up,adl,6,real_hardware
23.62,0.103,0.259,0.923,-6.875,13.375,-10.875,565.2260391792711,standing_up,adl,6,real_hardware
23.625,0.097,0.257,0.955,-10.875,16.125,-6.625,565.2310258487795,standing_up,adl,6,real_hardware
23.63,0.105,0.271,0.974,-10.75,6.0,-4.625,565.2155379114749,standing_up,adl,6,real_hardware
23.635,0.097,0.271,0.982,-12.5,8.125,-6.875,565.210551378554,standing_up,adl,6,real_hardware
23.64,0.095,0.269,0.966,-10.0,9.5,-6.0,565.210551378554,standing_up,adl,6,real_hardware
23.645,0.109,0.261,0.951,-14.5,3.875,-5.75,565.2155379114749,standing_up,adl,6,real_hardware
23.65,0.113,0.248,0.939,-1.25,7.5,-13.5,565.2155379114749,standing_up,adl,6,real_hardware
23.655,0.119,0.24,0.921,-8.125,5.875,-6.375,565.2155379114749,standing_up,adl,6,real_hardware
23.66,0.105,0.218,0.931,-9.0,3.25,-7.125,565.2000499826853,standing_up,adl,6,real_hardware
23.665,0.093,0.222,0.929,-13.375,4.0,-2.375,565.1950635863515,standing_up,adl,6,real_hardware
23.67,0.085,0.22,0.933,-1.75,8.0,-15.0,565.1950635863515,standing_up,adl,6,real_hardware
23.675,0.085,0.218,0.939,-7.625,-1.0,-5.875,565.1950635863515,standing_up,adl,6,real_hardware
23.68,0.08,0.23,0.955,-14.125,12.75,2.375,565.2000499826853,standing_up,adl,6,real_hardware
23.685,0.085,0.259,0.98,-12.625,6.75,-7.25,565.2000499826853,standing_up,adl,6,real_hardware
23.69,0.089,0.265,0.982,-13.0,12.625,-8.75,565.1845620624104,standing_up,adl,6,real_hardware
23.695,0.08,0.259,0.978,-3.875,12.75,-4.125,565.1845620624104,standing_up,adl,6,real_hardware
23.7,0.076,0.253,0.974,-19.25,8.25,0.75,565.1845620624104,standing_up,adl,6,real_hardware
23.705,0.076,0.253,0.97,-11.75,8.375,-10.5,565.1845620624104,standing_up,adl,6,real_hardware
23.71,0.076,0.24,0.974,-14.0,5.375,-3.875,565.1845620624104,standing_up,adl,6,real_hardware
23.715,0.082,0.234,0.982,-5.875,6.5,-10.875,565.1690741506503,standing_up,adl,6,real_hardware
23.72,0.076,0.218,0.984,-11.375,8.375,-6.0,565.1640880274904,standing_up,adl,6,real_hardware
23.725,0.074,0.201,0.964,-7.875,9.625,-9.375,565.1640880274904,standing_up,adl,6,real_hardware
23.73,0.072,0.21,0.974,-11.875,12.75,-9.875,565.1640880274904,standing_up,adl,6,real_hardware
23.735,0.072,0.212,0.988,-23.125,1.75,-6.25,565.1640880274904,standing_up,adl,6,real_hardware
23.74,0.058,0.244,0.99,-1.5,4.875,-13.0,565.1640880274904,standing_up,adl,6,real_hardware
23.745,0.056,0.246,0.978,-10.875,7.625,-7.0,565.1640880274904,standing_up,adl,6,real_hardware
23.75,0.056,0.208,0.972,-4.375,-3.375,-7.375,565.1640880274904,standing_up,adl,6,real_hardware
23.755,0.046,0.187,0.996,-1.625,3.0,-15.75,565.1591019595412,standing_up,adl,6,real_hardware
23.76,0.048,0.195,0.988,-16.5,4.875,-9.5,565.1745895981289,standing_up,adl,6,real_hardware
23.765,0.068,0.203,0.994,-21.875,1.375,-11.375,565.1696034488054,standing_up,adl,6,real_hardware
23.77,0.058,0.185,1.017,-15.25,5.875,-10.875,565.190077245231,standing_up,adl,6,real_hardware
23.775,0.05,0.179,1.019,-20.625,-0.5,-14.375,565.1850909593232,standing_up,adl,6,real_hardware
23.78,0.064,0.214,1.027,-11.5,5.875,-16.0,565.2055649008475,standing_up,adl,6,real_hardware
23.785,0.035,0.164,1.015,-21.875,-3.25,-1.0,565.2210525649788,standing_up,adl,6,real_hardware
23.79,0.044,0.181,1.011,-21.125,-7.25,-15.125,565.2365402376245,standing_up,adl,6,real_hardware
23.795,0.046,0.193,1.017,-35.125,-12.375,-18.5,565.2675156084592,standing_up,adl,6,real_hardware
23.8,0.054,0.119,1.007,-21.25,-8.125,-15.625,565.2725026325104,standing_up,adl,6,real_hardware
23.805,0.093,0.298,0.962,-22.625,-4.25,-7.25,565.3034783105765,standing_up,adl,6,real_hardware
23.81,0.046,0.185,1.005,-25.375,-8.875,-18.0,565.3239536514174,standing_up,adl,6,real_hardware
23.815,0.064,0.169,1.056,-27.5,-4.25,-16.375,565.370417667686,standing_up,adl,6,real_hardware
23.82,0.058,0.203,1.037,-36.375,-7.25,-6.875,565.3859056901384,standing_up,adl,6,real_hardware
23.825,0.058,0.193,1.044,-20.0,0.125,-16.75,565.4013937211058,standing_up,adl,6,real_hardware
23.83,0.054,0.156,1.033,-24.75,-10.5,-26.375,565.427381363427,standing_up,adl,6,real_hardware
23.835,0.058,0.152,1.029,-17.75,-11.875,-9.125,565.4378807568377,standing_up,adl,6,real_hardware
23.84,0.056,0.142,1.001,-40.125,-12.875,-17.125,565.4533685486863,standing_up,adl,6,real_hardware
23.845,0.066,0.175,0.992,-39.125,-8.5,-25.0,565.4893330942039,standing_up,adl,6,real_hardware
23.85,0.076,0.171,1.003,-38.5,-13.375,-23.25,565.4943220857203,standing_up,adl,6,real_hardware
23.855,0.06,0.167,0.982,-37.625,-14.375,-16.375,565.5098101762912,standing_up,adl,6,real_hardware
23.86,0.08,0.152,0.998,-32.5,-8.125,-21.5,565.5098101762912,standing_up,adl,6,real_hardware
23.865,0.083,0.197,0.972,-37.75,-4.625,-16.875,565.5098101762912,standing_up,adl,6,real_hardware
23.87,0.08,0.166,0.984,-46.375,-10.875,-24.75,565.5407863829773,standing_up,adl,6,real_hardware
23.875,0.097,0.166,0.978,-48.75,-8.0,-22.625,565.5407863829773,standing_up,adl,6,real_hardware
23.88,0.083,0.175,0.976,-37.625,-5.375,-22.625,565.5562744990926,standing_up,adl,6,real_hardware
23.885,0.101,0.199,0.929,-47.625,-2.25,-18.625,565.5562744990926,standing_up,adl,6,real_hardware
23.89,0.095,0.167,0.914,-44.0,-0.875,-29.375,565.5562744990926,standing_up,adl,6,real_hardware
23.895,0.064,0.158,0.919,-47.875,1.625,-19.0,565.5562744990926,standing_up,adl,6,real_hardware
23.9,0.062,0.173,0.906,-41.875,-3.75,-18.125,565.5717626237227,standing_up,adl,6,real_hardware
23.905,0.072,0.21,0.892,-39.25,-9.5,-16.75,565.5872507568675,standing_up,adl,6,real_hardware
23.91,0.072,0.201,0.878,-43.5,0.375,-15.625,565.5977489508775,standing_up,adl,6,real_hardware
23.915,0.074,0.179,0.894,-38.0,-10.5,-7.375,565.5977489508775,standing_up,adl,6,real_hardware
23.92,0.082,0.173,0.91,-41.875,4.75,-20.0,565.5977489508775,standing_up,adl,6,real_hardware
23.925,0.103,0.15,0.921,-40.25,2.75,-10.0,565.6027388985273,standing_up,adl,6,real_hardware
23.93,0.101,0.175,0.935,-32.125,6.625,-18.125,565.6027388985273,standing_up,adl,6,real_hardware
23.935,0.111,0.128,0.966,-40.5,-0.875,-12.25,565.613236964461,standing_up,adl,6,real_hardware
23.94,0.109,0.128,0.968,-43.125,3.375,-21.375,565.613236964461,standing_up,adl,6,real_hardware
23.945,0.103,0.119,0.984,-45.5,3.0,-12.125,565.613236964461,standing_up,adl,6,real_hardware
23.95,0.095,0.134,0.996,-36.25,17.0,-21.375,565.613236964461,standing_up,adl,6,real_hardware
23.955,0.072,0.146,0.994,-38.375,13.875,-14.25,565.6287249865591,standing_up,adl,6,real_hardware
23.96,0.07,0.162,1.001,-38.125,1.625,-16.0,565.6287249865591,standing_up,adl,6,real_hardware
23.965,0.046,0.148,1.017,-43.375,9.125,-11.75,565.6287249865591,standing_up,adl,6,real_hardware
23.97,0.029,0.162,1.048,-36.75,15.0,-13.625,565.6237348209794,standing_up,adl,6,real_hardware
23.975,0.025,0.123,1.076,-43.625,11.125,-7.375,565.6237348209794,standing_up,adl,6,real_hardware
23.98,0.029,0.111,1.109,-45.0,4.5,-10.25,565.6392227150022,standing_up,adl,6,real_hardware
23.985,0.031,0.105,1.099,-39.0,8.0,-12.875,565.6237348209794,standing_up,adl,6,real_hardware
23.99,0.031,0.105,1.107,-40.875,9.375,-11.5,565.6237348209794,standing_up,adl,6,real_hardware
23.995,0.039,0.099,1.117,-31.0,14.875,-11.375,565.6392227150022,standing_up,adl,6,real_hardware
24.0,0.044,0.107,1.117,-36.625,14.75,-20.0,565.634232468086,standing_up,adl,6,real_hardware
24.005,0.031,0.087,1.113,-31.5,17.875,-12.375,565.6292422764227,standing_up,adl,6,real_hardware
24.01,0.035,0.107,1.113,-22.75,22.75,-21.125,565.644729905784,standing_up,adl,6,real_hardware
24.015,0.035,0.111,1.115,-26.5,17.875,-23.25,565.6292422764227,standing_up,adl,6,real_hardware
24.02,0.023,0.111,1.093,-30.75,30.25,-6.875,565.6497202340346,standing_up,adl,6,real_hardware
24.025,0.011,0.119,1.076,-27.625,33.25,-19.875,565.6547106175394,standing_up,adl,6,real_hardware
24.03,0.001,0.121,1.064,-26.5,27.75,-16.75,565.6547106175394,standing_up,adl,6,real_hardware
24.035,-0.015,0.146,1.025,-17.5,32.875,-18.0,565.6547106175394,standing_up,adl,6,real_hardware
24.04,-0.025,0.148,1.019,-14.375,36.625,-16.875,565.6597010562991,standing_up,adl,6,real_hardware
24.045,-0.001,0.119,0.998,-10.375,40.875,-21.625,565.6751891039411,standing_up,adl,6,real_hardware
24.05,-0.013,0.109,0.994,-13.625,38.75,-18.0,565.6751891039411,standing_up,adl,6,real_hardware
24.055,-0.035,0.107,1.013,-8.5,38.375,-16.5,565.6751891039411,standing_up,adl,6,real_hardware
24.06,-0.031,0.107,1.025,-7.875,40.875,-16.25,565.6906771600977,standing_up,adl,6,real_hardware
24.065,-0.027,0.085,1.023,-6.875,40.625,-15.875,565.6856864481575,standing_up,adl,6,real_hardware
24.07,-0.013,0.052,1.013,-0.625,46.25,-14.875,565.6701985285913,standing_up,adl,6,real_hardware
24.075,0.007,0.046,1.027,-0.125,44.25,-16.25,565.6751891039411,standing_up,adl,6,real_hardware
24.08,0.021,0.035,1.042,3.0,37.5,-12.875,565.6801797345477,standing_up,adl,6,real_hardware
24.085,0.023,0.033,1.042,2.25,37.875,-7.375,565.6801797345477,standing_up,adl,6,real_hardware
24.09,0.029,0.029,1.042,-2.0,37.75,-12.25,565.6751891039411,standing_up,adl,6,real_hardware
24.095,0.083,0.035,1.041,-3.375,36.625,-9.75,565.6906771600977,standing_up,adl,6,real_hardware
24.1,0.099,0.044,1.05,-4.125,37.0,-6.75,565.6956679272961,standing_up,adl,6,real_hardware
24.105,0.125,0.066,1.074,-1.75,42.0,-9.75,565.6956679272961,standing_up,adl,6,real_hardware
24.11,0.132,0.07,1.089,-12.875,34.875,-7.875,565.6956679272961,standing_up,adl,6,real_hardware
24.115,0.154,0.074,1.097,-12.25,35.25,-13.75,565.6956679272961,standing_up,adl,6,real_hardware
24.12,0.171,0.072,1.085,-5.25,20.625,-9.125,565.6956679272961,standing_up,adl,6,real_hardware
24.125,0.193,0.064,1.07,-7.875,25.0,-6.625,565.6956679272961,standing_up,adl,6,real_hardware
24.13,0.189,0.039,1.039,-7.25,20.75,-11.875,565.6956679272961,standing_up,adl,6,real_hardware
24.135,0.177,0.005,1.023,-6.75,9.625,-2.875,565.7111561285594,standing_up,adl,6,real_hardware
24.14,0.152,-0.009,1.001,-13.5,11.875,0.0,565.7111561285594,standing_up,adl,6,real_hardware
24.145,0.115,-0.013,0.996,-9.5,12.125,-12.5,565.7111561285594,standing_up,adl,6,real_hardware
24.15,0.072,-0.023,0.992,-16.625,10.375,-7.125,565.7061652247692,standing_up,adl,6,real_hardware
24.155,0.033,-0.015,1.001,-20.25,10.75,-1.25,565.7061652247692,standing_up,adl,6,real_hardware
24.16,0.025,0.003,1.009,-23.0,10.125,3.125,565.7011743762382,standing_up,adl,6,real_hardware
24.165,0.005,0.025,1.007,-24.875,5.5,0.0,565.7011743762382,standing_up,adl,6,real_hardware
24.17,-0.017,0.039,1.005,-20.0,9.625,-3.25,565.7011743762382,standing_up,adl,6,real_hardware
24.175,-0.029,0.031,1.007,-14.625,10.25,-5.125,565.7166623128336,standing_up,adl,6,real_hardware
24.18,-0.046,0.035,1.021,-16.375,2.375,1.5,565.7166623128336,standing_up,adl,6,real_hardware
24.185,-0.056,0.037,1.027,-23.625,15.125,1.375,565.7166623128336,standing_up,adl,6,real_hardware
24.19,-0.066,0.062,1.041,-19.375,15.625,-0.5,565.7011743762382,standing_up,adl,6,real_hardware
24.195,-0.076,0.076,1.039,-22.875,12.0,3.0,565.7011743762382,standing_up,adl,6,real_hardware
24.2,-0.082,0.087,1.033,-23.0,11.125,-3.375,565.7166623128336,standing_up,adl,6,real_hardware
24.205,-0.095,0.082,1.041,-23.0,8.5,-0.5,565.6961835829663,standing_up,adl,6,real_hardware
24.21,-0.107,0.064,1.039,-28.125,17.75,2.25,565.7116713829723,standing_up,adl,6,real_hardware
24.215,-0.128,0.052,1.044,-26.0,21.625,-4.5,565.7066805083712,standing_up,adl,6,real_hardware
24.22,-0.144,0.06,1.048,-23.375,15.75,2.125,565.7116713829723,standing_up,adl,6,real_hardware
24.225,-0.13,0.087,1.042,-24.75,22.75,2.625,565.7116713829723,standing_up,adl,6,real_hardware
24.23,-0.13,0.107,1.041,-28.0,22.75,-5.125,565.7116713829723,standing_up,adl,6,real_hardware
24.235,-0.115,0.107,1.046,-31.75,26.375,4.125,565.7271591914927,standing_up,adl,6,real_hardware
24.24,-0.113,0.105,1.05,-29.875,23.125,-1.5,565.7271591914927,standing_up,adl,6,real_hardware
24.245,-0.103,0.101,1.052,-20.0,22.625,0.75,565.7271591914927,standing_up,adl,6,real_hardware
24.25,-0.103,0.08,1.056,-16.875,29.0,1.0,565.7271591914927,standing_up,adl,6,real_hardware
24.255,-0.087,0.062,1.062,-19.0,26.25,-1.75,565.7376558607499,standing_up,adl,6,real_hardware
24.26,-0.072,0.066,1.052,-10.625,23.125,-2.375,565.7426470085275,standing_up,adl,6,real_hardware
24.265,-0.058,0.054,1.056,-13.25,29.875,0.5,565.7426470085275,standing_up,adl,6,real_hardware
24.27,-0.039,0.05,1.058,-18.5,27.875,12.25,565.7426470085275,standing_up,adl,6,real_hardware
24.275,-0.027,0.048,1.06,-25.75,28.875,2.75,565.7426470085275,standing_up,adl,6,real_hardware
24.28,-0.027,0.064,1.072,-15.625,24.75,4.75,565.7271591914927,standing_up,adl,6,real_hardware
24.285,-0.015,0.091,1.07,-12.875,30.75,1.5,565.7426470085275,standing_up,adl,6,real_hardware
24.29,-0.015,0.101,1.068,-19.375,28.875,1.5,565.7426470085275,standing_up,adl,6,real_hardware
24.295,-0.015,0.099,1.07,-14.5,25.125,1.75,565.7426470085275,standing_up,adl,6,real_hardware
24.3,-0.031,0.062,1.087,-11.375,22.25,-3.0,565.7476382115677,standing_up,adl,6,real_hardware
24.305,-0.046,0.027,1.101,-11.625,28.625,-3.0,565.7476382115677,standing_up,adl,6,real_hardware
24.31,-0.048,0.003,1.121,-14.125,31.125,-6.0,565.7476382115677,standing_up,adl,6,real_hardware
24.315,-0.054,-0.011,1.121,-7.625,21.25,11.5,565.7321502579433,standing_up,adl,6,real_hardware
24.32,-0.05,-0.015,1.115,-9.625,20.25,-3.75,565.7321502579433,standing_up,adl,6,real_hardware
24.325,-0.041,-0.021,1.097,-14.625,15.625,1.375,565.7371413796557,standing_up,adl,6,real_hardware
24.33,-0.033,-0.025,1.068,-14.375,8.0,-9.625,565.7371413796557,standing_up,adl,6,real_hardware
24.335,-0.015,-0.025,1.06,-20.375,17.125,-6.625,565.7371413796557,standing_up,adl,6,real_hardware
24.34,-0.009,-0.011,1.039,-9.625,9.25,2.125,565.7371413796557,standing_up,adl,6,real_hardware
24.345,-0.001,0.011,1.033,-9.375,10.25,-2.875,565.7371413796557,standing_up,adl,6,real_hardware
24.35,0.003,0.033,1.031,-14.875,15.375,-1.75,565.7321502579433,standing_up,adl,6,real_hardware
24.355,0.011,0.044,1.031,-13.0,10.875,-3.5,565.7321502579433,standing_up,adl,6,real_hardware
24.36,0.013,0.05,1.041,-11.5,15.375,5.875,565.7321502579433,standing_up,adl,6,real_hardware
24.365,0.007,0.056,1.048,-12.125,12.25,-2.5,565.7321502579433,standing_up,adl,6,real_hardware
24.37,-0.003,0.041,1.064,-13.25,14.25,-4.625,565.7476382115677,standing_up,adl,6,real_hardware
24.375,-0.011,0.037,1.074,-17.25,6.125,-3.0,565.7476382115677,standing_up,adl,6,real_hardware
24.38,-0.041,0.033,1.068,-22.125,1.25,-2.875,565.7426470085275,standing_up,adl,6,real_hardware
24.385,-0.056,0.025,1.054,-18.25,6.375,-1.5,565.7426470085275,standing_up,adl,6,real_hardware
24.39,-0.076,0.019,1.042,-17.875,8.125,-0.875,565.7426470085275,standing_up,adl,6,real_hardware
24.395,-0.08,0.013,1.037,-21.125,2.375,-3.125,565.7271591914927,standing_up,adl,6,real_hardware
24.4,-0.076,0.023,1.009,-15.75,-1.0,-0.5,565.7271591914927,standing_up,adl,6,real_hardware
24.405,-0.076,0.029,0.998,-9.625,6.125,-8.5,565.7221681803035,standing_up,adl,6,real_hardware
24.41,-0.076,0.031,0.986,-13.5,2.0,-6.875,565.7221681803035,standing_up,adl,6,real_hardware
24.415,-0.089,0.039,0.982,-18.625,8.0,0.875,565.7221681803035,standing_up,adl,6,real_hardware
24.42,-0.091,0.048,0.976,-5.875,5.375,-11.0,565.7221681803035,standing_up,adl,6,real_hardware
24.425,-0.111,0.052,0.962,-22.625,0.625,-1.625,565.7221681803035,standing_up,adl,6,real_hardware
24.43,-0.121,0.058,0.962,-12.625,4.875,1.5,565.7221681803035,standing_up,adl,6,real_hardware
24.435,-0.134,0.039,0.96,-6.0,6.0,-1.75,565.7221681803035,standing_up,adl,6,real_hardware
24.44,-0.146,0.035,0.958,-13.25,7.0,1.125,565.7326647682345,standing_up,adl,6,real_hardware
24.445,-0.16,0.033,0.957,-14.625,10.625,-4.375,565.7376558607499,standing_up,adl,6,real_hardware
24.45,-0.158,0.021,0.951,-3.0,9.625,0.0,565.7531435497106,standing_up,adl,6,real_hardware
24.455,-0.156,0.023,0.943,-4.875,13.875,-4.0,565.7376558607499,standing_up,adl,6,real_hardware
24.46,-0.15,0.023,0.947,-8.625,9.125,-6.25,565.7376558607499,standing_up,adl,6,real_hardware
24.465,-0.148,0.015,0.935,-0.375,7.25,-8.25,565.7376558607499,standing_up,adl,6,real_hardware
24.47,-0.148,0.003,0.943,0.75,8.125,2.75,565.7376558607499,standing_up,adl,6,real_hardware
24.475,-0.136,0.011,0.945,1.0,10.0,-3.75,565.7376558607499,standing_up,adl,6,real_hardware
24.48,-0.126,0.003,0.939,-4.25,6.375,-2.625,565.7426470085275,standing_up,adl,6,real_hardware
24.485,-0.115,0.001,0.939,12.0,13.25,-5.625,565.7531435497106,standing_up,adl,6,real_hardware
24.49,-0.095,0.0,0.931,-0.625,11.375,-1.5,565.7376558607499,standing_up,adl,6,real_hardware
24.495,-0.072,0.0,0.931,-2.625,14.625,-3.375,565.7376558607499,standing_up,adl,6,real_hardware
24.5,-0.052,0.005,0.929,10.25,5.0,-2.125,565.7221681803035,standing_up,adl,6,real_hardware
24.505,-0.031,0.001,0.949,2.375,7.75,4.125,565.717177224375,standing_up,adl,6,real_hardware
24.51,-0.023,-0.011,0.951,4.125,5.375,4.0,565.7066805083712,standing_up,adl,6,real_hardware
24.515,-0.011,-0.017,0.958,11.5,10.875,-4.0,565.7066805083712,standing_up,adl,6,real_hardware
24.52,-0.011,-0.025,0.962,8.375,0.875,-2.25,565.7271591914927,standing_up,adl,6,real_hardware
24.525,-0.025,-0.023,0.966,-2.0,6.875,4.625,565.7271591914927,standing_up,adl,6,real_hardware
24.53,-0.031,-0.017,0.978,-0.75,3.75,-8.0,565.7271591914927,standing_up,adl,6,real_hardware
24.535,-0.048,-0.009,0.972,-0.875,-1.5,0.625,565.7321502579433,standing_up,adl,6,real_hardware
24.54,-0.054,-0.013,0.949,7.125,-3.125,2.375,565.7321502579433,standing_up,adl,6,real_hardware
24.545,-0.06,-0.015,0.931,3.5,0.0,-2.875,565.7321502579433,standing_up,adl,6,real_hardware
24.55,-0.058,-0.011,0.925,-6.125,-3.625,-1.0,565.7371413796557,standing_up,adl,6,real_hardware
24.555,-0.052,-0.021,0.939,1.875,-10.0,2.75,565.7371413796557,standing_up,adl,6,real_hardware
24.56,-0.046,-0.013,0.937,4.25,-12.625,-6.875,565.7321502579433,standing_up,adl,6,real_hardware
24.565,-0.041,-0.019,0.935,5.625,-6.0,-0.625,565.7321502579433,standing_up,adl,6,real_hardware
24.57,-0.037,-0.023,0.927,3.5,-8.875,-3.0,565.7321502579433,standing_up,adl,6,real_hardware
24.575,-0.035,-0.015,0.908,6.125,-17.0,-0.625,565.7271591914927,standing_up,adl,6,real_hardware
24.58,-0.046,-0.023,0.892,9.625,-15.625,3.875,565.7321502579433,standing_up,adl,6,real_hardware
24.585,-0.046,-0.044,0.865,10.125,-20.375,8.375,565.7116713829723,standing_up,adl,6,real_hardware
24.59,-0.066,-0.056,0.845,10.125,-19.5,-3.5,565.7116713829723,standing_up,adl,6,real_hardware
24.595,-0.076,-0.054,0.835,2.0,-31.875,1.125,565.7116713829723,standing_up,adl,6,real_hardware
24.6,-0.089,-0.042,0.855,12.625,-33.25,1.75,565.7271591914927,standing_up,adl,6,real_hardware
24.605,-0.113,-0.027,0.867,11.0,-26.75,-1.25,565.7221681803035,standing_up,adl,6,real_hardware
24.61,-0.126,-0.021,0.888,15.625,-28.5,2.125,565.7116713829723,standing_up,adl,6,real_hardware
24.615,-0.13,-0.023,0.906,12.75,-28.5,-2.0,565.7066805083712,standing_up,adl,6,real_hardware
24.62,-0.13,0.001,0.919,9.25,-26.375,2.0,565.7066805083712,standing_up,adl,6,real_hardware
24.625,-0.128,0.021,0.925,11.875,-19.625,-4.75,565.7066805083712,standing_up,adl,6,real_hardware
24.63,-0.119,0.031,0.919,20.625,-30.625,-0.625,565.7066805083712,standing_up,adl,6,real_hardware
24.635,-0.105,0.031,0.914,12.75,-21.125,3.875,565.7066805083712,standing_up,adl,6,real_hardware
24.64,-0.095,0.013,0.898,22.875,-23.625,-3.5,565.7016896890292,standing_up,adl,6,real_hardware
24.645,-0.08,0.001,0.9,21.25,-16.625,2.75,565.7016896890292,standing_up,adl,6,real_hardware
24.65,-0.068,-0.023,0.91,19.125,-18.875,-7.125,565.6911928449531,standing_up,adl,6,real_hardware
24.655,-0.054,-0.023,0.921,15.25,-21.875,-0.375,565.6911928449531,standing_up,adl,6,real_hardware
24.66,-0.041,-0.029,0.949,11.625,-20.125,2.5,565.7066805083712,standing_up,adl,6,real_hardware
24.665,-0.035,-0.017,0.968,18.375,-21.375,2.625,565.7066805083712,standing_up,adl,6,real_hardware
24.67,-0.05,0.007,0.984,10.25,-18.5,7.25,565.6911928449531,standing_up,adl,6,real_hardware
24.675,-0.044,0.027,0.978,16.0,-19.5,3.375,565.6911928449531,standing_up,adl,6,real_hardware
24.68,-0.06,0.056,0.966,8.5,-16.25,13.0,565.6862021621976,standing_up,adl,6,real_hardware
24.685,-0.058,0.083,0.947,14.375,-20.5,11.25,565.6911928449531,standing_up,adl,6,real_hardware
24.69,-0.052,0.103,0.927,16.75,-18.375,5.875,565.6911928449531,standing_up,adl,6,real_hardware
24.695,-0.05,0.107,0.916,27.75,-27.25,7.875,565.675705190049,standing_up,adl,6,real_hardware
24.7,-0.054,0.105,0.916,20.75,-27.5,0.875,565.6602175436594,standing_up,adl,6,real_hardware
24.705,-0.054,0.08,0.925,30.125,-22.125,3.875,565.6602175436594,standing_up,adl,6,real_hardware
24.71,-0.058,0.029,0.953,25.125,-22.75,8.0,565.675705190049,standing_up,adl,6,real_hardware
24.715,-0.066,-0.011,0.978,27.375,-8.0,6.375,565.6602175436594,standing_up,adl,6,real_hardware
24.72,-0.064,-0.046,0.966,17.25,-19.625,7.25,565.6602175436594,standing_up,adl,6,real_hardware
24.725,-0.074,-0.058,0.97,25.875,-17.75,8.875,565.6502367797484,standing_up,adl,6,real_hardware
24.73,-0.089,-0.056,0.958,24.25,-10.625,10.0,565.6552271340767,standing_up,adl,6,real_hardware
24.735,-0.103,-0.033,0.945,23.625,-18.125,-0.875,565.6607337173099,standing_up,adl,6,real_hardware
24.74,-0.119,-0.023,0.921,22.5,-13.25,12.875,565.6657241529671,standing_up,adl,6,real_hardware
24.745,-0.123,0.011,0.884,36.0,-18.0,5.625,565.6452464806746,standing_up,adl,6,real_hardware
24.75,-0.107,0.052,0.863,24.375,-23.75,9.5,565.6502367797484,standing_up,adl,6,real_hardware
24.755,-0.091,0.089,0.859,31.875,-19.375,2.25,565.6552271340767,standing_up,adl,6,real_hardware
24.76,-0.078,0.103,0.867,36.375,-13.875,-1.375,565.6602175436594,standing_up,adl,6,real_hardware
24.765,-0.066,0.107,0.869,40.125,-17.625,4.375,565.6602175436594,standing_up,adl,6,real_hardware
24.77,-0.066,0.101,0.875,39.75,-18.5,4.5,565.6602175436594,standing_up,adl,6,real_hardware
24.775,-0.07,0.085,0.876,37.0,-7.75,4.5,565.6602175436594,standing_up,adl,6,real_hardware
24.78,-0.101,0.058,0.888,33.875,-8.375,5.75,565.644729905784,standing_up,adl,6,real_hardware
24.785,-0.117,0.025,0.908,26.25,-12.125,3.375,565.6497202340346,standing_up,adl,6,real_hardware
24.79,-0.132,-0.015,0.919,41.25,-3.25,-6.0,565.6497202340346,standing_up,adl,6,real_hardware
24.795,-0.13,-0.052,0.906,34.25,-2.625,-3.5,565.6497202340346,standing_up,adl,6,real_hardware
24.8,-0.119,-0.076,0.894,33.75,-8.5,4.5,565.634232468086,standing_up,adl,6,real_hardware
24.805,-0.101,-0.083,0.9,28.5,-6.0,-1.125,565.6497202340346,standing_up,adl,6,real_hardware
24.81,-0.083,-0.07,0.919,34.25,-5.125,-2.375,565.644729905784,standing_up,adl,6,real_hardware
24.815,-0.058,-0.044,0.929,20.75,-6.875,5.375,565.644729905784,standing_up,adl,6,real_hardware
24.82,-0.044,-0.009,0.953,34.5,-8.375,-5.875,565.6397396327873,standing_up,adl,6,real_hardware
24.825,-0.017,0.033,0.966,20.875,-13.75,2.5,565.644729905784,standing_up,adl,6,real_hardware
24.83,-0.003,0.078,0.972,28.0,-5.375,0.0,565.644729905784,standing_up,adl,6,real_hardware
24.835,0.005,0.107,0.974,34.0,-6.875,0.0,565.6397396327873,standing_up,adl,6,real_hardware
24.84,0.0,0.111,0.962,26.25,-18.375,7.625,565.644729905784,standing_up,adl,6,real_hardware
24.845,-0.013,0.109,0.97,27.5,-17.875,1.0,565.6497202340346,standing_up,adl,6,real_hardware
24.85,-0.023,0.103,0.972,30.125,-20.625,6.375,565.6497202340346,standing_up,adl,6,real_hardware
24.855,-0.027,0.066,0.974,30.875,-14.25,3.125,565.644729905784,standing_up,adl,6,real_hardware
24.86,-0.039,0.039,0.984,25.625,-15.875,-0.375,565.6292422764227,standing_up,adl,6,real_hardware
24.865,-0.037,-0.001,1.007,21.875,-19.75,3.625,565.6497202340346,standing_up,adl,6,real_hardware
24.87,-0.037,-0.044,1.019,21.0,-16.25,-4.5,565.6292422764227,standing_up,adl,6,real_hardware
24.875,-0.021,-0.062,1.037,17.5,-10.0,-2.375,565.6292422764227,standing_up,adl,6,real_hardware
24.88,-0.015,-0.044,1.033,20.875,-7.375,1.5,565.6292422764227,standing_up,adl,6,real_hardware
24.885,0.0,-0.011,1.009,29.625,-9.5,5.125,565.6292422764227,standing_up,adl,6,real_hardware
24.89,0.005,0.041,1.005,20.875,-4.25,15.0,565.6292422764227,standing_up,adl,6,real_hardware
24.895,0.007,0.097,0.986,19.375,-10.25,6.5,565.6137546555757,standing_up,adl,6,real_hardware
24.9,0.001,0.111,0.974,26.375,-8.25,8.25,565.6187447106518,standing_up,adl,6,real_hardware
24.905,0.0,0.126,0.96,31.5,-6.875,1.25,565.6137546555757,standing_up,adl,6,real_hardware
24.91,-0.011,0.119,0.941,24.625,-13.125,-4.625,565.6137546555757,standing_up,adl,6,real_hardware
24.915,-0.013,0.113,0.949,15.75,-14.125,-4.125,565.6087646557506,standing_up,adl,6,real_hardware
24.92,-0.015,0.107,0.953,32.375,-11.0,-7.125,565.6292422764227,standing_up,adl,6,real_hardware
24.925,-0.009,0.101,0.943,21.875,-6.5,-2.625,565.6292422764227,standing_up,adl,6,real_hardware
24.93,-0.009,0.072,0.972,25.875,-5.375,-0.5,565.6137546555757,standing_up,adl,6,real_hardware
24.935,-0.003,0.056,0.982,22.375,-13.125,1.25,565.6137546555757,standing_up,adl,6,real_hardware
24.94,0.0,0.048,0.992,23.125,-4.5,0.375,565.5982670432429,standing_up,adl,6,real_hardware
24.945,-0.001,0.06,0.996,12.625,-4.375,5.25,565.5982670432429,standing_up,adl,6,real_hardware
24.95,0.0,0.085,0.994,13.375,-8.25,3.875,565.5827794394243,standing_up,adl,6,real_hardware
24.955,0.0,0.109,0.972,22.125,-4.75,-5.5,565.5877692213265,standing_up,adl,6,real_hardware
24.96,0.015,0.117,0.945,22.875,-9.375,-0.375,565.5877692213265,standing_up,adl,6,real_hardware
24.965,0.021,0.128,0.912,21.125,-1.375,5.125,565.5827794394243,standing_up,adl,6,real_hardware
24.97,0.025,0.134,0.896,21.875,-8.375,11.125,565.5877692213265,standing_up,adl,6,real_hardware
24.975,0.037,0.132,0.894,24.125,-8.0,-4.25,565.5877692213265,standing_up,adl,6,real_hardware
24.98,0.037,0.136,0.886,26.125,-3.75,-5.0,565.5877692213265,standing_up,adl,6,real_hardware
24.985,0.042,0.123,0.896,13.875,-10.625,-0.75,565.5927590584774,standing_up,adl,6,real_hardware
24.99,0.037,0.113,0.908,17.25,-9.0,8.5,565.5927590584774,standing_up,adl,6,real_hardware
24.995,0.033,0.109,0.925,22.0,-12.375,3.5,565.5977489508775,standing_up,adl,6,real_hardware
25.0,0.027,0.097,0.951,17.375,-11.125,6.75,565.5977489508775,standing_up,adl,6,real_hardware
25.005,0.025,0.095,0.97,15.125,-8.375,1.75,565.5977489508775,standing_up,adl,6,real_hardware
25.01,0.023,0.103,0.982,19.25,-13.75,-0.75,565.5977489508775,standing_up,adl,6,real_hardware
25.015,0.025,0.109,0.972,14.625,-17.875,-5.125,565.5623022540511,standing_up,adl,6,real_hardware
25.02,0.025,0.115,0.953,11.0,-24.125,1.125,565.5672918441198,standing_up,adl,6,real_hardware
25.025,0.033,0.15,0.914,9.125,-15.875,-5.625,565.5672918441198,standing_up,adl,6,real_hardware
25.03,0.042,0.16,0.9,18.625,-11.5,5.0,565.5468148038461,standing_up,adl,6,real_hardware
25.035,0.046,0.15,0.912,13.125,-24.625,7.875,565.5623022540511,standing_up,adl,6,real_hardware
25.04,0.056,0.13,0.941,13.375,-15.25,3.375,565.5623022540511,standing_up,adl,6,real_hardware
25.045,0.054,0.113,0.97,7.5,-15.875,4.0,565.5623022540511,standing_up,adl,6,real_hardware
25.05,0.052,0.107,1.003,5.25,-25.375,2.125,565.5672918441198,standing_up,adl,6,real_hardware
25.055,0.048,0.095,1.029,0.375,-14.625,2.75,565.5672918441198,standing_up,adl,6,real_hardware
25.06,0.037,0.074,1.064,-0.625,-20.25,2.75,565.5672918441198,standing_up,adl,6,real_hardware
25.065,0.029,0.05,1.07,-5.25,-12.25,-1.875,565.5672918441198,standing_up,adl,6,real_hardware
25.07,0.025,0.064,1.062,-7.5,-12.5,-3.125,565.5672918441198,standing_up,adl,6,real_hardware
25.075,0.023,0.074,1.031,-8.0,-10.5,-8.625,565.5468148038461,standing_up,adl,6,real_hardware
25.08,0.019,0.105,0.982,-17.625,-3.0,-7.125,565.5623022540511,standing_up,adl,6,real_hardware
25.085,0.011,0.109,0.939,-6.375,-15.125,0.75,565.5672918441198,standing_up,adl,6,real_hardware
25.09,0.011,0.115,0.912,-14.5,-5.5,-4.0,565.5518042573296,standing_up,adl,6,real_hardware
25.095,0.005,0.125,0.906,-3.875,-3.75,-6.25,565.5518042573296,standing_up,adl,6,real_hardware
25.1,-0.003,0.123,0.9,-12.125,4.125,-10.75,565.5518042573296,standing_up,adl,6,real_hardware
25.105,-0.021,0.125,0.898,-8.625,-2.25,-4.375,565.5518042573296,standing_up,adl,6,real_hardware
25.11,-0.029,0.117,0.904,-8.625,-2.875,-2.125,565.5518042573296,standing_up,adl,6,real_hardware
25.115,-0.033,0.109,0.906,-6.0,6.125,-13.25,565.5518042573296,standing_up,adl,6,real_hardware
25.12,-0.046,0.089,0.923,-8.375,1.125,-4.625,565.5363166790537,standing_up,adl,6,real_hardware
25.125,-0.042,0.07,0.923,-7.25,9.125,1.0,565.5363166790537,standing_up,adl,6,real_hardware
25.13,-0.046,0.041,0.923,-8.375,4.875,-8.625,565.5313273621553,standing_up,adl,6,real_hardware
25.135,-0.039,0.023,0.925,-16.625,8.0,-10.375,565.5468148038461,standing_up,adl,6,real_hardware
25.14,-0.023,0.013,0.925,-11.375,17.25,-6.125,565.5518042573296,standing_up,adl,6,real_hardware
25.145,-0.013,0.009,0.919,-16.875,14.875,-8.875,565.5518042573296,standing_up,adl,6,real_hardware
25.15,0.009,0.021,0.91,-10.375,25.5,-12.25,565.5518042573296,standing_up,adl,6,real_hardware
25.155,0.015,0.017,0.921,-14.625,12.0,0.25,565.5518042573296,standing_up,adl,6,real_hardware
25.16,0.021,0.013,0.923,-7.875,10.375,-9.25,565.5518042573296,standing_up,adl,6,real_hardware
25.165,0.019,0.005,0.921,-9.875,16.375,-14.625,565.5468148038461,standing_up,adl,6,real_hardware
25.17,0.005,0.0,0.923,-6.25,8.0,-5.25,565.5468148038461,standing_up,adl,6,real_hardware
25.175,-0.009,-0.013,0.921,-17.5,11.625,-1.0,565.5518042573296,standing_up,adl,6,real_hardware
25.18,-0.023,-0.027,0.923,-13.25,10.875,-4.625,565.5567937660585,standing_up,adl,6,real_hardware
25.185,-0.041,-0.041,0.927,-23.5,10.75,-7.625,565.5567937660585,standing_up,adl,6,real_hardware
25.19,-0.054,-0.05,0.935,-2.75,7.5,-11.625,565.5413060511961,standing_up,adl,6,real_hardware
25.195,-0.048,-0.066,0.941,-14.5,10.625,-5.25,565.5462954785831,standing_up,adl,6,real_hardware
25.2,-0.046,-0.07,0.943,-8.0,17.25,-4.375,565.5462954785831,standing_up,adl,6,real_hardware
25.205,-0.015,-0.087,0.978,-9.625,12.375,0.0,565.5462954785831,standing_up,adl,6,real_hardware
25.21,-0.001,-0.103,0.994,-17.25,9.375,-1.0,565.5462954785831,standing_up,adl,6,real_hardware
25.215,-0.009,-0.097,1.025,-5.875,12.375,13.0,565.5462954785831,standing_up,adl,6,real_hardware
25.22,-0.013,-0.095,1.042,-3.75,6.375,3.125,565.5308076356474,standing_up,adl,6,real_hardware
25.225,-0.015,-0.103,1.044,-13.25,11.0,13.75,565.5462954785831,standing_up,adl,6,real_hardware
25.23,-0.007,-0.119,1.048,-7.0,13.125,15.125,565.5512849612152,standing_up,adl,6,real_hardware
25.235,-0.001,-0.144,1.042,-12.5,20.75,15.125,565.5512849612152,standing_up,adl,6,real_hardware
25.24,0.009,-0.171,1.033,-5.375,18.125,21.125,565.5512849612152,standing_up,adl,6,real_hardware
25.245,0.015,-0.207,1.023,-8.375,23.625,10.25,565.5512849612152,standing_up,adl,6,real_hardware
25.25,0.009,-0.21,1.025,-20.875,15.75,16.0,565.5512849612152,standing_up,adl,6,real_hardware
25.255,0.0,-0.193,1.025,-20.25,19.25,21.125,565.5213488940884,standing_up,adl,6,real_hardware
25.26,-0.009,-0.162,1.019,-19.5,26.125,20.125,565.5213488940884,standing_up,adl,6,real_hardware
25.265,-0.029,-0.119,1.005,-19.75,23.625,6.375,565.5213488940884,standing_up,adl,6,real_hardware
25.27,-0.033,-0.078,0.99,-24.125,25.5,15.25,565.5263381005002,standing_up,adl,6,real_hardware
25.275,-0.041,-0.029,0.976,-12.5,25.875,16.875,565.5263381005002,standing_up,adl,6,real_hardware
25.28,-0.05,0.007,0.958,-20.0,32.25,16.125,565.5313273621553,standing_up,adl,6,real_hardware
25.285,-0.058,0.064,0.947,-16.5,15.375,15.0,565.5518042573296,standing_up,adl,6,real_hardware
25.29,-0.074,0.085,0.941,-17.5,17.0,14.0,565.5363166790537,standing_up,adl,6,real_hardware
25.295,-0.087,0.093,0.945,-16.625,13.75,11.75,565.5518042573296,standing_up,adl,6,real_hardware
25.3,-0.093,0.093,0.955,-18.625,16.125,8.875,565.5363166790537,standing_up,adl,6,real_hardware
25.305,-0.101,0.082,0.972,-17.125,18.375,6.125,565.5363166790537,standing_up,adl,6,real_hardware
25.31,-0.115,0.068,0.982,-12.75,13.25,2.25,565.5567937660585,standing_up,adl,6,real_hardware
25.315,-0.105,0.056,0.988,-10.125,16.75,-5.125,565.5567937660585,standing_up,adl,6,real_hardware
25.32,-0.093,0.056,0.984,-15.625,16.5,-0.75,565.5567937660585,standing_up,adl,6,real_hardware
25.325,-0.078,0.054,0.976,-21.5,13.875,-5.125,565.5617833300334,standing_up,adl,6,real_hardware
25.33,-0.066,0.05,0.982,-11.25,20.125,-7.875,565.5462954785831,standing_up,adl,6,real_hardware
25.335,-0.05,0.05,0.984,-10.625,15.375,-8.0,565.5617833300334,standing_up,adl,6,real_hardware
25.34,-0.05,0.05,0.982,-12.75,16.375,-4.625,565.5617833300334,standing_up,adl,6,real_hardware
25.345,-0.042,0.06,0.984,-9.75,14.375,-16.375,565.5667729492546,standing_up,adl,6,real_hardware
25.35,-0.048,0.07,0.994,-5.875,14.375,-12.0,565.5667729492546,standing_up,adl,6,real_hardware
25.355,-0.05,0.083,0.992,-10.0,21.25,-10.5,565.5667729492546,standing_up,adl,6,real_hardware
25.36,-0.052,0.087,0.992,-12.5,20.0,-17.25,565.5772711899982,standing_up,adl,6,real_hardware
25.365,-0.054,0.097,0.992,-23.0,19.625,-7.5,565.5772711899982,standing_up,adl,6,real_hardware
25.37,-0.048,0.109,0.988,-23.875,12.625,-12.5,565.5617833300334,standing_up,adl,6,real_hardware
25.375,-0.048,0.107,0.986,-18.875,28.875,-12.5,565.5617833300334,standing_up,adl,6,real_hardware
25.38,-0.041,0.113,0.974,-12.5,14.875,-22.375,565.5667729492546,standing_up,adl,6,real_hardware
25.385,-0.044,0.117,0.968,-24.875,25.625,-26.375,565.5667729492546,standing_up,adl,6,real_hardware
25.39,-0.037,0.136,0.962,-24.125,25.0,-19.875,565.5822609458087,standing_up,adl,6,real_hardware
25.395,-0.035,0.156,0.957,-17.875,25.75,-14.75,565.5822609458087,standing_up,adl,6,real_hardware
25.4,-0.033,0.177,0.941,-12.5,21.125,-20.375,565.5822609458087,standing_up,adl,6,real_hardware
25.405,-0.033,0.191,0.923,-13.625,20.25,-16.875,565.5822609458087,standing_up,adl,6,real_hardware
25.41,-0.031,0.205,0.894,-5.125,22.375,-22.125,565.5822609458087,standing_up,adl,6,real_hardware
25.415,-0.044,0.199,0.88,-7.25,23.375,-19.875,565.5977489508775,standing_up,adl,6,real_hardware
25.42,-0.056,0.183,0.882,-7.5,18.25,-16.25,565.5977489508775,standing_up,adl,6,real_hardware
25.425,-0.066,0.173,0.875,4.375,23.25,-28.375,565.5977489508775,standing_up,adl,6,real_hardware
25.43,-0.072,0.15,0.884,-0.375,14.5,-19.25,565.5977489508775,standing_up,adl,6,real_hardware
25.435,-0.076,0.128,0.884,4.125,10.75,-29.5,565.5977489508775,standing_up,adl,6,real_hardware
25.44,-0.085,0.109,0.89,6.75,8.75,-17.75,565.5977489508775,standing_up,adl,6,real_hardware
25.445,-0.091,0.109,0.916,10.875,4.625,-19.625,565.5977489508775,standing_up,adl,6,real_hardware
25.45,-0.105,0.089,0.933,17.625,-1.75,-16.375,565.5977489508775,standing_up,adl,6,real_hardware
25.455,-0.125,0.062,0.945,14.0,-1.125,-21.0,565.5977489508775,standing_up,adl,6,real_hardware
25.46,-0.16,0.031,0.984,14.875,-6.0,-18.5,565.6027388985273,standing_up,adl,6,real_hardware
25.465,-0.177,-0.027,1.019,15.125,-8.375,-22.625,565.6027388985273,standing_up,adl,6,real_hardware
25.47,-0.201,-0.082,1.066,21.625,-5.25,-21.5,565.6027388985273,standing_up,adl,6,real_hardware
25.475,-0.23,-0.125,1.113,8.25,-9.0,-19.5,565.5977489508775,standing_up,adl,6,real_hardware
25.48,-0.25,-0.15,1.136,6.875,-2.75,-28.375,565.6027388985273,standing_up,adl,6,real_hardware
25.485,-0.248,-0.146,1.158,-6.0,2.375,-25.125,565.6182270487018,standing_up,adl,6,real_hardware
25.49,-0.234,-0.13,1.167,-12.875,-1.125,-16.875,565.6082469354711,standing_up,adl,6,real_hardware
25.495,-0.189,-0.087,1.144,-19.75,12.75,-23.5,565.6032569617319,standing_up,adl,6,real_hardware
25.5,-0.15,-0.048,1.128,-17.0,22.0,-17.0,565.5832976192713,standing_up,adl,6,real_hardware
25.505,-0.097,-0.019,1.097,-28.875,30.25,-15.625,565.5777897127704,standing_up,adl,6,real_hardware
25.51,-0.05,0.007,1.05,-21.25,30.25,-22.25,565.5982670432429,standing_up,adl,6,real_hardware
25.515,-0.027,0.027,1.023,-30.25,33.375,-20.5,565.6032569617319,standing_up,adl,6,real_hardware
25.52,-0.005,0.048,0.986,-23.875,30.875,-17.75,565.6187447106518,standing_up,adl,6,real_hardware
25.525,0.011,0.07,0.96,-30.375,37.5,-15.125,565.6187447106518,standing_up,adl,6,real_hardware
25.53,0.011,0.089,0.937,-24.0,36.625,-19.0,565.6187447106518,standing_up,adl,6,real_hardware
25.535,0.011,0.109,0.906,-29.0,27.375,-3.75,565.6237348209794,standing_up,adl,6,real_hardware
25.54,0.015,0.111,0.896,-23.75,28.75,-20.875,565.6237348209794,standing_up,adl,6,real_hardware
25.545,0.013,0.109,0.876,-20.875,25.875,-11.125,565.6237348209794,standing_up,adl,6,real_hardware
25.55,0.007,0.111,0.875,-18.875,20.875,-9.625,565.6237348209794,standing_up,adl,6,real_hardware
25.555,0.0,0.109,0.869,-17.875,12.75,-6.125,565.6237348209794,standing_up,adl,6,real_hardware
25.56,-0.013,0.107,0.878,-9.0,10.625,-12.0,565.6237348209794,standing_up,adl,6,real_hardware
25.565,-0.027,0.101,0.89,-4.125,-7.75,-11.0,565.6237348209794,standing_up,adl,6,real_hardware
25.57,-0.041,0.07,0.902,-8.375,0.625,-9.75,565.6237348209794,standing_up,adl,6,real_hardware
25.575,-0.046,0.054,0.923,-6.875,-8.375,-7.0,565.6082469354711,standing_up,adl,6,real_hardware
25.58,-0.066,0.017,0.949,-6.875,-13.875,-8.125,565.5927590584774,standing_up,adl,6,real_hardware
25.585,-0.076,-0.001,0.97,2.625,-13.25,-16.5,565.5927590584774,standing_up,adl,6,real_hardware
25.59,-0.08,-0.023,0.986,-4.75,-10.125,-10.625,565.5927590584774,standing_up,adl,6,real_hardware
25.595,-0.085,-0.048,1.007,-5.375,-5.75,-7.625,565.6082469354711,standing_up,adl,6,real_hardware
25.6,-0.091,-0.056,1.021,-12.375,-17.875,-3.625,565.6082469354711,standing_up,adl,6,real_hardware
25.605,-0.097,-0.066,1.035,-20.0,-7.875,0.125,565.6032569617319,standing_up,adl,6,real_hardware
25.61,-0.101,-0.066,1.029,-16.125,-3.5,-7.875,565.6032569617319,standing_up,adl,6,real_hardware
25.615,-0.095,-0.044,1.041,-11.75,1.625,-6.875,565.5982670432429,standing_up,adl,6,real_hardware
25.62,-0.105,-0.037,1.033,-16.75,6.625,-8.0,565.5982670432429,standing_up,adl,6,real_hardware
25.625,-0.113,-0.019,1.037,-22.75,7.875,-17.0,565.5982670432429,standing_up,adl,6,real_hardware
25.63,-0.113,-0.019,1.029,-23.875,3.75,-1.75,565.5982670432429,standing_up,adl,6,real_hardware
25.635,-0.117,-0.013,1.015,-24.125,3.875,-12.375,565.5932771800034,standing_up,adl,6,real_hardware
25.64,-0.111,-0.011,1.007,-17.125,10.5,-7.625,565.5932771800034,standing_up,adl,6,real_hardware
25.645,-0.121,-0.011,1.001,-17.625,16.5,-12.25,565.5932771800034,standing_up,adl,6,real_hardware
25.65,-0.123,-0.011,1.003,-22.375,8.875,-7.25,565.5982670432429,standing_up,adl,6,real_hardware
25.655,-0.128,-0.003,1.001,-22.875,9.125,-14.25,565.5982670432429,standing_up,adl,6,real_hardware
25.66,-0.14,-0.007,1.005,-23.125,8.0,-12.5,565.5982670432429,standing_up,adl,6,real_hardware
25.665,-0.138,-0.007,1.003,-20.375,8.125,-11.625,565.6137546555757,standing_up,adl,6,real_hardware
25.67,-0.138,0.0,1.0,-17.875,9.875,-17.0,565.5982670432429,standing_up,adl,6,real_hardware
25.675,-0.128,0.003,0.994,-20.75,0.875,-15.125,565.6087646557506,standing_up,adl,6,real_hardware
25.68,-0.125,0.005,0.992,-27.75,6.25,-14.75,565.6087646557506,standing_up,adl,6,real_hardware
25.685,-0.115,-0.009,0.988,-23.0,7.0,-4.75,565.6087646557506,standing_up,adl,6,real_hardware
25.69,-0.111,-0.015,0.988,-19.625,12.625,-13.875,565.6087646557506,standing_up,adl,6,real_hardware
25.695,-0.105,-0.023,0.99,-18.5,11.75,-14.5,565.6087646557506,standing_up,adl,6,real_hardware
25.7,-0.087,-0.033,1.005,-23.25,3.25,-4.625,565.5932771800034,standing_up,adl,6,real_hardware
25.705,-0.08,-0.031,1.013,-36.0,13.375,-15.125,565.6087646557506,standing_up,adl,6,real_hardware
25.71,-0.072,-0.019,1.015,-26.125,9.125,-12.5,565.6087646557506,standing_up,adl,6,real_hardware
25.715,-0.064,-0.001,1.019,-25.875,17.25,-8.125,565.6087646557506,standing_up,adl,6,real_hardware
25.72,-0.066,0.009,1.011,-29.375,11.5,-7.0,565.6087646557506,standing_up,adl,6,real_hardware
25.725,-0.062,0.015,0.994,-35.875,7.5,-4.875,565.6137546555757,standing_up,adl,6,real_hardware
25.73,-0.064,0.025,0.984,-38.125,8.75,-4.625,565.6292422764227,standing_up,adl,6,real_hardware
25.735,-0.07,0.031,0.966,-35.125,12.25,-3.875,565.6292422764227,standing_up,adl,6,real_hardware
25.74,-0.072,0.041,0.929,-30.625,19.0,0.625,565.6292422764227,standing_up,adl,6,real_hardware
25.745,-0.082,0.044,0.91,-40.0,14.875,4.75,565.624252140012,standing_up,adl,6,real_hardware
25.75,-0.089,0.05,0.886,-39.875,9.625,5.25,565.6397396327873,standing_up,adl,6,real_hardware
25.755,-0.099,0.054,0.882,-30.875,16.25,-2.625,565.624252140012,standing_up,adl,6,real_hardware
25.76,-0.109,0.05,0.876,-27.5,4.625,4.5,565.6192620588529,standing_up,adl,6,real_hardware
25.765,-0.107,0.05,0.892,-26.625,20.375,1.125,565.6192620588529,standing_up,adl,6,real_hardware
25.77,-0.105,0.035,0.904,-24.25,13.375,-2.5,565.6142720329453,standing_up,adl,6,real_hardware
25.775,-0.105,0.019,0.91,-31.125,6.75,-4.5,565.6192620588529,standing_up,adl,6,real_hardware
25.78,-0.111,0.003,0.904,-17.875,-3.5,0.25,565.6087646557506,standing_up,adl,6,real_hardware
25.785,-0.099,-0.009,0.91,-18.375,2.0,-3.125,565.6087646557506,standing_up,adl,6,real_hardware
25.79,-0.105,-0.021,0.927,-13.5,6.625,6.375,565.624252140012,standing_up,adl,6,real_hardware
25.795,-0.105,-0.039,0.939,-17.75,-8.75,-7.875,565.6292422764227,standing_up,adl,6,real_hardware
25.8,-0.101,-0.054,0.945,-10.75,-4.5,-8.125,565.6292422764227,standing_up,adl,6,real_hardware
25.805,-0.103,-0.076,0.96,-14.0,-9.875,-4.625,565.6292422764227,standing_up,adl,6,real_hardware
25.81,-0.111,-0.089,0.966,-13.5,-3.125,-9.875,565.6292422764227,standing_up,adl,6,real_hardware
25.815,-0.105,-0.097,0.982,-16.125,-11.375,1.625,565.634232468086,standing_up,adl,6,real_hardware
25.82,-0.113,-0.105,0.98,-15.25,-5.5,0.75,565.6497202340346,standing_up,adl,6,real_hardware
25.825,-0.107,-0.109,0.994,-16.25,-15.375,-10.25,565.6497202340346,standing_up,adl,6,real_hardware
25.83,-0.109,-0.113,0.99,-18.375,-1.25,-2.375,565.6602175436594,standing_up,adl,6,real_hardware
25.835,-0.107,-0.113,0.992,-6.0,-12.375,-11.375,565.644729905784,standing_up,adl,6,real_hardware
25.84,-0.099,-0.109,0.99,-18.875,-12.625,-4.625,565.644729905784,standing_up,adl,6,real_hardware
25.845,-0.099,-0.111,0.982,-9.875,-10.25,-4.125,565.644729905784,standing_up,adl,6,real_hardware
25.85,-0.089,-0.109,0.996,-13.75,-9.375,-5.625,565.644729905784,standing_up,adl,6,real_hardware
25.855,-0.085,-0.111,0.988,-13.5,-10.5,-1.0,565.644729905784,standing_up,adl,6,real_hardware
25.86,-0.08,-0.117,0.988,-9.25,-12.125,-9.375,565.624252140012,standing_up,adl,6,real_hardware
25.865,-0.095,-0.123,0.986,-7.5,-12.0,-0.5,565.6292422764227,standing_up,adl,6,real_hardware
25.87,-0.101,-0.126,0.976,-9.125,-8.375,-10.375,565.6292422764227,standing_up,adl,6,real_hardware
25.875,-0.115,-0.126,0.98,-10.375,-12.75,-7.75,565.6292422764227,standing_up,adl,6,real_hardware
25.88,-0.126,-0.119,0.972,-1.625,2.875,-5.25,565.6497202340346,standing_up,adl,6,real_hardware
25.885,-0.126,-0.128,0.957,-9.125,-3.375,-11.875,565.6292422764227,standing_up,adl,6,real_hardware
25.89,-0.125,-0.13,0.957,-2.875,-5.75,-15.375,565.6292422764227,standing_up,adl,6,real_hardware
25.895,-0.13,-0.134,0.964,-13.5,-3.625,-15.25,565.6292422764227,standing_up,adl,6,real_hardware
25.9,-0.13,-0.138,0.974,-14.375,-3.75,-11.0,565.6137546555757,standing_up,adl,6,real_hardware
25.905,-0.125,-0.138,0.982,-14.875,-0.25,-10.375,565.6087646557506,standing_up,adl,6,real_hardware
25.91,-0.123,-0.142,0.994,-17.375,0.25,-16.75,565.6087646557506,standing_up,adl,6,real_hardware
25.915,-0.107,-0.14,1.003,-13.0,-3.75,-9.625,565.6087646557506,standing_up,adl,6,real_hardware
25.92,-0.099,-0.138,1.003,-29.125,-9.125,-11.875,565.624252140012,standing_up,adl,6,real_hardware
25.925,-0.089,-0.132,0.994,-16.75,-0.125,-11.625,565.6087646557506,standing_up,adl,6,real_hardware
25.93,-0.08,-0.132,0.98,-17.375,-3.25,-4.625,565.6087646557506,standing_up,adl,6,real_hardware
25.935,-0.08,-0.128,0.96,-17.375,5.625,-10.875,565.6087646557506,standing_up,adl,6,real_hardware
25.94,-0.078,-0.126,0.953,-28.25,3.625,-12.5,565.624252140012,standing_up,adl,6,real_hardware
25.945,-0.072,-0.134,0.949,-16.0,-1.625,-7.375,565.624252140012,standing_up,adl,6,real_hardware
25.95,-0.072,-0.136,0.945,-21.75,-1.75,-13.5,565.6087646557506,standing_up,adl,6,real_hardware
25.955,-0.072,-0.146,0.943,-22.125,0.5,-10.25,565.6137546555757,standing_up,adl,6,real_hardware
25.96,-0.062,-0.142,0.96,-20.25,2.0,-10.75,565.6087646557506,standing_up,adl,6,real_hardware
25.965,-0.062,-0.144,0.972,-20.75,1.0,-11.5,565.6087646557506,standing_up,adl,6,real_hardware
25.97,-0.058,-0.154,0.968,-20.75,4.375,-3.75,565.6137546555757,standing_up,adl,6,real_hardware
25.975,-0.066,-0.16,0.974,-24.625,7.0,-10.25,565.6137546555757,standing_up,adl,6,real_hardware
25.98,-0.068,-0.173,0.984,-21.25,3.625,-4.25,565.6137546555757,standing_up,adl,6,real_hardware
25.985,-0.07,-0.187,0.986,-20.625,-5.25,-4.0,565.5982670432429,standing_up,adl,6,real_hardware
25.99,-0.087,-0.214,1.0,-21.375,4.625,-5.75,565.5982670432429,standing_up,adl,6,real_hardware
25.995,-0.087,-0.226,1.007,-21.875,4.75,-6.25,565.5982670432429,standing_up,adl,6,real_hardware
26.0,-0.089,-0.246,1.017,-36.75,-3.875,6.75,565.5982670432429,standing_up,adl,6,real_hardware
26.005,-0.089,-0.248,1.039,-35.25,-1.0,3.375,565.5982670432429,standing_up,adl,6,real_hardware
26.01,-0.095,-0.261,1.039,-36.5,2.125,-0.5,565.5982670432429,standing_up,adl,6,real_hardware
26.015,-0.103,-0.253,1.042,-42.875,5.25,-1.375,565.5982670432429,standing_up,adl,6,real_hardware
26.02,-0.099,-0.25,1.039,-45.375,8.5,4.5,565.6087646557506,standing_up,adl,6,real_hardware
26.025,-0.095,-0.234,1.025,-42.875,11.625,3.125,565.6087646557506,standing_up,adl,6,real_hardware
26.03,-0.099,-0.232,1.011,-43.375,12.0,-6.875,565.6087646557506,standing_up,adl,6,real_hardware
26.035,-0.105,-0.22,0.998,-50.125,15.375,6.5,565.6087646557506,standing_up,adl,6,real_hardware
26.04,-0.103,-0.195,0.98,-48.25,10.125,8.125,565.5932771800034,standing_up,adl,6,real_hardware
26.045,-0.074,-0.173,0.957,-47.125,7.5,1.0,565.5932771800034,standing_up,adl,6,real_hardware
26.05,-0.083,-0.169,0.945,-42.25,4.5,4.375,565.5932771800034,standing_up,adl,6,real_hardware
26.055,-0.089,-0.156,0.917,-37.875,4.25,4.125,565.588287372013,standing_up,adl,6,real_hardware
26.06,-0.095,-0.146,0.908,-45.375,8.625,7.25,565.588287372013,standing_up,adl,6,real_hardware
26.065,-0.089,-0.138,0.884,-32.25,8.5,3.25,565.588287372013,standing_up,adl,6,real_hardware
26.07,-0.101,-0.148,0.861,-29.75,2.5,4.25,565.588287372013,standing_up,adl,6,real_hardware
26.075,-0.099,-0.152,0.865,-25.625,0.0,-1.75,565.6087646557506,standing_up,adl,6,real_hardware
26.08,-0.107,-0.162,0.855,-37.375,1.125,6.75,565.6087646557506,standing_up,adl,6,real_hardware
26.085,-0.115,-0.173,0.857,-22.5,-1.375,-0.625,565.6087646557506,standing_up,adl,6,real_hardware
26.09,-0.105,-0.181,0.878,-17.625,-0.875,-0.5,565.6087646557506,standing_up,adl,6,real_hardware
26.095,-0.101,-0.195,0.894,-22.75,-0.5,11.75,565.6037747111759,standing_up,adl,6,real_hardware
26.1,-0.117,-0.208,0.908,-17.25,-5.375,11.25,565.6037747111759,standing_up,adl,6,real_hardware
26.105,-0.119,-0.224,0.919,-19.75,-5.625,10.0,565.6037747111759,standing_up,adl,6,real_hardware
26.11,-0.115,-0.234,0.937,-9.75,-5.25,1.25,565.6087646557506,standing_up,adl,6,real_hardware
26.115,-0.111,-0.246,0.949,-22.875,5.125,12.0,565.6087646557506,standing_up,adl,6,real_hardware
26.12,-0.121,-0.259,0.951,-20.5,2.0,17.75,565.6087646557506,standing_up,adl,6,real_hardware
26.125,-0.125,-0.277,0.96,-23.625,-1.5,9.25,565.6087646557506,standing_up,adl,6,real_hardware
26.13,-0.136,-0.296,0.972,-17.125,1.75,4.875,565.5932771800034,standing_up,adl,6,real_hardware
26.135,-0.148,-0.3,0.984,-17.875,0.5,14.75,565.6087646557506,standing_up,adl,6,real_hardware
26.14,-0.154,-0.298,1.0,-18.625,2.0,1.625,565.6087646557506,standing_up,adl,6,real_hardware
26.145,-0.16,-0.283,1.0,-26.625,6.0,7.625,565.6087646557506,standing_up,adl,6,real_hardware
26.15,-0.154,-0.271,1.007,-19.875,-1.75,9.75,565.6087646557506,standing_up,adl,6,real_hardware
26.155,-0.15,-0.263,0.994,-23.375,-2.625,8.875,565.588287372013,standing_up,adl,6,real_hardware
26.16,-0.146,-0.269,0.986,-24.25,-3.5,5.625,565.5932771800034,standing_up,adl,6,real_hardware
26.165,-0.13,-0.289,0.978,-18.5,-10.0,8.125,565.5932771800034,standing_up,adl,6,real_hardware
26.17,-0.123,-0.302,0.968,-23.875,-3.75,9.0,565.5932771800034,standing_up,adl,6,real_hardware
26.175,-0.121,-0.318,0.96,-29.75,-8.375,18.125,565.5932771800034,standing_up,adl,6,real_hardware
26.18,-0.117,-0.322,0.962,-33.0,-1.0,13.5,565.5932771800034,standing_up,adl,6,real_hardware
26.185,-0.125,-0.324,0.958,-25.25,1.375,6.375,565.5982670432429,standing_up,adl,6,real_hardware
26.19,-0.138,-0.328,0.955,-27.75,0.375,18.0,565.6137546555757,standing_up,adl,6,real_hardware
26.195,-0.158,-0.324,0.943,-35.875,-6.125,14.25,565.6137546555757,standing_up,adl,6,real_hardware
26.2,-0.167,-0.324,0.937,-33.875,5.875,7.5,565.6137546555757,standing_up,adl,6,real_hardware
26.205,-0.169,-0.316,0.931,-40.0,7.5,3.75,565.6137546555757,standing_up,adl,6,real_hardware
26.21,-0.181,-0.316,0.929,-34.125,12.25,2.25,565.6187447106518,standing_up,adl,6,real_hardware
26.215,-0.177,-0.318,0.925,-37.5,9.875,2.0,565.6187447106518,standing_up,adl,6,real_hardware
26.22,-0.175,-0.304,0.919,-44.125,7.875,11.75,565.6187447106518,standing_up,adl,6,real_hardware
26.225,-0.173,-0.296,0.912,-35.375,10.25,-2.875,565.6187447106518,standing_up,adl,6,real_hardware
26.23,-0.169,-0.289,0.916,-39.5,8.625,-2.375,565.6137546555757,standing_up,adl,6,real_hardware
26.235,-0.158,-0.269,0.888,-31.75,11.375,3.0,565.6037747111759,standing_up,adl,6,real_hardware
26.24,-0.152,-0.261,0.884,-39.125,10.875,0.0,565.573318279532,standing_up,adl,6,real_hardware
26.245,-0.152,-0.255,0.869,-30.75,5.375,1.625,565.5937949877766,standing_up,adl,6,real_hardware
26.25,-0.152,-0.255,0.867,-26.625,-3.125,-4.75,565.5987848218515,standing_up,adl,6,real_hardware
26.255,-0.148,-0.253,0.853,-29.125,5.5,5.375,565.6037747111759,standing_up,adl,6,real_hardware
26.26,-0.144,-0.261,0.863,-33.625,10.5,-2.75,565.5987848218515,standing_up,adl,6,real_hardware
26.265,-0.142,-0.267,0.855,-21.75,10.625,3.25,565.5987848218515,standing_up,adl,6,real_hardware
26.27,-0.144,-0.283,0.861,-26.875,9.125,-2.125,565.588287372013,standing_up,adl,6,real_hardware
26.275,-0.14,-0.304,0.871,-29.875,4.125,7.75,565.6037747111759,standing_up,adl,6,real_hardware
26.28,-0.136,-0.314,0.882,-22.625,13.125,-0.75,565.588287372013,standing_up,adl,6,real_hardware
26.285,-0.134,-0.316,0.888,-27.0,6.875,-1.5,565.588287372013,standing_up,adl,6,real_hardware
26.29,-0.125,-0.318,0.892,-23.75,12.75,0.625,565.588287372013,standing_up,adl,6,real_hardware
26.295,-0.123,-0.322,0.886,-26.75,14.75,10.0,565.588287372013,standing_up,adl,6,real_hardware
26.3,-0.121,-0.31,0.89,-29.875,15.0,-0.125,565.588287372013,standing_up,adl,6,real_hardware
26.305,-0.117,-0.312,0.898,-19.0,13.875,3.0,565.588287372013,standing_up,adl,6,real_hardware
26.31,-0.119,-0.31,0.906,-22.75,11.25,-1.75,565.5932771800034,standing_up,adl,6,real_hardware
26.315,-0.117,-0.318,0.912,-17.875,8.625,7.875,565.5932771800034,standing_up,adl,6,real_hardware
26.32,-0.117,-0.324,0.921,-18.75,11.75,-0.125,565.588287372013,standing_up,adl,6,real_hardware
26.325,-0.123,-0.333,0.931,-23.0,18.25,7.0,565.5777897127704,standing_up,adl,6,real_hardware
26.33,-0.125,-0.345,0.927,-23.625,8.25,8.875,565.5777897127704,standing_up,adl,6,real_hardware
26.335,-0.134,-0.353,0.931,-26.25,5.375,1.0,565.5777897127704,standing_up,adl,6,real_hardware
26.34,-0.146,-0.365,0.925,-27.75,14.0,0.875,565.5827794394243,standing_up,adl,6,real_hardware
26.345,-0.156,-0.363,0.931,-35.875,16.125,-3.375,565.5932771800034,standing_up,adl,6,real_hardware
26.35,-0.162,-0.369,0.917,-29.5,18.5,6.75,565.5982670432429,standing_up,adl,6,real_hardware
26.355,-0.167,-0.371,0.916,-24.875,10.875,-1.25,565.5982670432429,standing_up,adl,6,real_hardware
26.36,-0.167,-0.371,0.904,-24.0,9.75,1.375,565.5827794394243,standing_up,adl,6,real_hardware
26.365,-0.173,-0.369,0.892,-22.625,17.5,-2.375,565.5827794394243,standing_up,adl,6,real_hardware
26.37,-0.183,-0.373,0.89,-30.5,17.0,4.375,565.5827794394243,standing_up,adl,6,real_hardware
26.375,-0.181,-0.367,0.888,-24.5,16.875,-3.875,565.5827794394243,standing_up,adl,6,real_hardware
26.38,-0.191,-0.369,0.884,-22.0,13.5,-1.25,565.5827794394243,standing_up,adl,6,real_hardware
26.385,-0.189,-0.373,0.884,-20.0,21.25,-4.875,565.5827794394243,standing_up,adl,6,real_hardware
26.39,-0.189,-0.378,0.88,-23.125,17.875,6.5,565.5827794394243,standing_up,adl,6,real_hardware
26.395,-0.189,-0.38,0.888,-25.5,13.875,-6.25,565.5827794394243,standing_up,adl,6,real_hardware
26.4,-0.191,-0.398,0.888,-23.375,16.75,1.125,565.5827794394243,standing_up,adl,6,real_hardware
26.405,-0.187,-0.417,0.9,-30.0,12.0,-9.5,565.5827794394243,standing_up,adl,6,real_hardware
26.41,-0.187,-0.412,0.902,-17.75,18.5,-6.75,565.5877692213265,standing_up,adl,6,real_hardware
26.415,-0.185,-0.417,0.904,-26.75,25.375,-4.75,565.5877692213265,standing_up,adl,6,real_hardware
26.42,-0.185,-0.416,0.904,-27.0,15.625,3.0,565.5877692213265,standing_up,adl,6,real_hardware
26.425,-0.185,-0.414,0.894,-30.5,10.0,-8.625,565.5772711899982,standing_up,adl,6,real_hardware
26.43,-0.183,-0.412,0.884,-30.625,12.875,0.125,565.5722814894353,standing_up,adl,6,real_hardware
26.435,-0.185,-0.394,0.878,-24.75,21.625,-2.5,565.5722814894353,standing_up,adl,6,real_hardware
26.44,-0.191,-0.38,0.855,-31.875,18.0,-3.75,565.5927590584774,standing_up,adl,6,real_hardware
26.445,-0.199,-0.371,0.857,-33.5,22.25,-5.625,565.5927590584774,standing_up,adl,6,real_hardware
26.45,-0.199,-0.363,0.853,-30.75,20.5,-9.0,565.5927590584774,standing_up,adl,6,real_hardware
26.455,-0.214,-0.357,0.843,-25.5,19.625,-7.25,565.5927590584774,standing_up,adl,6,real_hardware
26.46,-0.214,-0.353,0.839,-18.875,19.5,-7.125,565.5927590584774,standing_up,adl,6,real_hardware
26.465,-0.214,-0.349,0.845,-24.5,20.0,-8.5,565.5977489508775,standing_up,adl,6,real_hardware
26.47,-0.218,-0.353,0.853,-28.375,17.375,-8.125,565.613236964461,standing_up,adl,6,real_hardware
26.475,-0.21,-0.343,0.857,-28.125,15.875,-5.875,565.5927590584774,standing_up,adl,6,real_hardware
26.48,-0.212,-0.357,0.857,-17.25,18.625,-15.0,565.613236964461,standing_up,adl,6,real_hardware
26.485,-0.208,-0.361,0.857,-26.25,15.625,-5.75,565.5977489508775,standing_up,adl,6,real_hardware
26.49,-0.203,-0.363,0.867,-32.125,13.875,-12.125,565.5977489508775,standing_up,adl,6,real_hardware
26.495,-0.205,-0.371,0.865,-26.375,8.5,-11.5,565.5977489508775,standing_up,adl,6,real_hardware
26.5,-0.208,-0.38,0.865,-20.875,18.5,-9.375,565.5977489508775,standing_up,adl,6,real_hardware
26.505,-0.207,-0.386,0.875,-33.875,11.125,-5.25,565.5927590584774,standing_up,adl,6,real_hardware
26.51,-0.21,-0.39,0.875,-28.625,20.75,-14.625,565.5777897127704,standing_up,adl,6,real_hardware
26.515,-0.21,-0.406,0.875,-32.5,15.5,-4.875,565.5728000413638,standing_up,adl,6,real_hardware
26.52,-0.212,-0.414,0.88,-27.625,10.125,-2.375,565.5728000413638,standing_up,adl,6,real_hardware
26.525,-0.212,-0.425,0.882,-33.625,12.125,-13.125,565.5777897127704,standing_up,adl,6,real_hardware
26.53,-0.21,-0.423,0.876,-37.875,10.625,1.75,565.5623022540511,standing_up,adl,6,real_hardware
26.535,-0.203,-0.437,0.88,-27.875,20.375,-6.5,565.5623022540511,standing_up,adl,6,real_hardware
26.54,-0.203,-0.445,0.888,-35.0,9.625,-0.625,565.5623022540511,standing_up,adl,6,real_hardware
26.545,-0.195,-0.453,0.888,-34.125,4.25,-3.25,565.5623022540511,standing_up,adl,6,real_hardware
26.55,-0.203,-0.458,0.89,-26.5,9.125,-1.0,565.5623022540511,standing_up,adl,6,real_hardware
26.555,-0.201,-0.46,0.878,-40.0,9.625,3.875,565.5623022540511,standing_up,adl,6,real_hardware
26.56,-0.212,-0.468,0.876,-41.375,5.0,-7.875,565.5672918441198,standing_up,adl,6,real_hardware
26.565,-0.21,-0.458,0.873,-36.75,17.125,-6.875,565.5672918441198,standing_up,adl,6,real_hardware
26.57,-0.214,-0.458,0.865,-40.125,21.75,-2.125,565.5672918441198,standing_up,adl,6,real_hardware
26.575,-0.214,-0.458,0.857,-38.5,10.25,-1.625,565.5672918441198,standing_up,adl,6,real_hardware
26.58,-0.208,-0.457,0.851,-45.5,14.0,-3.5,565.5672918441198,standing_up,adl,6,real_hardware
26.585,-0.203,-0.462,0.845,-41.875,15.75,-9.375,565.5518042573296,standing_up,adl,6,real_hardware
26.59,-0.208,-0.46,0.851,-42.375,19.125,-10.5,565.5672918441198,standing_up,adl,6,real_hardware
26.595,-0.203,-0.449,0.841,-39.75,8.25,-2.0,565.5672918441198,standing_up,adl,6,real_hardware
26.6,-0.212,-0.441,0.841,-41.5,13.75,-4.0,565.5722814894353,standing_up,adl,6,real_hardware
26.605,-0.21,-0.419,0.835,-41.0,20.25,-2.25,565.5567937660585,standing_up,adl,6,real_hardware
26.61,-0.21,-0.41,0.82,-49.75,22.0,1.5,565.5567937660585,standing_up,adl,6,real_hardware
26.615,-0.212,-0.402,0.804,-41.25,20.125,-12.5,565.5617833300334,standing_up,adl,6,real_hardware
26.62,-0.216,-0.406,0.791,-45.125,22.875,-6.5,565.5772711899982,standing_up,adl,6,real_hardware
26.625,-0.212,-0.402,0.775,-44.625,22.25,-1.875,565.5722814894353,standing_up,adl,6,real_hardware
26.63,-0.218,-0.404,0.755,-47.75,14.5,-13.0,565.5772711899982,standing_up,adl,6,real_hardware
26.635,-0.208,-0.408,0.746,-43.0,18.875,-0.625,565.5772711899982,standing_up,adl,6,real_hardware
26.64,-0.21,-0.392,0.738,-42.125,23.25,0.75,565.5822609458087,standing_up,adl,6,real_hardware
26.645,-0.207,-0.369,0.746,-39.75,25.0,-13.75,565.5822609458087,standing_up,adl,6,real_hardware
26.65,-0.207,-0.376,0.757,-35.0,25.75,-8.0,565.5772711899982,standing_up,adl,6,real_hardware
26.655,-0.22,-0.392,0.763,-30.375,26.0,-13.5,565.5617833300334,standing_up,adl,6,real_hardware
26.66,-0.232,-0.408,0.771,-39.125,21.25,-9.625,565.5617833300334,standing_up,adl,6,real_hardware
26.665,-0.242,-0.421,0.775,-35.625,24.0,-9.25,565.5667729492546,standing_up,adl,6,real_hardware
26.67,-0.255,-0.437,0.789,-39.875,27.125,-8.875,565.5617833300334,standing_up,adl,6,real_hardware
26.675,-0.267,-0.457,0.798,-28.375,25.375,-13.5,565.5617833300334,standing_up,adl,6,real_hardware
26.68,-0.281,-0.476,0.804,-39.25,21.0,-14.5,565.5617833300334,standing_up,adl,6,real_hardware
26.685,-0.291,-0.488,0.818,-37.625,22.875,-9.25,565.5617833300334,standing_up,adl,6,real_hardware
26.69,-0.3,-0.5,0.83,-36.875,20.875,-12.25,565.5617833300334,standing_up,adl,6,real_hardware
26.695,-0.291,-0.507,0.828,-46.875,6.75,-7.75,565.5617833300334,standing_up,adl,6,real_hardware
26.7,-0.287,-0.513,0.816,-39.0,14.5,-5.125,565.5567937660585,standing_up,adl,6,real_hardware
26.705,-0.283,-0.515,0.812,-30.25,7.5,-10.625,565.5567937660585,standing_up,adl,6,real_hardware
26.71,-0.273,-0.523,0.806,-33.0,5.375,-5.0,565.5567937660585,standing_up,adl,6,real_hardware
26.715,-0.253,-0.544,0.804,-39.0,7.125,-9.5,565.5617833300334,standing_up,adl,6,real_hardware
26.72,-0.248,-0.55,0.789,-35.75,9.625,-2.25,565.5617833300334,standing_up,adl,6,real_hardware
26.725,-0.238,-0.554,0.787,-34.25,14.25,-10.375,565.5617833300334,standing_up,adl,6,real_hardware
26.73,-0.232,-0.558,0.781,-33.0,6.375,-10.625,565.5617833300334,standing_up,adl,6,real_hardware
26.735,-0.224,-0.521,0.718,-33.125,9.375,-11.875,565.5567937660585,standing_up,adl,6,real_hardware
26.74,-0.201,-0.546,0.769,-26.75,10.375,-4.625,565.5567937660585,standing_up,adl,6,real_hardware
26.745,-0.199,-0.542,0.753,-33.5,16.625,-5.875,565.5567937660585,standing_up,adl,6,real_hardware
26.75,-0.167,-0.539,0.765,-24.625,8.125,1.625,565.5567937660585,standing_up,adl,6,real_hardware
26.755,-0.166,-0.519,0.742,-24.75,11.375,-5.0,565.5567937660585,standing_up,adl,6,real_hardware
26.76,-0.177,-0.531,0.71,-18.875,20.125,-3.5,565.5617833300334,standing_up,adl,6,real_hardware
26.765,-0.185,-0.544,0.74,-25.25,15.375,3.25,565.5822609458087,standing_up,adl,6,real_hardware
26.77,-0.214,-0.58,0.794,-25.75,17.25,11.375,565.5822609458087,standing_up,adl,6,real_hardware
26.775,-0.238,-0.589,0.867,-23.375,19.375,1.25,565.5667729492546,standing_up,adl,6,real_hardware
26.78,-0.269,-0.583,0.876,-23.875,14.625,3.375,565.5512849612152,standing_up,adl,6,real_hardware
26.785,-0.302,-0.574,0.937,-37.125,11.75,0.0,565.5357969816904,standing_up,adl,6,real_hardware
26.79,-0.332,-0.542,0.919,-36.125,9.0,3.375,565.5203090106802,standing_up,adl,6,real_hardware
26.795,-0.353,-0.505,0.896,-25.5,-3.375,-7.375,565.5357969816904,standing_up,adl,6,real_hardware
26.8,-0.347,-0.472,0.849,-34.0,-12.0,-4.375,565.5153198012263,standing_up,adl,6,real_hardware
26.805,-0.32,-0.443,0.796,-29.375,-21.875,-3.625,565.5153198012263,standing_up,adl,6,real_hardware
26.81,-0.265,-0.468,0.787,-21.5,-22.375,-12.5,565.5048210481848,standing_up,adl,6,real_hardware
26.815,-0.259,-0.494,0.773,-17.875,-25.125,-13.75,565.4893330942039,standing_up,adl,6,real_hardware
26.82,-0.294,-0.511,0.777,-5.75,-37.5,-18.75,565.4893330942039,standing_up,adl,6,real_hardware
26.825,-0.359,-0.546,0.796,3.75,-38.125,-17.625,565.4893330942039,standing_up,adl,6,real_hardware
26.83,-0.427,-0.562,0.81,14.75,-39.0,-20.0,565.4688563490496,standing_up,adl,6,real_hardware
26.835,-0.503,-0.57,0.787,15.625,-43.375,-14.375,565.4738451487376,standing_up,adl,6,real_hardware
26.84,-0.56,-0.615,0.779,17.625,-43.375,-29.125,565.458357211786,standing_up,adl,6,real_hardware
26.845,-0.587,-0.675,0.755,30.125,-49.75,-20.375,565.458357211786,standing_up,adl,6,real_hardware
26.85,-0.57,-0.728,0.736,29.0,-60.5,-24.875,565.4533685486863,standing_up,adl,6,real_hardware
26.855,-0.496,-0.777,0.757,30.625,-52.25,-25.875,565.4533685486863,standing_up,adl,6,real_hardware
26.86,-0.394,-0.773,0.765,32.875,-47.125,-16.25,565.4533685486863,standing_up,adl,6,real_hardware
26.865,-0.324,-0.769,0.804,43.5,-44.375,-26.0,565.458357211786,standing_up,adl,6,real_hardware
26.87,-0.292,-0.74,0.832,29.625,-25.625,-20.125,565.4428692833492,standing_up,adl,6,real_hardware
26.875,-0.255,-0.732,0.906,38.25,-19.375,-30.0,565.458357211786,standing_up,adl,6,real_hardware
26.88,-0.246,-0.748,0.957,29.875,-6.5,-33.375,565.4533685486863,standing_up,adl,6,real_hardware
26.885,-0.251,-0.765,0.978,41.625,-6.375,-28.125,565.4533685486863,standing_up,adl,6,real_hardware
26.89,-0.273,-0.785,0.99,33.625,-14.875,-23.125,565.4533685486863,standing_up,adl,6,real_hardware
26.895,-0.312,-0.828,0.97,25.875,-1.875,-28.0,565.4533685486863,standing_up,adl,6,real_hardware
26.9,-0.33,-0.83,0.958,24.0,3.0,-25.5,565.4483799408231,standing_up,adl,6,real_hardware
26.905,-0.31,-0.853,0.916,22.5,3.0,-24.0,565.4433913881962,standing_up,adl,6,real_hardware
26.91,-0.298,-0.851,0.896,10.625,4.25,-27.125,565.4433913881962,standing_up,adl,6,real_hardware
26.915,-0.292,-0.851,0.9,19.125,5.625,-29.5,565.4433913881962,standing_up,adl,6,real_hardware
26.92,-0.257,-0.861,0.898,18.375,4.625,-19.375,565.4433913881962,standing_up,adl,6,real_hardware
26.925,-0.232,-0.861,0.894,8.0,-3.125,-22.25,565.4279038695197,standing_up,adl,6,real_hardware
26.93,-0.218,-0.845,0.91,8.5,1.625,-23.0,565.4279038695197,standing_up,adl,6,real_hardware
26.935,-0.191,-0.816,0.921,7.75,0.875,-13.625,565.4124163593574,standing_up,adl,6,real_hardware
26.94,-0.148,-0.794,0.923,3.625,-3.125,-18.625,565.4074281351338,standing_up,adl,6,real_hardware
26.945,-0.113,-0.777,0.929,-1.0,-10.125,-12.0,565.4074281351338,standing_up,adl,6,real_hardware
26.95,-0.076,-0.773,0.935,2.125,-16.375,-9.125,565.4074281351338,standing_up,adl,6,real_hardware
26.955,-0.078,-0.734,0.921,0.75,-15.125,-10.75,565.3969288577093,standing_up,adl,6,real_hardware
26.96,-0.07,-0.755,0.904,9.25,-16.5,-12.5,565.3819647604821,standing_up,adl,6,real_hardware
26.965,-0.056,-0.748,0.859,-0.375,-12.375,-8.125,565.3869527376605,standing_up,adl,6,real_hardware
26.97,-0.064,-0.748,0.869,10.875,-15.375,-12.625,565.3869527376605,standing_up,adl,6,real_hardware
26.975,-0.089,-0.705,0.888,2.125,-9.5,-4.625,565.3819647604821,standing_up,adl,6,real_hardware
26.98,-0.109,-0.667,0.921,5.25,-9.75,-9.125,565.3869527376605,standing_up,adl,6,real_hardware
26.985,-0.13,-0.607,0.955,7.375,-20.125,-0.125,565.3869527376605,standing_up,adl,6,real_hardware
26.99,-0.146,-0.566,0.945,9.75,-21.75,-8.0,565.3869527376605,standing_up,adl,6,real_hardware
26.995,-0.154,-0.615,0.941,12.875,-11.25,-0.5,565.4074281351338,standing_up,adl,6,real_hardware
27.0,-0.175,-0.603,0.939,12.25,-9.875,0.625,565.4074281351338,standing_up,adl,6,real_hardware
27.005,-0.185,-0.572,0.941,7.125,-11.875,-1.25,565.4074281351338,standing_up,adl,6,real_hardware
27.01,-0.208,-0.529,0.964,19.625,-13.125,-10.125,565.4124163593574,standing_up,adl,6,real_hardware
27.015,-0.244,-0.482,0.98,20.125,-17.0,-9.625,565.4279038695197,standing_up,adl,6,real_hardware
27.02,-0.271,-0.445,0.982,31.375,-14.375,-11.375,565.4229155087123,standing_up,adl,6,real_hardware
27.025,-0.281,-0.419,0.955,26.0,-9.875,-17.75,565.4384028908048,standing_up,adl,6,real_hardware
27.03,-0.273,-0.416,0.921,36.125,-25.0,-13.625,565.4433913881962,standing_up,adl,6,real_hardware
27.035,-0.263,-0.398,0.906,44.0,-14.0,-10.25,565.4433913881962,standing_up,adl,6,real_hardware
27.04,-0.218,-0.449,0.894,53.75,-23.0,-12.5,565.4279038695197,standing_up,adl,6,real_hardware
27.045,-0.208,-0.509,0.914,56.375,-20.125,-9.375,565.4384028908048,standing_up,adl,6,real_hardware
27.05,-0.201,-0.511,0.917,57.375,-18.5,-15.375,565.4384028908048,standing_up,adl,6,real_hardware
27.055,-0.185,-0.537,0.992,59.875,-16.625,-13.5,565.4433913881962,standing_up,adl,6,real_hardware
27.06,-0.167,-0.503,1.046,67.25,-12.5,-12.375,565.4384028908048,standing_up,adl,6,real_hardware
27.065,-0.14,-0.521,1.082,66.125,-19.0,-6.5,565.4384028908048,standing_up,adl,6,real_hardware
27.07,-0.13,-0.474,1.056,83.25,-8.375,-12.0,565.4384028908048,standing_up,adl,6,real_hardware
27.075,-0.125,-0.472,1.064,80.875,-15.5,-15.375,565.4384028908048,standing_up,adl,6,real_hardware
27.08,-0.103,-0.464,1.066,88.5,-16.25,-18.375,565.4384028908048,standing_up,adl,6,real_hardware
27.085,-0.113,-0.427,1.07,93.125,-8.625,-6.75,565.4433913881962,standing_up,adl,6,real_hardware
27.09,-0.142,-0.482,1.136,100.0,-12.5,-23.0,565.4384028908048,standing_up,adl,6,real_hardware
27.095,-0.125,-0.462,1.138,107.875,-6.75,-13.75,565.4384028908048,standing_up,adl,6,real_hardware
27.1,-0.132,-0.562,1.177,110.0,-11.0,-25.75,565.4384028908048,standing_up,adl,6,real_hardware
27.105,-0.166,-0.609,1.132,118.875,-15.25,-12.125,565.4229155087123,standing_up,adl,6,real_hardware
27.11,-0.14,-0.572,1.105,112.625,-21.125,-24.25,565.3919407700695,standing_up,adl,6,real_hardware
27.115,-0.164,-0.599,1.095,128.625,-19.125,-22.625,565.3609660654829,standing_up,adl,6,real_hardware
27.12,-0.095,-0.572,1.076,129.125,-23.875,-16.25,565.3454787259607,standing_up,adl,6,real_hardware
27.125,-0.105,-0.636,1.056,132.125,-11.25,-22.375,565.3145040724585,standing_up,adl,6,real_hardware
27.13,-0.126,-0.613,1.019,130.875,-16.5,-18.75,565.2785423766755,standing_up,adl,6,real_hardware
27.135,-0.177,-0.646,1.013,132.5,-16.625,-15.125,565.2680421560606,standing_up,adl,6,real_hardware
27.14,-0.183,-0.64,1.011,131.125,-5.75,-14.875,565.2525548676228,standing_up,adl,6,real_hardware
27.145,-0.189,-0.619,0.968,120.25,-15.875,-8.5,565.2215803162893,standing_up,adl,6,real_hardware
27.15,-0.162,-0.718,1.005,112.5,-17.875,-11.5,565.2060930533937,standing_up,adl,6,real_hardware
27.155,-0.166,-0.798,1.009,106.125,-21.625,-5.0,565.1906057990121,standing_up,adl,6,real_hardware
27.16,-0.126,-0.751,0.966,101.125,-13.625,-15.625,565.1751185531446,standing_up,adl,6,real_hardware
27.165,-0.083,-0.744,0.947,87.25,-18.0,-7.625,565.1596313157912,standing_up,adl,6,real_hardware
27.17,-0.062,-0.777,0.927,87.75,-20.625,-11.375,565.1441440869518,standing_up,adl,6,real_hardware
27.175,-0.07,-0.792,0.929,71.25,-16.875,-5.75,565.1286568666264,standing_up,adl,6,real_hardware
27.18,-0.083,-0.701,0.894,77.5,-19.5,-2.75,565.1286568666264,standing_up,adl,6,real_hardware
27.185,-0.099,-0.679,0.888,65.5,-18.25,-1.625,565.1131696548152,standing_up,adl,6,real_hardware
27.19,-0.132,-0.677,0.894,51.5,-27.75,2.375,565.1181552839735,standing_up,adl,6,real_hardware
27.195,-0.142,-0.658,0.912,51.125,-18.75,-1.75,565.1181552839735,standing_up,adl,6,real_hardware
27.2,-0.146,-0.636,0.917,45.375,-11.5,5.5,565.1181552839735,standing_up,adl,6,real_hardware
27.205,-0.142,-0.625,0.916,43.5,-13.125,8.375,565.1181552839735,standing_up,adl,6,real_hardware
27.21,-0.13,-0.599,0.929,37.125,-6.375,1.125,565.1336426323658,standing_up,adl,6,real_hardware
27.215,-0.136,-0.578,0.933,39.125,-5.0,17.375,565.1386284533128,standing_up,adl,6,real_hardware
27.22,-0.134,-0.566,0.925,26.125,-11.125,11.25,565.1386284533128,standing_up,adl,6,real_hardware
27.225,-0.144,-0.56,0.939,26.125,-5.875,17.0,565.1541159468019,standing_up,adl,6,real_hardware
27.23,-0.146,-0.558,0.939,26.875,0.25,16.75,565.1745895981289,standing_up,adl,6,real_hardware
27.235,-0.162,-0.57,0.937,18.375,-3.375,18.875,565.190077245231,standing_up,adl,6,real_hardware
27.24,-0.148,-0.574,0.941,19.125,8.625,14.625,565.2005784783555,standing_up,adl,6,real_hardware
27.245,-0.138,-0.56,0.955,7.5,1.625,23.75,565.2055649008475,standing_up,adl,6,real_hardware
27.25,-0.121,-0.56,0.968,3.375,-6.0,22.375,565.2365402376245,standing_up,adl,6,real_hardware
27.255,-0.113,-0.533,0.982,-5.0,0.625,17.75,565.2420543095099,standing_up,adl,6,real_hardware
27.26,-0.113,-0.507,0.984,-3.375,0.625,14.0,565.2575417260158,standing_up,adl,6,real_hardware
27.265,-0.111,-0.478,0.992,-4.75,-6.875,27.0,565.273029151036,standing_up,adl,6,real_hardware
27.27,-0.117,-0.478,1.005,-11.375,3.625,16.75,565.2885165845705,standing_up,adl,6,real_hardware
27.275,-0.119,-0.472,1.009,-9.75,-7.875,28.875,565.304004026619,standing_up,adl,6,real_hardware
27.28,-0.128,-0.455,1.019,-11.75,-3.625,27.0,565.3145040724585,standing_up,adl,6,real_hardware
27.285,-0.121,-0.441,1.039,-17.125,-5.375,29.375,565.3299913949526,standing_up,adl,6,real_hardware
27.29,-0.113,-0.425,1.046,-14.5,-2.625,23.0,565.3454787259607,standing_up,adl,6,real_hardware
27.295,-0.097,-0.41,1.054,-19.75,-9.5,31.0,565.3454787259607,standing_up,adl,6,real_hardware
27.3,-0.082,-0.388,1.068,-9.75,-2.0,30.125,565.3609660654829,standing_up,adl,6,real_hardware
27.305,-0.064,-0.371,1.099,-17.25,1.75,33.625,565.3764534135191,standing_up,adl,6,real_hardware
27.31,-0.07,-0.365,1.119,-23.0,-14.75,30.5,565.3919407700695,standing_up,adl,6,real_hardware
27.315,-0.072,-0.373,1.125,-12.875,-12.0,29.125,565.3919407700695,standing_up,adl,6,real_hardware
27.32,-0.082,-0.376,1.13,-12.125,-8.125,31.0,565.3919407700695,standing_up,adl,6,real_hardware
27.325,-0.085,-0.382,1.119,-17.875,-8.625,38.125,565.4074281351338,standing_up,adl,6,real_hardware
27.33,-0.107,-0.38,1.109,-17.875,-6.75,35.625,565.3919407700695,standing_up,adl,6,real_hardware
27.335,-0.125,-0.367,1.099,-13.0,-6.875,34.125,565.4074281351338,standing_up,adl,6,real_hardware
27.34,-0.136,-0.369,1.103,-10.125,-2.875,35.5,565.4229155087123,standing_up,adl,6,real_hardware
27.345,-0.152,-0.353,1.091,-11.0,-5.25,36.875,565.4229155087123,standing_up,adl,6,real_hardware
27.35,-0.154,-0.333,1.091,-10.25,0.375,33.375,565.4229155087123,standing_up,adl,6,real_hardware
27.355,-0.162,-0.333,1.087,-13.75,-6.75,43.875,565.4384028908048,standing_up,adl,6,real_hardware
27.36,-0.166,-0.341,1.085,-11.5,-0.125,39.25,565.4334144486485,standing_up,adl,6,real_hardware
27.365,-0.166,-0.332,1.08,-14.125,2.75,45.125,565.4334144486485,standing_up,adl,6,real_hardware
27.37,-0.156,-0.335,1.089,-9.0,-10.5,34.875,565.4334144486485,standing_up,adl,6,real_hardware
27.375,-0.138,-0.337,1.078,-12.25,1.5,31.625,565.4384028908048,standing_up,adl,6,real_hardware
27.38,-0.126,-0.347,1.076,-1.75,-1.0,36.125,565.4384028908048,standing_up,adl,6,real_hardware
27.385,-0.097,-0.341,1.072,-5.625,-1.5,37.75,565.4384028908048,standing_up,adl,6,real_hardware
27.39,-0.074,-0.343,1.06,-8.25,-4.25,41.25,565.4588789153869,standing_up,adl,6,real_hardware
27.395,-0.066,-0.345,1.06,-12.125,-7.875,35.5,565.4588789153869,standing_up,adl,6,real_hardware
27.4,-0.054,-0.335,1.05,-2.75,-4.0,32.5,565.4588789153869,standing_up,adl,6,real_hardware
27.405,-0.048,-0.335,1.033,0.0,-12.75,36.0,565.4489017026723,standing_up,adl,6,real_hardware
27.41,-0.062,-0.347,1.013,4.75,-14.625,37.875,565.4538902814114,standing_up,adl,6,real_hardware
27.415,-0.082,-0.345,1.015,1.0,-11.625,32.75,565.4538902814114,standing_up,adl,6,real_hardware
27.42,-0.091,-0.343,0.994,-1.25,-8.25,30.375,565.4538902814114,standing_up,adl,6,real_hardware
27.425,-0.103,-0.351,0.982,11.625,-11.625,31.0,565.4588789153869,standing_up,adl,6,real_hardware
27.43,-0.109,-0.359,0.96,-14.375,-11.125,44.25,565.4588789153869,standing_up,adl,6,real_hardware
27.435,-0.121,-0.367,0.949,-0.625,-19.5,36.375,565.4638676045994,standing_up,adl,6,real_hardware
27.44,-0.121,-0.373,0.929,2.5,-4.25,32.25,565.4688563490496,standing_up,adl,6,real_hardware
27.445,-0.126,-0.363,0.931,2.75,-12.125,26.0,565.4638676045994,standing_up,adl,6,real_hardware
27.45,-0.132,-0.363,0.919,-3.125,-11.625,35.75,565.4688563490496,standing_up,adl,6,real_hardware
27.455,-0.128,-0.361,0.91,-6.875,0.25,28.875,565.4638676045994,standing_up,adl,6,real_hardware
27.46,-0.132,-0.353,0.908,1.375,-6.625,27.25,565.4638676045994,standing_up,adl,6,real_hardware
27.465,-0.097,-0.341,0.89,-2.375,2.125,18.75,565.4688563490496,standing_up,adl,6,real_hardware
27.47,-0.107,-0.345,0.871,-6.0,-0.375,32.75,565.4638676045994,standing_up,adl,6,real_hardware
27.475,-0.095,-0.343,0.857,-1.0,1.25,26.0,565.4743664510918,standing_up,adl,6,real_hardware
27.48,-0.089,-0.349,0.822,-6.875,-3.125,14.625,565.4588789153869,standing_up,adl,6,real_hardware
27.485,-0.087,-0.357,0.81,-12.25,1.75,16.75,565.4538902814114,standing_up,adl,6,real_hardware
27.49,-0.08,-0.355,0.796,-7.5,1.75,23.625,565.4538902814114,standing_up,adl,6,real_hardware
27.495,-0.085,-0.363,0.769,-13.875,1.75,24.625,565.4588789153869,standing_up,adl,6,real_hardware
27.5,-0.087,-0.361,0.755,-17.0,7.375,13.375,565.4743664510918,standing_up,adl,6,real_hardware
27.505,-0.095,-0.371,0.738,-16.375,-2.875,17.5,565.4588789153869,standing_up,adl,6,real_hardware
27.51,-0.095,-0.373,0.726,-12.125,0.0,11.625,565.4743664510918,standing_up,adl,6,real_hardware
27.515,-0.093,-0.378,0.714,-20.375,-1.5,16.375,565.494842957695,standing_up,adl,6,real_hardware
27.52,-0.091,-0.373,0.707,-17.75,5.875,9.375,565.47935527689,standing_up,adl,6,real_hardware
27.525,-0.078,-0.371,0.693,-14.5,3.125,4.5,565.494842957695,standing_up,adl,6,real_hardware
27.53,-0.095,-0.373,0.685,-25.375,2.75,0.5,565.494842957695,standing_up,adl,6,real_hardware
27.535,-0.087,-0.375,0.669,-14.5,6.875,-4.375,565.494842957695,standing_up,adl,6,real_hardware
27.54,-0.097,-0.375,0.667,-30.875,3.0,-3.5,565.4998319753196,standing_up,adl,6,real_hardware
27.545,-0.097,-0.375,0.673,-26.75,1.125,6.75,565.4998319753196,standing_up,adl,6,real_hardware
27.55,-0.109,-0.373,0.681,-35.875,10.75,-2.0,565.494842957695,standing_up,adl,6,real_hardware
27.555,-0.109,-0.367,0.683,-32.25,10.625,-0.25,565.494842957695,standing_up,adl,6,real_hardware
27.56,-0.109,-0.363,0.689,-37.0,13.875,2.25,565.494842957695,standing_up,adl,6,real_hardware
27.565,-0.087,-0.357,0.687,-34.375,21.75,-13.625,565.494842957695,standing_up,adl,6,real_hardware
27.57,-0.085,-0.361,0.701,-33.125,11.5,-1.75,565.494842957695,standing_up,adl,6,real_hardware
27.575,-0.085,-0.349,0.699,-42.0,11.125,-2.375,565.5103306470144,standing_up,adl,6,real_hardware
27.58,-0.078,-0.347,0.703,-37.125,15.875,-4.0,565.5103306470144,standing_up,adl,6,real_hardware
27.585,-0.074,-0.339,0.728,-32.75,8.125,-12.0,565.5103306470144,standing_up,adl,6,real_hardware
27.59,-0.064,-0.337,0.744,-37.25,17.625,-10.25,565.5258183448481,standing_up,adl,6,real_hardware
27.595,-0.074,-0.339,0.755,-44.25,18.875,-17.125,565.5258183448481,standing_up,adl,6,real_hardware
27.6,-0.085,-0.353,0.771,-33.0,12.375,-11.875,565.5258183448481,standing_up,adl,6,real_hardware
27.605,-0.083,-0.376,0.775,-45.375,19.5,-12.25,565.5258183448481,standing_up,adl,6,real_hardware
27.61,-0.08,-0.414,0.769,-46.0,14.5,-17.625,565.5258183448481,standing_up,adl,6,real_hardware
27.615,-0.072,-0.431,0.771,-44.75,17.625,-9.125,565.5258183448481,standing_up,adl,6,real_hardware
27.62,-0.052,-0.451,0.755,-51.375,20.875,-15.875,565.5258183448481,standing_up,adl,6,real_hardware
27.625,-0.039,-0.458,0.744,-47.625,22.625,-10.875,565.5462954785831,standing_up,adl,6,real_hardware
27.63,-0.029,-0.455,0.744,-53.0,29.125,-22.75,565.5258183448481,standing_up,adl,6,real_hardware
27.635,-0.031,-0.427,0.73,-55.375,29.75,-4.875,565.5462954785831,standing_up,adl,6,real_hardware
27.64,-0.042,-0.427,0.728,-58.625,25.375,-14.75,565.5462954785831,standing_up,adl,6,real_hardware
27.645,-0.06,-0.417,0.722,-64.75,33.25,-9.375,565.5462954785831,standing_up,adl,6,real_hardware
27.65,-0.066,-0.419,0.73,-67.875,25.25,-11.0,565.5512849612152,standing_up,adl,6,real_hardware
27.655,-0.068,-0.423,0.72,-61.375,27.625,-8.25,565.5512849612152,standing_up,adl,6,real_hardware
27.66,-0.056,-0.414,0.716,-72.5,19.625,-9.875,565.5512849612152,standing_up,adl,6,real_hardware
27.665,-0.046,-0.406,0.71,-68.75,30.625,-12.375,565.5512849612152,standing_up,adl,6,real_hardware
27.67,-0.031,-0.39,0.701,-65.375,23.375,-11.25,565.5512849612152,standing_up,adl,6,real_hardware
27.675,-0.037,-0.365,0.695,-70.75,24.25,-1.375,565.5462954785831,standing_up,adl,6,real_hardware
27.68,-0.05,-0.351,0.685,-60.125,21.375,-3.875,565.5462954785831,standing_up,adl,6,real_hardware
27.685,-0.064,-0.353,0.681,-67.25,15.75,-4.125,565.5462954785831,standing_up,adl,6,real_hardware
27.69,-0.087,-0.361,0.667,-62.375,26.375,-1.75,565.5462954785831,standing_up,adl,6,real_hardware
27.695,-0.105,-0.367,0.646,-66.5,18.125,-8.125,565.5413060511961,standing_up,adl,6,real_hardware
27.7,-0.115,-0.375,0.65,-65.5,19.0,-8.125,565.5462954785831,standing_up,adl,6,real_hardware
27.705,-0.121,-0.386,0.638,-71.25,23.0,-4.75,565.5413060511961,standing_up,adl,6,real_hardware
27.71,-0.117,-0.398,0.632,-67.0,24.5,-3.25,565.5413060511961,standing_up,adl,6,real_hardware
27.715,-0.115,-0.41,0.632,-63.375,16.875,-10.375,565.5363166790537,standing_up,adl,6,real_hardware
27.72,-0.105,-0.423,0.65,-60.875,22.25,-16.375,565.5313273621553,standing_up,adl,6,real_hardware
27.725,-0.083,-0.425,0.666,-58.25,13.875,-9.125,565.5363166790537,standing_up,adl,6,real_hardware
27.73,-0.078,-0.425,0.66,-63.125,17.5,-3.25,565.520829109292,standing_up,adl,6,real_hardware
27.735,-0.08,-0.421,0.662,-60.25,19.375,-7.75,565.520829109292,standing_up,adl,6,real_hardware
27.74,-0.064,-0.431,0.656,-58.5,15.625,-1.75,565.5258183448481,standing_up,adl,6,real_hardware
27.745,-0.058,-0.427,0.654,-62.625,8.875,1.25,565.520829109292,standing_up,adl,6,real_hardware
27.75,-0.042,-0.425,0.654,-55.25,16.375,-2.875,565.5158399289783,standing_up,adl,6,real_hardware
27.755,-0.05,-0.429,0.636,-56.75,11.625,-2.375,565.5158399289783,standing_up,adl,6,real_hardware
27.76,-0.068,-0.431,0.63,-65.375,19.375,-7.875,565.520829109292,standing_up,adl,6,real_hardware
27.765,-0.089,-0.433,0.626,-60.375,21.75,-7.625,565.520829109292,standing_up,adl,6,real_hardware
27.77,-0.083,-0.423,0.611,-65.75,14.75,-0.625,565.520829109292,standing_up,adl,6,real_hardware
27.775,-0.15,-0.46,0.626,-65.75,21.75,-3.25,565.5313273621553,standing_up,adl,6,real_hardware
27.78,-0.158,-0.441,0.593,-72.5,17.5,-9.875,565.5468148038461,standing_up,adl,6,real_hardware
27.785,-0.169,-0.451,0.601,-72.25,15.75,-1.25,565.5623022540511,standing_up,adl,6,real_hardware
27.79,-0.177,-0.451,0.603,-73.375,18.0,-4.0,565.5777897127704,standing_up,adl,6,real_hardware
27.795,-0.193,-0.455,0.617,-71.5,19.375,-2.375,565.5777897127704,standing_up,adl,6,real_hardware
27.8,-0.201,-0.455,0.625,-77.75,17.5,-5.25,565.5777897127704,standing_up,adl,6,real_hardware
27.805,-0.189,-0.453,0.634,-75.25,15.375,-8.875,565.5982670432429,standing_up,adl,6,real_hardware
27.81,-0.189,-0.451,0.626,-70.625,19.75,-4.625,565.5982670432429,standing_up,adl,6,real_hardware
27.815,-0.195,-0.457,0.63,-65.125,15.375,-1.5,565.5982670432429,standing_up,adl,6,real_hardware
27.82,-0.189,-0.451,0.623,-67.125,20.0,-1.5,565.5982670432429,standing_up,adl,6,real_hardware
27.825,-0.162,-0.468,0.621,-64.875,21.75,-6.875,565.6032569617319,standing_up,adl,6,real_hardware
27.83,-0.154,-0.49,0.615,-70.125,17.25,0.125,565.6187447106518,standing_up,adl,6,real_hardware
27.835,-0.142,-0.505,0.621,-70.875,16.125,1.625,565.6032569617319,standing_up,adl,6,real_hardware
27.84,-0.136,-0.525,0.626,-60.125,16.0,-7.625,565.6082469354711,standing_up,adl,6,real_hardware
27.845,-0.14,-0.542,0.648,-63.625,13.5,-5.375,565.6187447106518,standing_up,adl,6,real_hardware
27.85,-0.132,-0.556,0.671,-66.5,20.125,2.0,565.6192620588529,standing_up,adl,6,real_hardware
27.855,-0.156,-0.57,0.666,-73.75,18.125,-1.375,565.624252140012,standing_up,adl,6,real_hardware
27.86,-0.125,-0.583,0.695,-66.25,9.875,-12.75,565.6397396327873,standing_up,adl,6,real_hardware
27.865,-0.126,-0.583,0.701,-66.75,19.75,-3.875,565.644729905784,standing_up,adl,6,real_hardware
27.87,-0.126,-0.589,0.697,-63.25,8.25,-2.625,565.6497202340346,standing_up,adl,6,real_hardware
27.875,-0.093,-0.607,0.703,-72.875,10.125,-2.0,565.6497202340346,standing_up,adl,6,real_hardware
27.88,-0.111,-0.611,0.726,-68.625,1.25,-5.125,565.6497202340346,standing_up,adl,6,real_hardware
27.885,-0.103,-0.607,0.679,-63.625,7.625,-8.375,565.6497202340346,standing_up,adl,6,real_hardware
27.89,-0.097,-0.619,0.681,-67.375,9.125,-6.875,565.6392227150022,standing_up,adl,6,real_hardware
27.895,-0.111,-0.638,0.658,-74.125,10.375,1.625,565.6392227150022,standing_up,adl,6,real_hardware
27.9,-0.144,-0.638,0.65,-73.625,3.625,4.5,565.6392227150022,standing_up,adl,6,real_hardware
27.905,-0.146,-0.632,0.642,-65.875,8.0,-2.75,565.634232468086,standing_up,adl,6,real_hardware
27.91,-0.173,-0.636,0.646,-66.75,11.875,0.5,565.634232468086,standing_up,adl,6,real_hardware
27.915,-0.195,-0.628,0.654,-60.0,5.75,5.0,565.6392227150022,standing_up,adl,6,real_hardware
27.92,-0.224,-0.625,0.662,-55.75,14.5,1.875,565.6392227150022,standing_up,adl,6,real_hardware
27.925,-0.242,-0.644,0.658,-62.5,19.5,9.5,565.6392227150022,standing_up,adl,6,real_hardware
27.93,-0.259,-0.667,0.666,-61.875,19.125,-0.125,565.6547106175394,standing_up,adl,6,real_hardware
27.935,-0.267,-0.681,0.654,-62.0,13.875,1.625,565.6392227150022,standing_up,adl,6,real_hardware
27.94,-0.218,-0.677,0.687,-57.75,16.5,5.125,565.6547106175394,standing_up,adl,6,real_hardware
27.945,-0.253,-0.769,0.697,-55.125,17.0,-0.375,565.6497202340346,standing_up,adl,6,real_hardware
27.95,-0.242,-0.75,0.677,-59.375,9.375,-6.25,565.6547106175394,standing_up,adl,6,real_hardware
27.955,-0.226,-0.744,0.671,-54.625,7.875,0.125,565.6652080084975,standing_up,adl,6,real_hardware
27.96,-0.201,-0.751,0.693,-57.625,3.0,5.125,565.6701985285913,standing_up,adl,6,real_hardware
27.965,-0.193,-0.759,0.687,-53.125,14.875,3.875,565.6856864481575,standing_up,adl,6,real_hardware
27.97,-0.181,-0.767,0.671,-45.875,14.5,-2.375,565.6856864481575,standing_up,adl,6,real_hardware
27.975,-0.169,-0.759,0.666,-57.25,13.25,1.75,565.6856864481575,standing_up,adl,6,real_hardware
27.98,-0.173,-0.767,0.646,-61.625,9.625,4.125,565.6856864481575,standing_up,adl,6,real_hardware
27.985,-0.166,-0.773,0.634,-54.25,18.625,-3.75,565.6856864481575,standing_up,adl,6,real_hardware
27.99,-0.169,-0.767,0.623,-51.0,16.875,3.25,565.6806957914747,standing_up,adl,6,real_hardware
27.995,-0.193,-0.767,0.603,-53.875,11.0,-0.625,565.6806957914747,standing_up,adl,6,real_hardware
28.0,-0.187,-0.763,0.605,-58.875,4.875,0.5,565.675705190049,standing_up,adl,6,real_hardware
28.005,-0.185,-0.759,0.587,-46.125,10.125,6.875,565.6707146438802,standing_up,adl,6,real_hardware
28.01,-0.177,-0.74,0.595,-47.0,9.0,-11.0,565.6602175436594,standing_up,adl,6,real_hardware
28.015,-0.183,-0.736,0.597,-40.375,16.5,0.625,565.6602175436594,standing_up,adl,6,real_hardware
28.02,-0.173,-0.734,0.593,-42.875,6.125,-0.75,565.6602175436594,standing_up,adl,6,real_hardware
28.025,-0.167,-0.728,0.601,-50.75,-3.125,11.0,565.675705190049,standing_up,adl,6,real_hardware
28.03,-0.162,-0.718,0.585,-35.875,0.375,-7.75,565.6961835829663,standing_up,adl,6,real_hardware
28.035,-0.148,-0.708,0.572,-46.5,1.25,-2.125,565.7116713829723,standing_up,adl,6,real_hardware
28.04,-0.144,-0.71,0.564,-44.0,6.125,-1.25,565.7116713829723,standing_up,adl,6,real_hardware
28.045,-0.128,-0.71,0.564,-40.0,2.875,-0.375,565.6961835829663,standing_up,adl,6,real_hardware
28.05,-0.13,-0.714,0.55,-36.625,2.625,-0.25,565.6961835829663,standing_up,adl,6,real_hardware
28.055,-0.134,-0.71,0.548,-32.625,2.25,-0.375,565.6961835829663,standing_up,adl,6,real_hardware
28.06,-0.136,-0.708,0.546,-39.25,3.25,3.25,565.6961835829663,standing_up,adl,6,real_hardware
28.065,-0.138,-0.716,0.548,-24.625,2.875,5.125,565.6961835829663,standing_up,adl,6,real_hardware
28.07,-0.15,-0.73,0.548,-29.0,2.125,2.25,565.6961835829663,standing_up,adl,6,real_hardware
28.075,-0.146,-0.726,0.554,-27.875,-1.875,0.375,565.6961835829663,standing_up,adl,6,real_hardware
28.08,-0.146,-0.728,0.558,-26.125,-4.25,-1.0,565.6961835829663,standing_up,adl,6,real_hardware
28.085,-0.156,-0.744,0.562,-19.375,-9.5,6.5,565.6961835829663,standing_up,adl,6,real_hardware
28.09,-0.173,-0.744,0.572,-19.125,-1.5,5.0,565.7116713829723,standing_up,adl,6,real_hardware
28.095,-0.167,-0.75,0.554,-22.0,0.5,2.625,565.7166623128336,standing_up,adl,6,real_hardware
28.1,-0.179,-0.738,0.541,-16.0,-3.625,-5.75,565.7011743762382,standing_up,adl,6,real_hardware
28.105,-0.185,-0.736,0.525,-23.5,-4.5,-5.125,565.6961835829663,standing_up,adl,6,real_hardware
28.11,-0.191,-0.734,0.507,-30.625,-1.125,2.75,565.6961835829663,standing_up,adl,6,real_hardware
28.115,-0.201,-0.734,0.5,-25.625,0.125,-0.25,565.6961835829663,standing_up,adl,6,real_hardware
28.12,-0.195,-0.732,0.505,-17.0,2.125,-3.5,565.7116713829723,standing_up,adl,6,real_hardware
28.125,-0.208,-0.73,0.505,-18.375,11.75,1.375,565.7116713829723,standing_up,adl,6,real_hardware
28.13,-0.222,-0.712,0.505,-16.375,3.625,1.5,565.7271591914927,standing_up,adl,6,real_hardware
28.135,-0.236,-0.716,0.511,-18.375,-2.0,-2.25,565.7271591914927,standing_up,adl,6,real_hardware
28.14,-0.234,-0.714,0.503,-16.625,7.375,4.5,565.7221681803035,standing_up,adl,6,real_hardware
28.145,-0.246,-0.714,0.507,-21.75,12.875,-1.25,565.7066805083712,standing_up,adl,6,real_hardware
28.15,-0.25,-0.72,0.5,-1.625,13.875,-10.375,565.7066805083712,standing_up,adl,6,real_hardware
28.155,-0.246,-0.728,0.501,-11.25,16.0,-0.625,565.7066805083712,standing_up,adl,6,real_hardware
28.16,-0.244,-0.742,0.498,-10.75,19.125,9.5,565.7116713829723,standing_up,adl,6,real_hardware
28.165,-0.24,-0.753,0.498,-7.25,11.5,5.5,565.7066805083712,standing_up,adl,6,real_hardware
28.17,-0.232,-0.763,0.503,-6.75,17.375,-0.375,565.7116713829723,standing_up,adl,6,real_hardware
28.175,-0.232,-0.771,0.501,-12.25,15.625,4.0,565.7221681803035,standing_up,adl,6,real_hardware
28.18,-0.222,-0.783,0.503,-4.375,8.5,7.75,565.7221681803035,standing_up,adl,6,real_hardware
28.185,-0.214,-0.8,0.509,-4.75,8.25,-1.75,565.7271591914927,standing_up,adl,6,real_hardware
28.19,-0.207,-0.82,0.507,-0.875,12.375,4.875,565.7271591914927,standing_up,adl,6,real_hardware
28.195,-0.203,-0.837,0.515,-3.875,13.875,-1.125,565.7116713829723,standing_up,adl,6,real_hardware
28.2,-0.195,-0.851,0.521,-8.5,17.5,0.0,565.7116713829723,standing_up,adl,6,real_hardware
28.205,-0.185,-0.859,0.527,-11.25,7.0,3.375,565.7116713829723,standing_up,adl,6,real_hardware
28.21,-0.179,-0.873,0.531,-11.25,8.5,-1.75,565.7116713829723,standing_up,adl,6,real_hardware
28.215,-0.181,-0.869,0.537,-7.875,14.625,1.75,565.7221681803035,standing_up,adl,6,real_hardware
28.22,-0.181,-0.865,0.546,-1.875,8.75,-2.625,565.7221681803035,standing_up,adl,6,real_hardware
28.225,-0.181,-0.863,0.535,-4.75,15.5,-1.25,565.7121863237065,standing_up,adl,6,real_hardware
28.23,-0.183,-0.857,0.527,-19.375,13.625,8.125,565.717177224375,standing_up,adl,6,real_hardware
28.235,-0.189,-0.861,0.519,-15.125,7.375,5.75,565.717177224375,standing_up,adl,6,real_hardware
28.24,-0.197,-0.855,0.509,-5.0,4.5,11.5,565.717177224375,standing_up,adl,6,real_hardware
28.245,-0.207,-0.853,0.492,-2.0,17.5,7.5,565.7121863237065,standing_up,adl,6,real_hardware
28.25,-0.214,-0.841,0.492,-5.375,8.5,6.625,565.717177224375,standing_up,adl,6,real_hardware
28.255,-0.226,-0.835,0.494,2.375,9.5,-4.5,565.717177224375,standing_up,adl,6,real_hardware
28.26,-0.24,-0.828,0.486,-7.0,2.25,6.875,565.717177224375,standing_up,adl,6,real_hardware
28.265,-0.257,-0.828,0.488,-4.625,12.75,8.125,565.717177224375,standing_up,adl,6,real_hardware
28.27,-0.265,-0.826,0.492,7.5,4.875,8.25,565.717177224375,standing_up,adl,6,real_hardware
28.275,-0.273,-0.828,0.501,-1.875,6.25,6.75,565.7221681803035,standing_up,adl,6,real_hardware
28.28,-0.275,-0.841,0.503,4.375,5.5,-1.625,565.7221681803035,standing_up,adl,6,real_hardware
28.285,-0.279,-0.847,0.509,0.5,13.75,0.375,565.7426470085275,standing_up,adl,6,real_hardware
28.29,-0.273,-0.867,0.511,8.75,1.75,-0.125,565.7426470085275,standing_up,adl,6,real_hardware
28.295,-0.263,-0.869,0.521,1.625,0.0,-2.75,565.7326647682345,standing_up,adl,6,real_hardware
28.3,-0.244,-0.884,0.539,8.625,2.5,-4.5,565.7531435497106,standing_up,adl,6,real_hardware
28.305,-0.228,-0.882,0.542,-7.125,-0.625,8.0,565.743161146769,standing_up,adl,6,real_hardware
28.31,-0.218,-0.878,0.55,-1.125,-3.0,-10.125,565.743161146769,standing_up,adl,6,real_hardware
28.315,-0.21,-0.878,0.542,3.25,0.0,2.625,565.7481523206084,standing_up,adl,6,real_hardware
28.32,-0.212,-0.873,0.539,2.125,4.5,-1.75,565.7326647682345,standing_up,adl,6,real_hardware
28.325,-0.212,-0.871,0.531,-7.25,3.375,-1.75,565.7481523206084,standing_up,adl,6,real_hardware
28.33,-0.21,-0.865,0.523,-1.25,0.875,-5.5,565.7481523206084,standing_up,adl,6,real_hardware
28.335,-0.222,-0.855,0.501,-5.625,-4.125,3.0,565.7531435497106,standing_up,adl,6,real_hardware
28.34,-0.218,-0.859,0.492,-12.75,-6.625,-8.125,565.7531435497106,standing_up,adl,6,real_hardware
28.345,-0.222,-0.853,0.478,-1.125,-3.875,2.875,565.7531435497106,standing_up,adl,6,real_hardware
28.35,-0.224,-0.853,0.472,-0.25,3.375,-5.875,565.7376558607499,standing_up,adl,6,real_hardware
28.355,-0.236,-0.859,0.464,1.375,6.125,2.75,565.7376558607499,standing_up,adl,6,real_hardware
28.36,-0.24,-0.845,0.455,-2.0,1.75,3.5,565.7426470085275,standing_up,adl,6,real_hardware
28.365,-0.236,-0.841,0.447,-4.625,-10.0,-1.125,565.7426470085275,standing_up,adl,6,real_hardware
28.37,-0.236,-0.833,0.445,-2.875,3.375,-3.875,565.7426470085275,standing_up,adl,6,real_hardware
28.375,-0.246,-0.828,0.451,6.75,5.375,0.5,565.7426470085275,standing_up,adl,6,real_hardware
28.38,-0.25,-0.832,0.46,3.75,3.25,-0.125,565.7426470085275,standing_up,adl,6,real_hardware
28.385,-0.251,-0.826,0.462,-3.125,4.25,-2.375,565.7426470085275,standing_up,adl,6,real_hardware
28.39,-0.253,-0.83,0.462,-6.875,-2.375,5.0,565.7426470085275,standing_up,adl,6,real_hardware
28.395,-0.246,-0.845,0.449,3.875,2.875,3.875,565.7426470085275,standing_up,adl,6,real_hardware
28.4,-0.244,-0.847,0.445,-2.75,-2.375,0.0,565.7476382115677,standing_up,adl,6,real_hardware
28.405,-0.246,-0.849,0.445,8.875,-3.875,0.875,565.7426470085275,standing_up,adl,6,real_hardware
28.41,-0.246,-0.855,0.453,-3.25,1.0,-4.75,565.7581348340764,standing_up,adl,6,real_hardware
28.415,-0.251,-0.855,0.447,-5.5,-2.625,1.125,565.7426470085275,standing_up,adl,6,real_hardware
28.42,-0.253,-0.857,0.455,3.875,-5.75,1.5,565.7581348340764,standing_up,adl,6,real_hardware
28.425,-0.251,-0.855,0.458,3.375,-5.875,-2.375,565.7581348340764,standing_up,adl,6,real_hardware
28.43,-0.261,-0.847,0.462,1.375,-6.0,-1.0,565.7426470085275,standing_up,adl,6,real_hardware
28.435,-0.251,-0.845,0.464,6.0,-4.125,-8.5,565.7426470085275,standing_up,adl,6,real_hardware
28.44,-0.248,-0.847,0.458,-1.625,-2.875,2.75,565.7426470085275,standing_up,adl,6,real_hardware
28.445,-0.25,-0.833,0.46,0.0,-5.875,0.0,565.7426470085275,standing_up,adl,6,real_hardware
28.45,-0.248,-0.828,0.458,3.25,-2.625,-4.5,565.7426470085275,standing_up,adl,6,real_hardware
28.455,-0.248,-0.828,0.462,5.375,2.125,-3.25,565.7426470085275,standing_up,adl,6,real_hardware
28.46,-0.255,-0.832,0.457,5.625,0.0,-1.75,565.7426470085275,standing_up,adl,6,real_hardware
28.465,-0.248,-0.845,0.46,-1.0,-1.625,6.625,565.7426470085275,standing_up,adl,6,real_hardware
28.47,-0.251,-0.849,0.468,-1.0,-10.25,6.875,565.7581348340764,standing_up,adl,6,real_hardware
28.475,-0.251,-0.857,0.472,-0.875,-2.0,-0.625,565.7581348340764,standing_up,adl,6,real_hardware
28.48,-0.25,-0.857,0.468,0.875,-3.0,7.375,565.7581348340764,fall_sitting,fall,6,real_hardware
28.485,-0.251,-0.861,0.476,3.5,-4.0,2.125,565.7426470085275,fall_sitting,fall,6,real_hardware
28.49,-0.248,-0.851,0.478,-6.5,-12.75,7.25,565.7531435497106,fall_sitting,fall,6,real_hardware
28.495,-0.25,-0.847,0.484,-1.625,-5.0,0.125,565.7376558607499,fall_sitting,fall,6,real_hardware
28.5,-0.238,-0.837,0.486,-8.25,-4.25,1.0,565.717177224375,fall_sitting,fall,6,real_hardware
28.505,-0.236,-0.833,0.482,-0.875,-1.375,8.25,565.7226827489884,fall_sitting,fall,6,real_hardware
28.51,-0.232,-0.82,0.48,1.125,0.875,-1.125,565.7226827489884,fall_sitting,fall,6,real_hardware
28.515,-0.238,-0.81,0.478,1.625,-5.625,10.25,565.7027193736219,fall_sitting,fall,6,real_hardware
28.52,-0.238,-0.808,0.474,3.125,-1.125,9.5,565.7127009507855,fall_sitting,fall,6,real_hardware
28.525,-0.236,-0.806,0.472,-0.625,3.625,5.375,565.7176918222569,fall_sitting,fall,6,real_hardware
28.53,-0.25,-0.808,0.464,13.0,2.125,5.5,565.7176918222569,fall_sitting,fall,6,real_hardware
28.535,-0.244,-0.816,0.472,2.5,2.75,5.75,565.7226827489884,fall_sitting,fall,6,real_hardware
28.54,-0.255,-0.83,0.464,4.75,3.25,5.625,565.7226827489884,fall_sitting,fall,6,real_hardware
28.545,-0.248,-0.832,0.464,0.0,2.125,4.5,565.7226827489884,fall_sitting,fall,6,real_hardware
28.55,-0.24,-0.832,0.472,-0.25,-6.0,8.375,565.7226827489884,fall_sitting,fall,6,real_hardware
28.555,-0.238,-0.835,0.482,-3.0,-4.625,-1.25,565.7226827489884,fall_sitting,fall,6,real_hardware
28.56,-0.238,-0.837,0.49,-0.25,-7.125,5.875,565.7381700281926,fall_sitting,fall,6,real_hardware
28.565,-0.236,-0.837,0.5,2.875,-12.5,6.125,565.7381700281926,fall_sitting,fall,6,real_hardware
28.57,-0.232,-0.843,0.5,0.625,-8.5,5.125,565.7381700281926,fall_sitting,fall,6,real_hardware
28.575,-0.222,-0.847,0.501,-7.75,-9.0,11.5,565.7381700281926,fall_sitting,fall,6,real_hardware
28.58,-0.22,-0.853,0.503,-1.875,1.125,0.75,565.743161146769,fall_sitting,fall,6,real_hardware
28.585,-0.224,-0.853,0.496,-0.5,-6.75,8.5,565.743161146769,fall_sitting,fall,6,real_hardware
28.59,-0.218,-0.849,0.49,-6.25,-7.25,0.0,565.743161146769,fall_sitting,fall,6,real_hardware
28.595,-0.222,-0.843,0.488,-11.125,-11.25,7.25,565.7586485710713,fall_sitting,fall,6,real_hardware
28.6,-0.234,-0.849,0.478,-3.375,-2.875,3.875,565.7481523206084,fall_sitting,fall,6,real_hardware
28.605,-0.236,-0.847,0.476,0.875,-10.125,11.375,565.7481523206084,fall_sitting,fall,6,real_hardware
28.61,-0.25,-0.843,0.468,1.5,-4.75,14.125,565.7481523206084,fall_sitting,fall,6,real_hardware
28.615,-0.251,-0.855,0.464,-7.875,-12.75,12.875,565.7531435497106,fall_sitting,fall,6,real_hardware
28.62,-0.265,-0.853,0.46,-4.125,-2.875,2.5,565.7531435497106,fall_sitting,fall,6,real_hardware
28.625,-0.269,-0.849,0.468,1.0,-8.125,6.25,565.7581348340764,fall_sitting,fall,6,real_hardware
28.63,-0.277,-0.849,0.464,-7.75,5.875,10.125,565.7581348340764,fall_sitting,fall,6,real_hardware
28.635,-0.285,-0.855,0.472,-9.75,-10.875,9.75,565.7581348340764,fall_sitting,fall,6,real_hardware
28.64,-0.281,-0.857,0.468,-7.5,-2.625,4.375,565.7736226681399,fall_sitting,fall,6,real_hardware
28.645,-0.279,-0.857,0.466,-4.125,1.375,-1.625,565.7736226681399,fall_sitting,fall,6,real_hardware
28.65,-0.279,-0.855,0.468,-15.0,-4.125,9.875,565.7736226681399,fall_sitting,fall,6,real_hardware
28.655,-0.277,-0.853,0.462,-20.625,-4.5,5.375,565.7581348340764,fall_sitting,fall,6,real_hardware
28.66,-0.275,-0.853,0.466,-8.875,1.875,5.0,565.7581348340764,fall_sitting,fall,6,real_hardware
28.665,-0.275,-0.847,0.464,-6.75,-4.875,2.375,565.7736226681399,fall_sitting,fall,6,real_hardware
28.67,-0.273,-0.837,0.457,-7.0,2.25,3.875,565.7736226681399,fall_sitting,fall,6,real_hardware
28.675,-0.279,-0.841,0.457,-6.875,1.5,1.125,565.7581348340764,fall_sitting,fall,6,real_hardware
28.68,-0.283,-0.843,0.439,-13.125,-0.5,0.625,565.7736226681399,fall_sitting,fall,6,real_hardware
28.685,-0.302,-0.839,0.435,-8.75,3.75,9.5,565.7736226681399,fall_sitting,fall,6,real_hardware
28.69,-0.318,-0.83,0.433,-3.375,2.0,-3.5,565.7736226681399,fall_sitting,fall,6,real_hardware
28.695,-0.326,-0.839,0.429,-5.625,10.25,-2.125,565.7736226681399,fall_sitting,fall,6,real_hardware
28.7,-0.328,-0.845,0.433,-7.75,5.875,-6.125,565.7736226681399,fall_sitting,fall,6,real_hardware
28.705,-0.312,-0.849,0.425,-7.0,-2.5,6.25,565.7686312471856,fall_sitting,fall,6,real_hardware
28.71,-0.302,-0.845,0.425,-7.0,7.0,3.25,565.7686312471856,fall_sitting,fall,6,real_hardware
28.715,-0.291,-0.835,0.421,-18.125,7.0,5.0,565.7686312471856,fall_sitting,fall,6,real_hardware
28.72,-0.292,-0.816,0.421,-10.875,0.375,-5.375,565.7736226681399,fall_sitting,fall,6,real_hardware
28.725,-0.289,-0.791,0.421,-14.625,0.25,-4.0,565.7531435497106,fall_sitting,fall,6,real_hardware
28.73,-0.283,-0.763,0.41,-9.375,7.375,-6.875,565.7531435497106,fall_sitting,fall,6,real_hardware
28.735,-0.275,-0.728,0.386,-8.75,0.25,-9.125,565.7531435497106,fall_sitting,fall,6,real_hardware
28.74,-0.271,-0.701,0.363,-17.875,-0.375,-5.0,565.743161146769,fall_sitting,fall,6,real_hardware
28.745,-0.283,-0.646,0.343,-8.375,2.0,-3.875,565.7481523206084,fall_sitting,fall,6,real_hardware
28.75,-0.306,-0.583,0.337,-12.75,-4.125,-4.25,565.7636398814961,fall_sitting,fall,6,real_hardware
28.755,-0.32,-0.517,0.373,-12.75,-10.5,-7.125,565.7636398814961,fall_sitting,fall,6,real_hardware
28.76,-0.236,-0.48,0.484,-6.875,-7.625,-9.625,565.7686312471856,fall_sitting,fall,6,real_hardware
28.765,-0.177,-0.585,0.591,4.625,8.625,-6.875,565.7686312471856,fall_sitting,fall,6,real_hardware
28.77,-0.248,-0.697,0.634,9.75,7.625,4.25,565.7686312471856,fall_sitting,fall,6,real_hardware
28.775,-0.308,-0.841,0.607,5.75,10.25,2.75,565.7686312471856,fall_sitting,fall,6,real_hardware
28.78,-0.314,-0.986,0.617,23.125,8.5,-1.875,565.7686312471856,fall_sitting,fall,6,real_hardware
28.785,-0.277,-1.208,0.611,25.625,-1.375,5.0,565.7686312471856,fall_sitting,fall,6,real_hardware
28.79,-0.281,-1.357,0.587,24.75,-2.375,1.5,565.7736226681399,fall_sitting,fall,6,real_hardware
28.795,-0.296,-1.359,0.583,4.25,9.5,-5.5,565.7736226681399,fall_sitting,fall,6,real_hardware
28.8,-0.298,-1.281,0.603,-2.625,3.25,5.0,565.7736226681399,fall_sitting,fall,6,real_hardware
28.805,-0.302,-1.171,0.617,-12.625,-0.5,-5.5,565.7736226681399,fall_sitting,fall,6,real_hardware
28.81,-0.308,-1.074,0.589,-6.5,2.875,-8.375,565.7581348340764,fall_sitting,fall,6,real_hardware
28.815,-0.289,-0.978,0.544,-19.375,6.75,-4.75,565.7531435497106,fall_sitting,fall,6,real_hardware
28.82,-0.257,-0.908,0.503,-26.625,16.375,-3.25,565.7581348340764,fall_sitting,fall,6,real_hardware
28.825,-0.24,-0.851,0.458,-15.25,10.0,-6.125,565.7581348340764,fall_sitting,fall,6,real_hardware
28.83,-0.238,-0.767,0.417,-16.75,18.5,-2.875,565.7426470085275,fall_sitting,fall,6,real_hardware
28.835,-0.248,-0.701,0.408,-14.375,17.75,4.75,565.7426470085275,fall_sitting,fall,6,real_hardware
28.84,-0.259,-0.65,0.414,-12.5,13.375,5.5,565.7581348340764,fall_sitting,fall,6,real_hardware
28.845,-0.273,-0.615,0.421,2.5,16.375,2.875,565.7581348340764,fall_sitting,fall,6,real_hardware
28.85,-0.289,-0.603,0.425,1.625,12.0,9.125,565.7581348340764,fall_sitting,fall,6,real_hardware
28.855,-0.302,-0.609,0.427,7.375,11.0,1.625,565.7426470085275,fall_sitting,fall,6,real_hardware
28.86,-0.308,-0.638,0.425,8.125,15.625,3.625,565.7376558607499,fall_sitting,fall,6,real_hardware
28.865,-0.291,-0.671,0.431,6.0,5.25,12.25,565.7531435497106,fall_sitting,fall,6,real_hardware
28.87,-0.255,-0.738,0.431,18.125,6.125,1.0,565.7531435497106,fall_sitting,fall,6,real_hardware
28.875,-0.236,-0.791,0.429,10.5,0.0,-4.75,565.7531435497106,fall_sitting,fall,6,real_hardware
28.88,-0.216,-0.833,0.423,13.0,1.375,8.75,565.7376558607499,fall_sitting,fall,6,real_hardware
28.885,-0.216,-0.873,0.404,16.125,0.0,3.625,565.7376558607499,fall_sitting,fall,6,real_hardware
28.89,-0.216,-0.898,0.406,17.5,-2.625,-0.125,565.7426470085275,fall_sitting,fall,6,real_hardware
28.895,-0.22,-0.904,0.406,20.625,0.5,-5.625,565.7426470085275,fall_sitting,fall,6,real_hardware
28.9,-0.25,-0.917,0.421,17.875,3.25,-0.875,565.7426470085275,fall_sitting,fall,6,real_hardware
28.905,-0.279,-0.931,0.427,10.5,3.25,-0.625,565.7426470085275,fall_sitting,fall,6,real_hardware
28.91,-0.294,-0.929,0.439,9.875,7.625,5.0,565.7426470085275,fall_sitting,fall,6,real_hardware
28.915,-0.294,-0.923,0.466,13.75,0.75,-8.125,565.7426470085275,fall_sitting,fall,6,real_hardware
28.92,-0.292,-0.917,0.496,7.5,-1.375,-4.375,565.7426470085275,fall_sitting,fall,6,real_hardware
28.925,-0.289,-0.917,0.501,6.125,7.0,-3.5,565.7476382115677,fall_sitting,fall,6,real_hardware
28.93,-0.289,-0.902,0.507,7.25,10.0,-0.375,565.7581348340764,fall_sitting,fall,6,real_hardware
28.935,-0.302,-0.904,0.527,10.875,11.25,-11.875,565.7531435497106,fall_sitting,fall,6,real_hardware
28.94,-0.306,-0.91,0.529,4.5,8.0,4.875,565.7481523206084,fall_sitting,fall,6,real_hardware
28.945,-0.31,-0.912,0.531,2.75,12.375,-4.0,565.7531435497106,fall_sitting,fall,6,real_hardware
28.95,-0.316,-0.917,0.537,6.25,9.625,-1.75,565.7581348340764,fall_sitting,fall,6,real_hardware
28.955,-0.33,-0.933,0.521,-0.125,13.25,3.5,565.7581348340764,fall_sitting,fall,6,real_hardware
28.96,-0.335,-0.935,0.505,5.625,10.25,-7.625,565.7581348340764,fall_sitting,fall,6,real_hardware
28.965,-0.337,-0.937,0.49,-3.125,3.375,-2.875,565.7531435497106,fall_sitting,fall,6,real_hardware
28.97,-0.326,-0.937,0.482,-0.625,6.875,4.375,565.7331789648782,fall_sitting,fall,6,real_hardware
28.975,-0.302,-0.937,0.466,-4.125,4.25,-9.5,565.743161146769,fall_sitting,fall,6,real_hardware
28.98,-0.273,-0.919,0.453,-5.875,11.375,-6.125,565.7481523206084,fall_sitting,fall,6,real_hardware
28.985,-0.248,-0.902,0.433,-3.75,8.5,-3.75,565.7481523206084,fall_sitting,fall,6,real_hardware
28.99,-0.228,-0.88,0.425,-2.125,11.75,-3.75,565.7531435497106,fall_sitting,fall,6,real_hardware
28.995,-0.205,-0.82,0.402,-4.375,16.25,-9.0,565.7581348340764,fall_sitting,fall,6,real_hardware
29.0,-0.173,-0.775,0.41,-9.25,3.25,-8.75,565.7581348340764,fall_sitting,fall,6,real_hardware
29.005,-0.154,-0.738,0.421,-6.125,3.625,-3.125,565.7376558607499,fall_sitting,fall,6,real_hardware
29.01,-0.152,-0.716,0.421,0.375,1.625,-0.625,565.7531435497106,fall_sitting,fall,6,real_hardware
29.015,-0.164,-0.714,0.419,-4.25,1.625,-11.375,565.7376558607499,fall_sitting,fall,6,real_hardware
29.02,-0.181,-0.718,0.423,-6.875,8.625,-6.25,565.7531435497106,fall_sitting,fall,6,real_hardware
29.025,-0.189,-0.744,0.419,-0.625,6.0,-7.0,565.7481523206084,fall_sitting,fall,6,real_hardware
29.03,-0.21,-0.785,0.408,2.0,2.0,-1.75,565.7481523206084,fall_sitting,fall,6,real_hardware
29.035,-0.228,-0.814,0.39,-2.75,4.0,0.875,565.743161146769,fall_sitting,fall,6,real_hardware
29.04,-0.251,-0.83,0.404,3.875,4.875,-4.5,565.743161146769,fall_sitting,fall,6,real_hardware
29.045,-0.261,-0.833,0.4,4.0,5.125,-11.125,565.7481523206084,fall_sitting,fall,6,real_hardware
29.05,-0.267,-0.81,0.396,5.75,2.5,-1.25,565.7531435497106,fall_sitting,fall,6,real_hardware
29.055,-0.265,-0.791,0.402,-6.25,2.375,2.25,565.7531435497106,fall_sitting,fall,6,real_hardware
29.06,-0.273,-0.751,0.39,0.125,12.0,-5.0,565.7531435497106,fall_sitting,fall,6,real_hardware
29.065,-0.261,-0.722,0.378,-0.25,0.25,-2.625,565.7581348340764,fall_sitting,fall,6,real_hardware
29.07,-0.253,-0.681,0.369,-2.25,3.25,-2.375,565.7581348340764,fall_sitting,fall,6,real_hardware
29.075,-0.248,-0.64,0.367,-5.0,9.5,5.0,565.7426470085275,fall_sitting,fall,6,real_hardware
29.08,-0.257,-0.57,0.402,-3.75,9.5,1.0,565.7426470085275,fall_sitting,fall,6,real_hardware
29.085,-0.261,-0.554,0.472,9.5,11.0,-1.5,565.7426470085275,fall_sitting,fall,6,real_hardware
29.09,-0.292,-0.621,0.527,15.375,1.0,-12.5,565.7581348340764,fall_sitting,fall,6,real_hardware
29.095,-0.345,-0.734,0.552,18.625,9.625,-4.875,565.7581348340764,fall_sitting,fall,6,real_hardware
29.1,-0.38,-0.849,0.582,27.875,10.25,-3.375,565.7581348340764,fall_sitting,fall,6,real_hardware
29.105,-0.38,-1.021,0.597,36.25,2.875,-4.625,565.7581348340764,fall_sitting,fall,6,real_hardware
29.11,-0.378,-1.232,0.585,33.25,11.5,-5.75,565.7581348340764,fall_sitting,fall,6,real_hardware
29.115,-0.382,-1.375,0.583,12.125,5.875,-6.875,565.7581348340764,fall_sitting,fall,6,real_hardware
29.12,-0.396,-1.371,0.597,0.75,5.625,-7.375,565.7581348340764,fall_sitting,fall,6,real_hardware
29.125,-0.404,-1.277,0.601,-4.125,0.625,-8.875,565.7581348340764,fall_sitting,fall,6,real_hardware
29.13,-0.376,-1.144,0.58,-5.5,11.5,-9.625,565.7581348340764,fall_sitting,fall,6,real_hardware
29.135,-0.322,-1.019,0.542,-22.375,15.875,-13.0,565.7581348340764,fall_sitting,fall,6,real_hardware
29.14,-0.265,-0.921,0.503,-16.625,19.625,-6.625,565.7581348340764,fall_sitting,fall,6,real_hardware
29.145,-0.224,-0.851,0.466,-18.75,21.375,-10.75,565.7581348340764,fall_sitting,fall,6,real_hardware
29.15,-0.201,-0.794,0.451,-21.0,22.25,-10.375,565.7581348340764,fall_sitting,fall,6,real_hardware
29.155,-0.185,-0.744,0.443,-20.375,11.75,-12.125,565.7581348340764,fall_sitting,fall,6,real_hardware
29.16,-0.164,-0.673,0.437,-16.75,25.75,-4.625,565.7581348340764,fall_sitting,fall,6,real_hardware
29.165,-0.171,-0.642,0.435,-7.875,21.375,-5.75,565.7581348340764,fall_sitting,fall,6,real_hardware
29.17,-0.183,-0.63,0.427,-0.5,14.375,-4.125,565.7531435497106,fall_sitting,fall,6,real_hardware
29.175,-0.199,-0.642,0.441,-0.75,8.625,-8.25,565.7426470085275,fall_sitting,fall,6,real_hardware
29.18,-0.207,-0.66,0.449,9.125,0.625,-2.75,565.7426470085275,fall_sitting,fall,6,real_hardware
29.185,-0.214,-0.685,0.466,10.5,4.875,-5.125,565.7426470085275,fall_sitting,fall,6,real_hardware
29.19,-0.224,-0.714,0.468,5.875,1.625,-6.125,565.7221681803035,fall_sitting,fall,6,real_hardware
29.195,-0.23,-0.746,0.482,13.375,0.0,-1.25,565.717177224375,fall_sitting,fall,6,real_hardware
29.2,-0.234,-0.798,0.47,20.625,4.875,-6.875,565.7066805083712,fall_sitting,fall,6,real_hardware
29.205,-0.24,-0.822,0.478,19.5,-1.625,-6.375,565.7221681803035,fall_sitting,fall,6,real_hardware
29.21,-0.246,-0.851,0.478,12.625,-1.75,0.0,565.7326647682345,fall_sitting,fall,6,real_hardware
29.215,-0.248,-0.863,0.484,4.875,-9.0,0.875,565.7326647682345,fall_sitting,fall,6,real_hardware
29.22,-0.25,-0.867,0.474,6.375,0.0,-13.5,565.7326647682345,fall_sitting,fall,6,real_hardware
29.225,-0.25,-0.871,0.476,14.0,1.625,-1.625,565.7326647682345,fall_sitting,fall,6,real_hardware
29.23,-0.248,-0.869,0.48,6.625,3.25,-3.875,565.7531435497106,fall_sitting,fall,6,real_hardware
29.235,-0.263,-0.869,0.474,11.625,-2.375,1.125,565.7531435497106,fall_sitting,fall,6,real_hardware
29.24,-0.265,-0.873,0.484,4.875,2.625,-10.625,565.7376558607499,fall_sitting,fall,6,real_hardware
29.245,-0.281,-0.869,0.486,9.75,4.25,-2.375,565.7376558607499,fall_sitting,fall,6,real_hardware
29.25,-0.296,-0.853,0.494,5.5,1.5,3.25,565.7426470085275,fall_sitting,fall,6,real_hardware
29.255,-0.3,-0.857,0.492,7.875,3.0,-2.375,565.7426470085275,fall_sitting,fall,6,real_hardware
29.26,-0.318,-0.859,0.488,1.375,1.75,0.5,565.7426470085275,fall_sitting,fall,6,real_hardware
29.265,-0.318,-0.853,0.484,15.75,4.875,-1.625,565.7476382115677,fall_sitting,fall,6,real_hardware
29.27,-0.308,-0.845,0.482,9.25,8.875,5.625,565.7476382115677,fall_sitting,fall,6,real_hardware
29.275,-0.312,-0.841,0.486,3.375,4.375,-4.25,565.7476382115677,fall_sitting,fall,6,real_hardware
29.28,-0.294,-0.833,0.486,1.875,0.375,0.5,565.7426470085275,fall_sitting,fall,6,real_hardware
29.285,-0.281,-0.83,0.48,9.375,14.375,-4.5,565.7426470085275,fall_sitting,fall,6,real_hardware
29.29,-0.277,-0.828,0.48,2.125,9.0,-7.25,565.7426470085275,fall_sitting,fall,6,real_hardware
29.295,-0.265,-0.828,0.484,-8.125,3.0,-5.5,565.7581348340764,fall_sitting,fall,6,real_hardware
29.3,-0.263,-0.824,0.486,0.5,6.0,-3.0,565.7426470085275,fall_sitting,fall,6,real_hardware
29.305,-0.257,-0.828,0.494,9.5,5.125,-0.375,565.7426470085275,fall_sitting,fall,6,real_hardware
29.31,-0.25,-0.828,0.501,8.0,2.75,-2.5,565.7271591914927,fall_sitting,fall,6,real_hardware
29.315,-0.244,-0.822,0.505,7.0,2.875,0.625,565.7426470085275,fall_sitting,fall,6,real_hardware
29.32,-0.236,-0.816,0.503,7.0,2.75,-4.625,565.7426470085275,fall_sitting,fall,6,real_hardware
29.325,-0.234,-0.824,0.509,5.75,3.75,3.875,565.7376558607499,fall_sitting,fall,6,real_hardware
29.33,-0.236,-0.835,0.5,6.625,2.5,-5.375,565.7376558607499,fall_sitting,fall,6,real_hardware
29.335,-0.24,-0.839,0.507,11.625,-0.625,-7.375,565.7376558607499,fall_sitting,fall,6,real_hardware
29.34,-0.24,-0.851,0.503,9.375,11.75,-10.125,565.7326647682345,fall_sitting,fall,6,real_hardware
29.345,-0.248,-0.859,0.498,5.125,4.875,-0.625,565.7326647682345,fall_sitting,fall,6,real_hardware
29.35,-0.257,-0.857,0.496,1.125,2.25,-1.0,565.7276737309808,fall_sitting,fall,6,real_hardware
29.355,-0.257,-0.857,0.49,12.875,-4.75,0.375,565.7276737309808,fall_sitting,fall,6,real_hardware
29.36,-0.265,-0.851,0.498,6.25,0.25,-3.0,565.7276737309808,fall_sitting,fall,6,real_hardware
29.365,-0.271,-0.843,0.494,5.375,4.25,2.375,565.7226827489884,fall_sitting,fall,6,real_hardware
29.37,-0.271,-0.841,0.492,4.625,-3.625,-4.625,565.743161146769,fall_sitting,fall,6,real_hardware
29.375,-0.277,-0.845,0.492,-4.5,7.125,3.375,565.743161146769,fall_sitting,fall,6,real_hardware
29.38,-0.273,-0.847,0.49,2.625,2.375,-5.875,565.743161146769,fall_sitting,fall,6,real_hardware
29.385,-0.269,-0.843,0.49,4.0,-1.25,1.75,565.743161146769,fall_sitting,fall,6,real_hardware
29.39,-0.273,-0.847,0.494,4.75,0.875,6.375,565.7381700281926,fall_sitting,fall,6,real_hardware
29.395,-0.279,-0.847,0.501,2.75,-4.0,2.5,565.743161146769,fall_sitting,fall,6,real_hardware
29.4,-0.269,-0.841,0.501,-3.625,0.0,-5.75,565.743161146769,fall_sitting,fall,6,real_hardware
29.405,-0.267,-0.847,0.5,-8.875,-1.0,-7.0,565.7481523206084,fall_sitting,fall,6,real_hardware
29.41,-0.265,-0.837,0.498,-4.375,2.75,2.25,565.7481523206084,fall_sitting,fall,6,real_hardware
29.415,-0.269,-0.843,0.505,3.0,1.25,-3.375,565.7481523206084,fall_sitting,fall,6,real_hardware
29.42,-0.267,-0.845,0.501,-3.0,0.25,-6.25,565.7481523206084,fall_sitting,fall,6,real_hardware
29.425,-0.269,-0.845,0.513,-7.75,2.125,0.625,565.7481523206084,fall_sitting,fall,6,real_hardware
29.43,-0.269,-0.849,0.505,-3.125,-3.75,-0.625,565.7481523206084,fall_sitting,fall,6,real_hardware
29.435,-0.271,-0.847,0.503,1.875,2.75,-3.0,565.7326647682345,fall_sitting,fall,6,real_hardware
29.44,-0.269,-0.847,0.511,-3.0,7.625,-8.625,565.7326647682345,fall_sitting,fall,6,real_hardware
29.445,-0.261,-0.839,0.503,-9.125,-0.875,-4.125,565.7326647682345,fall_sitting,fall,6,real_hardware
29.45,-0.261,-0.826,0.503,-5.75,4.375,-1.25,565.7376558607499,fall_sitting,fall,6,real_hardware
29.455,-0.242,-0.82,0.501,-0.375,5.125,-5.125,565.7326647682345,fall_sitting,fall,6,real_hardware
29.46,-0.242,-0.818,0.509,-12.625,3.75,-2.25,565.7376558607499,fall_sitting,fall,6,real_hardware
29.465,-0.24,-0.816,0.503,-6.125,0.875,2.25,565.7376558607499,fall_sitting,fall,6,real_hardware
29.47,-0.248,-0.816,0.494,-0.75,-5.75,5.25,565.7376558607499,fall_sitting,fall,6,real_hardware
29.475,-0.253,-0.822,0.501,6.375,4.125,-2.75,565.7376558607499,fall_sitting,fall,6,real_hardware
29.48,-0.255,-0.826,0.49,-6.875,4.625,2.5,565.7376558607499,fall_sitting,fall,6,real_hardware
29.485,-0.269,-0.837,0.5,-9.625,4.5,1.5,565.7376558607499,fall_sitting,fall,6,real_hardware
29.49,-0.277,-0.845,0.492,3.5,1.5,-2.375,565.7531435497106,fall_sitting,fall,6,real_hardware
29.495,-0.289,-0.843,0.488,5.125,4.875,-7.375,565.7481523206084,fall_sitting,fall,6,real_hardware
29.5,-0.289,-0.833,0.494,-7.625,-0.5,-1.25,565.7531435497106,fall_sitting,fall,6,real_hardware
29.505,-0.292,-0.828,0.49,-4.5,-2.5,-3.25,565.7531435497106,fall_sitting,fall,6,real_hardware
29.51,-0.291,-0.824,0.49,-0.125,1.5,-3.5,565.7531435497106,fall_sitting,fall,6,real_hardware
29.515,-0.285,-0.816,0.492,-1.0,4.875,-6.0,565.7531435497106,fall_sitting,fall,6,real_hardware
29.52,-0.279,-0.816,0.478,-0.75,1.75,-1.75,565.7426470085275,fall_sitting,fall,6,real_hardware
29.525,-0.275,-0.806,0.472,-1.875,2.125,1.875,565.7426470085275,fall_sitting,fall,6,real_hardware
29.53,-0.273,-0.806,0.472,2.5,9.75,-2.0,565.7581348340764,fall_sitting,fall,6,real_hardware
29.535,-0.273,-0.808,0.464,3.125,5.625,-1.875,565.7581348340764,fall_sitting,fall,6,real_hardware
29.54,-0.269,-0.804,0.468,7.25,6.625,-0.125,565.7581348340764,fall_sitting,fall,6,real_hardware
29.545,-0.269,-0.814,0.462,-4.0,7.5,-0.125,565.7581348340764,fall_sitting,fall,6,real_hardware
29.55,-0.271,-0.812,0.474,3.0,-5.0,-5.625,565.7581348340764,fall_sitting,fall,6,real_hardware
29.555,-0.263,-0.82,0.474,9.5,0.75,-2.875,565.7531435497106,fall_sitting,fall,6,real_hardware
29.56,-0.263,-0.822,0.478,6.25,-0.375,-1.875,565.7581348340764,fall_sitting,fall,6,real_hardware
29.565,-0.269,-0.828,0.484,5.625,2.875,-0.5,565.7581348340764,fall_sitting,fall,6,real_hardware
29.57,-0.271,-0.83,0.484,6.375,4.25,-9.875,565.7531435497106,fall_sitting,fall,6,real_hardware
29.575,-0.273,-0.839,0.482,6.0,3.375,-4.0,565.7531435497106,fall_sitting,fall,6,real_hardware
29.58,-0.277,-0.841,0.482,8.375,2.125,-7.125,565.7531435497106,fall_sitting,fall,6,real_hardware
29.585,-0.275,-0.841,0.484,12.875,3.75,-8.875,565.7531435497106,fall_sitting,fall,6,real_hardware
29.59,-0.271,-0.843,0.486,6.25,3.125,-2.375,565.7531435497106,fall_sitting,fall,6,real_hardware
29.595,-0.271,-0.837,0.49,7.5,6.625,-4.0,565.7376558607499,fall_sitting,fall,6,real_hardware
29.6,-0.277,-0.837,0.486,4.375,8.5,-11.875,565.7376558607499,fall_sitting,fall,6,real_hardware
29.605,-0.289,-0.837,0.484,9.5,9.875,-1.5,565.7531435497106,fall_sitting,fall,6,real_hardware
29.61,-0.287,-0.841,0.486,9.25,8.5,-5.75,565.7531435497106,fall_sitting,fall,6,real_hardware
29.615,-0.291,-0.832,0.486,12.5,9.375,-7.125,565.7376558607499,fall_sitting,fall,6,real_hardware
29.62,-0.291,-0.833,0.482,8.25,15.125,-6.625,565.7426470085275,fall_sitting,fall,6,real_hardware
29.625,-0.285,-0.839,0.484,14.375,20.0,-7.75,565.7426470085275,fall_sitting,fall,6,real_hardware
29.63,-0.277,-0.833,0.486,8.75,13.375,-11.25,565.7426470085275,fall_sitting,fall,6,real_hardware
29.635,-0.277,-0.828,0.496,9.375,13.5,-2.25,565.7271591914927,fall_sitting,fall,6,real_hardware
29.64,-0.271,-0.828,0.484,4.625,9.125,-10.75,565.7426470085275,fall_sitting,fall,6,real_hardware
29.645,-0.277,-0.828,0.49,6.5,14.5,-6.25,565.7276737309808,fall_sitting,fall,6,real_hardware
29.65,-0.269,-0.826,0.494,10.625,9.125,-3.875,565.7276737309808,fall_sitting,fall,6,real_hardware
29.655,-0.267,-0.826,0.49,6.625,13.25,0.0,565.7326647682345,fall_sitting,fall,6,real_hardware
29.66,-0.265,-0.833,0.494,7.25,13.25,-6.875,565.7326647682345,fall_sitting,fall,6,real_hardware
29.665,-0.265,-0.839,0.498,-0.875,10.875,-2.375,565.7376558607499,fall_sitting,fall,6,real_hardware
29.67,-0.265,-0.841,0.492,10.75,12.375,-10.875,565.7376558607499,fall_sitting,fall,6,real_hardware
29.675,-0.267,-0.841,0.498,8.25,17.5,-9.25,565.7426470085275,fall_sitting,fall,6,real_hardware
29.68,-0.275,-0.841,0.501,13.375,13.25,-16.5,565.7376558607499,fall_sitting,fall,6,real_hardware
29.685,-0.275,-0.837,0.5,10.875,14.875,-1.25,565.7376558607499,fall_sitting,fall,6,real_hardware
29.69,-0.275,-0.833,0.501,11.25,7.25,-13.0,565.7326647682345,fall_sitting,fall,6,real_hardware
29.695,-0.281,-0.839,0.5,8.25,16.375,-2.875,565.7376558607499,fall_sitting,fall,6,real_hardware
29.7,-0.285,-0.837,0.498,2.125,10.625,-3.75,565.7376558607499,fall_sitting,fall,6,real_hardware
29.705,-0.292,-0.845,0.498,5.5,11.625,-10.75,565.7376558607499,fall_sitting,fall,6,real_hardware
29.71,-0.298,-0.851,0.494,10.25,23.5,-5.75,565.7376558607499,fall_sitting,fall,6,real_hardware
29.715,-0.312,-0.851,0.492,-3.125,17.0,-5.25,565.7531435497106,fall_sitting,fall,6,real_hardware
29.72,-0.324,-0.849,0.49,4.0,18.125,-11.0,565.7531435497106,fall_sitting,fall,6,real_hardware
29.725,-0.332,-0.835,0.494,6.875,26.0,-4.0,565.7376558607499,fall_sitting,fall,6,real_hardware
29.73,-0.341,-0.82,0.486,0.25,23.25,-15.0,565.7376558607499,fall_sitting,fall,6,real_hardware
29.735,-0.347,-0.81,0.484,6.875,30.875,-8.0,565.7376558607499,fall_sitting,fall,6,real_hardware
29.74,-0.353,-0.798,0.49,-6.375,19.125,-6.25,565.7376558607499,fall_sitting,fall,6,real_hardware
29.745,-0.349,-0.789,0.5,0.875,33.875,-2.125,565.7376558607499,fall_sitting,fall,6,real_hardware
29.75,-0.343,-0.781,0.505,7.0,29.125,-6.375,565.7426470085275,fall_sitting,fall,6,real_hardware
29.755,-0.349,-0.779,0.519,7.375,27.625,-9.375,565.7426470085275,fall_sitting,fall,6,real_hardware
29.76,-0.343,-0.757,0.533,7.25,30.125,-4.75,565.7376558607499,fall_sitting,fall,6,real_hardware
29.765,-0.351,-0.744,0.552,6.875,32.0,-7.125,565.7376558607499,fall_sitting,fall,6,real_hardware
29.77,-0.365,-0.734,0.562,14.125,32.375,-9.25,565.7531435497106,fall_sitting,fall,6,real_hardware
29.775,-0.373,-0.73,0.576,20.5,35.5,-5.25,565.7531435497106,fall_sitting,fall,6,real_hardware
29.78,-0.38,-0.728,0.585,12.5,32.375,-6.5,565.7376558607499,fall_sitting,fall,6,real_hardware
29.785,-0.382,-0.73,0.589,22.125,41.625,1.125,565.7376558607499,fall_sitting,fall,6,real_hardware
29.79,-0.388,-0.75,0.589,29.375,50.625,-7.75,565.7531435497106,fall_sitting,fall,6,real_hardware
29.795,-0.406,-0.765,0.568,24.625,40.375,-12.5,565.7686312471856,fall_sitting,fall,6,real_hardware
29.8,-0.425,-0.791,0.554,26.75,44.25,-13.625,565.7686312471856,fall_sitting,fall,6,real_hardware
29.805,-0.425,-0.83,0.556,19.375,40.625,-15.375,565.7686312471856,fall_sitting,fall,6,real_hardware
29.81,-0.394,-0.863,0.552,16.375,41.0,-3.875,565.7531435497106,fall_sitting,fall,6,real_hardware
29.815,-0.351,-0.898,0.541,8.875,38.0,-5.625,565.7581348340764,fall_sitting,fall,6,real_hardware
29.82,-0.32,-0.914,0.515,7.75,36.25,-11.0,565.7581348340764,fall_sitting,fall,6,real_hardware
29.825,-0.283,-0.929,0.492,6.5,38.25,-12.5,565.7581348340764,fall_sitting,fall,6,real_hardware
29.83,-0.269,-0.921,0.484,-6.75,36.125,-16.0,565.7581348340764,fall_sitting,fall,6,real_hardware
29.835,-0.244,-0.908,0.478,-4.875,25.0,-14.5,565.7581348340764,fall_sitting,fall,6,real_hardware
29.84,-0.222,-0.878,0.462,-6.75,30.25,-20.25,565.7376558607499,fall_sitting,fall,6,real_hardware
29.845,-0.208,-0.859,0.46,-10.75,23.875,-9.625,565.7426470085275,fall_sitting,fall,6,real_hardware
29.85,-0.191,-0.833,0.453,-10.125,25.375,-15.125,565.7581348340764,fall_sitting,fall,6,real_hardware
29.855,-0.183,-0.822,0.451,-6.5,22.375,-18.125,565.7581348340764,fall_sitting,fall,6,real_hardware
29.86,-0.169,-0.798,0.445,-16.0,19.125,-27.0,565.7581348340764,fall_sitting,fall,6,real_hardware
29.865,-0.164,-0.791,0.421,-16.125,19.125,-31.125,565.7581348340764,fall_sitting,fall,6,real_hardware
29.87,-0.169,-0.779,0.419,-6.375,18.875,-32.25,565.7581348340764,fall_sitting,fall,6,real_hardware
29.875,-0.175,-0.763,0.404,-8.625,10.75,-26.0,565.7531435497106,fall_sitting,fall,6,real_hardware
29.88,-0.179,-0.746,0.406,0.875,14.375,-29.625,565.7531435497106,fall_sitting,fall,6,real_hardware
29.885,-0.177,-0.74,0.406,1.0,7.25,-40.875,565.7481523206084,fall_sitting,fall,6,real_hardware
29.89,-0.175,-0.728,0.414,-13.25,2.75,-37.5,565.7481523206084,fall_sitting,fall,6,real_hardware
29.895,-0.193,-0.722,0.427,1.25,6.5,-34.75,565.743161146769,fall_sitting,fall,6,real_hardware
29.9,-0.205,-0.728,0.441,9.25,1.25,-41.0,565.7586485710713,fall_sitting,fall,6,real_hardware
29.905,-0.22,-0.736,0.47,9.875,6.375,-38.5,565.7586485710713,fall_sitting,fall,6,real_hardware
29.91,-0.244,-0.755,0.49,13.125,7.625,-30.875,565.7586485710713,fall_sitting,fall,6,real_hardware
29.915,-0.275,-0.792,0.511,6.875,11.5,-38.625,565.7536573159105,fall_sitting,fall,6,real_hardware
29.92,-0.312,-0.822,0.554,5.125,8.75,-31.0,565.7381700281926,fall_sitting,fall,6,real_hardware
29.925,-0.359,-0.859,0.589,10.25,19.25,-29.625,565.7536573159105,fall_sitting,fall,6,real_hardware
29.93,-0.4,-0.88,0.623,13.0,23.875,-30.625,565.7536573159105,fall_sitting,fall,6,real_hardware
29.935,-0.429,-0.9,0.656,17.5,39.0,-21.5,565.7381700281926,fall_sitting,fall,6,real_hardware
29.94,-0.462,-0.921,0.679,18.5,42.5,-21.0,565.743161146769,fall_sitting,fall,6,real_hardware
29.945,-0.494,-0.929,0.671,16.25,47.625,-20.75,565.7381700281926,fall_sitting,fall,6,real_hardware
29.95,-0.507,-0.923,0.652,27.625,55.625,-16.625,565.7381700281926,fall_sitting,fall,6,real_hardware
29.955,-0.509,-0.894,0.63,21.25,59.375,-26.375,565.7276737309808,fall_sitting,fall,6,real_hardware
29.96,-0.496,-0.871,0.621,19.375,52.5,-23.875,565.7226827489884,fall_sitting,fall,6,real_hardware
29.965,-0.449,-0.835,0.607,14.875,62.0,-28.875,565.743161146769,fall_sitting,fall,6,real_hardware
29.97,-0.412,-0.806,0.597,2.375,53.625,-25.125,565.7536573159105,fall_sitting,fall,6,real_hardware
29.975,-0.386,-0.798,0.58,-1.375,53.75,-17.0,565.7536573159105,fall_sitting,fall,6,real_hardware
29.98,-0.335,-0.777,0.566,4.0,59.875,-29.5,565.7586485710713,fall_sitting,fall,6,real_hardware
29.985,-0.291,-0.777,0.568,6.0,48.25,-35.625,565.7586485710713,fall_sitting,fall,6,real_hardware
29.99,-0.228,-0.755,0.556,3.75,45.125,-31.25,565.7586485710713,fall_sitting,fall,6,real_hardware
29.995,-0.177,-0.75,0.562,-5.25,36.125,-21.0,565.7586485710713,fall_sitting,fall,6,real_hardware
30.0,-0.126,-0.75,0.55,-0.375,30.75,-26.5,565.7586485710713,fall_sitting,fall,6,real_hardware
30.005,-0.076,-0.757,0.55,-3.25,29.25,-26.75,565.7586485710713,fall_sitting,fall,6,real_hardware
30.01,-0.037,-0.769,0.539,0.125,15.375,-29.875,565.743161146769,fall_sitting,fall,6,real_hardware
30.015,-0.017,-0.779,0.535,3.375,19.625,-28.25,565.743161146769,fall_sitting,fall,6,real_hardware
30.02,0.007,-0.781,0.521,3.25,10.625,-27.875,565.743161146769,fall_sitting,fall,6,real_hardware
30.025,0.021,-0.783,0.513,3.5,2.0,-33.125,565.7276737309808,fall_sitting,fall,6,real_hardware
30.03,0.021,-0.796,0.501,6.875,1.25,-29.5,565.743161146769,fall_sitting,fall,6,real_hardware
30.035,0.017,-0.806,0.503,3.125,-2.625,-26.875,565.7326647682345,fall_sitting,fall,6,real_hardware
30.04,0.011,-0.822,0.498,-1.25,1.875,-11.375,565.7326647682345,fall_sitting,fall,6,real_hardware
30.045,-0.011,-0.832,0.48,6.125,0.375,-27.125,565.7481523206084,fall_sitting,fall,6,real_hardware
30.05,-0.044,-0.845,0.466,2.125,7.75,-18.125,565.7481523206084,fall_sitting,fall,6,real_hardware
30.055,-0.07,-0.863,0.458,8.75,12.625,-26.125,565.7481523206084,fall_sitting,fall,6,real_hardware
30.06,-0.111,-0.869,0.439,2.875,15.375,-9.875,565.7481523206084,fall_sitting,fall,6,real_hardware
30.065,-0.138,-0.871,0.417,-7.875,18.375,-5.125,565.7481523206084,fall_sitting,fall,6,real_hardware
30.07,-0.189,-0.875,0.416,1.0,21.625,-1.75,565.7531435497106,fall_sitting,fall,6,real_hardware
30.075,-0.22,-0.88,0.396,-1.375,24.25,-9.5,565.7531435497106,fall_sitting,fall,6,real_hardware
30.08,-0.24,-0.896,0.392,-1.0,24.25,-8.25,565.7376558607499,fall_sitting,fall,6,real_hardware
30.085,-0.255,-0.919,0.386,1.75,27.375,-14.0,565.7276737309808,fall_sitting,fall,6,real_hardware
30.09,-0.283,-0.925,0.394,6.875,25.375,-12.25,565.7276737309808,fall_sitting,fall,6,real_hardware
30.095,-0.304,-0.927,0.392,4.875,41.375,-22.625,565.7326647682345,fall_sitting,fall,6,real_hardware
30.1,-0.345,-0.916,0.394,10.375,46.125,-9.125,565.7326647682345,fall_sitting,fall,6,real_hardware
30.105,-0.386,-0.908,0.392,3.75,44.75,-9.0,565.7326647682345,fall_sitting,fall,6,real_hardware
30.11,-0.435,-0.898,0.376,7.125,53.5,-8.5,565.7326647682345,fall_sitting,fall,6,real_hardware
30.115,-0.447,-0.896,0.371,10.875,57.75,-8.375,565.7376558607499,fall_sitting,fall,6,real_hardware
30.12,-0.443,-0.88,0.367,16.875,67.125,-13.0,565.7376558607499,fall_sitting,fall,6,real_hardware
30.125,-0.429,-0.851,0.38,8.875,61.75,-9.75,565.7376558607499,fall_sitting,fall,6,real_hardware
30.13,-0.414,-0.841,0.4,12.625,70.5,-13.5,565.7376558607499,fall_sitting,fall,6,real_hardware
30.135,-0.378,-0.828,0.423,10.625,65.25,-17.125,565.7221681803035,fall_sitting,fall,6,real_hardware
30.14,-0.33,-0.8,0.464,7.75,64.5,-16.0,565.7221681803035,fall_sitting,fall,6,real_hardware
30.145,-0.275,-0.781,0.537,11.375,58.0,-17.875,565.7326647682345,fall_sitting,fall,6,real_hardware
30.15,-0.257,-0.794,0.589,5.125,62.0,-17.25,565.7326647682345,fall_sitting,fall,6,real_hardware
30.155,-0.205,-0.832,0.593,6.75,53.375,-17.625,565.7326647682345,fall_sitting,fall,6,real_hardware
30.16,-0.068,-0.833,0.57,16.0,41.25,-19.25,565.7376558607499,fall_sitting,fall,6,real_hardware
30.165,0.027,-0.851,0.574,9.0,41.375,-4.375,565.7376558607499,fall_sitting,fall,6,real_hardware
30.17,0.027,-0.904,0.57,13.375,40.125,-21.125,565.7376558607499,fall_sitting,fall,6,real_hardware
30.175,0.019,-0.927,0.541,0.0,36.25,-17.625,565.7221681803035,fall_sitting,fall,6,real_hardware
30.18,-0.037,-0.916,0.5,10.0,42.5,-20.75,565.7326647682345,fall_sitting,fall,6,real_hardware
30.185,-0.08,-0.919,0.48,6.25,44.875,-11.5,565.717177224375,fall_sitting,fall,6,real_hardware
30.19,-0.126,-0.955,0.472,2.75,33.5,-21.625,565.7221681803035,fall_sitting,fall,6,real_hardware
30.195,-0.216,-1.011,0.5,2.625,30.5,-17.5,565.7376558607499,fall_sitting,fall,6,real_hardware
30.2,-0.263,-1.013,0.517,2.0,28.875,-15.375,565.7376558607499,fall_sitting,fall,6,real_hardware
30.205,-0.291,-1.015,0.527,1.125,18.125,-22.625,565.7376558607499,fall_sitting,fall,6,real_hardware
30.21,-0.283,-0.998,0.542,3.5,11.625,-28.75,565.7581348340764,fall_sitting,fall,6,real_hardware
30.215,-0.255,-0.974,0.55,-4.5,8.5,-33.625,565.7531435497106,fall_sitting,fall,6,real_hardware
30.22,-0.216,-0.941,0.542,-8.5,2.25,-29.625,565.7581348340764,fall_sitting,fall,6,real_hardware
30.225,-0.183,-0.892,0.513,-8.125,8.5,-24.75,565.7531435497106,fall_sitting,fall,6,real_hardware
30.23,-0.154,-0.849,0.472,-14.375,-0.25,-27.25,565.7531435497106,fall_sitting,fall,6,real_hardware
30.235,-0.132,-0.806,0.419,-7.75,7.0,-26.625,565.7531435497106,fall_sitting,fall,6,real_hardware
30.24,-0.123,-0.789,0.375,-14.5,8.375,-17.625,565.743161146769,fall_sitting,fall,6,real_hardware
30.245,-0.146,-0.777,0.359,-13.625,13.625,-17.875,565.743161146769,fall_sitting,fall,6,real_hardware
30.25,-0.158,-0.771,0.353,-10.875,20.375,-14.375,565.743161146769,fall_sitting,fall,6,real_hardware
30.255,-0.166,-0.761,0.349,-14.5,13.75,-16.125,565.743161146769,fall_sitting,fall,6,real_hardware
30.26,-0.175,-0.759,0.371,-9.625,12.25,-16.125,565.7276737309808,fall_sitting,fall,6,real_hardware
30.265,-0.189,-0.771,0.384,-14.0,19.5,-5.25,565.7326647682345,fall_sitting,fall,6,real_hardware
30.27,-0.203,-0.787,0.394,-4.5,16.875,-12.25,565.7221681803035,fall_sitting,fall,6,real_hardware
30.275,-0.208,-0.804,0.412,-5.125,7.625,-6.625,565.7221681803035,fall_sitting,fall,6,real_hardware
30.28,-0.216,-0.82,0.437,-3.0,12.25,-9.125,565.7271591914927,fall_sitting,fall,6,real_hardware
30.285,-0.212,-0.83,0.458,2.25,6.75,-3.5,565.7426470085275,fall_sitting,fall,6,real_hardware
30.29,-0.212,-0.859,0.476,-10.625,7.0,-5.0,565.7426470085275,fall_sitting,fall,6,real_hardware
30.295,-0.214,-0.875,0.482,-5.625,6.75,-2.375,565.7426470085275,fall_sitting,fall,6,real_hardware
30.3,-0.205,-0.888,0.478,-5.0,8.0,-10.25,565.7426470085275,fall_sitting,fall,6,real_hardware
30.305,-0.201,-0.886,0.47,-12.0,2.5,-2.5,565.7426470085275,fall_sitting,fall,6,real_hardware
30.31,-0.181,-0.896,0.476,-10.5,-1.0,-1.75,565.7426470085275,fall_sitting,fall,6,real_hardware
30.315,-0.173,-0.902,0.458,-11.25,-3.0,1.125,565.7376558607499,fall_sitting,fall,6,real_hardware
30.32,-0.162,-0.9,0.443,-14.625,-9.75,-8.125,565.7376558607499,fall_sitting,fall,6,real_hardware
30.325,-0.158,-0.896,0.437,-16.25,-3.625,-2.75,565.7376558607499,fall_sitting,fall,6,real_hardware
30.33,-0.14,-0.88,0.421,-12.5,-4.5,-6.625,565.7376558607499,fall_sitting,fall,6,real_hardware
30.335,-0.128,-0.871,0.429,-14.25,-6.625,-4.5,565.7376558607499,fall_sitting,fall,6,real_hardware
30.34,-0.115,-0.855,0.435,-14.0,-16.125,3.875,565.7376558607499,fall_sitting,fall,6,real_hardware
30.345,-0.103,-0.833,0.453,-13.75,-16.25,4.0,565.7221681803035,fall_sitting,fall,6,real_hardware
30.35,-0.091,-0.835,0.464,-14.75,-28.0,14.625,565.7221681803035,fall_sitting,fall,6,real_hardware
30.355,-0.093,-0.847,0.468,-10.75,-29.0,10.125,565.7221681803035,fall_sitting,fall,6,real_hardware
30.36,-0.121,-0.875,0.451,-11.5,-31.75,8.625,565.7221681803035,fall_sitting,fall,6,real_hardware
30.365,-0.156,-0.894,0.429,-17.75,-22.75,7.0,565.7221681803035,fall_sitting,fall,6,real_hardware
30.37,-0.185,-0.906,0.419,-6.5,-22.75,0.125,565.7221681803035,fall_sitting,fall,6,real_hardware
30.375,-0.212,-0.917,0.431,-5.5,-35.25,5.0,565.7221681803035,fall_sitting,fall,6,real_hardware
30.38,-0.218,-0.921,0.433,-24.5,-30.625,15.625,565.7221681803035,fall_sitting,fall,6,real_hardware
30.385,-0.22,-0.929,0.457,-11.625,-31.75,8.875,565.7221681803035,fall_sitting,fall,6,real_hardware
30.39,-0.218,-0.919,0.47,-14.125,-30.125,12.375,565.7221681803035,fall_sitting,fall,6,real_hardware
30.395,-0.216,-0.923,0.474,-23.0,-37.0,16.25,565.7221681803035,fall_sitting,fall,6,real_hardware
30.4,-0.207,-0.904,0.47,-18.375,-35.125,11.75,565.7326647682345,fall_sitting,fall,6,real_hardware
30.405,-0.191,-0.892,0.464,-16.875,-36.5,17.375,565.7221681803035,fall_sitting,fall,6,real_hardware
30.41,-0.191,-0.88,0.458,-14.25,-33.625,15.75,565.7376558607499,fall_sitting,fall,6,real_hardware
30.415,-0.169,-0.876,0.455,-15.0,-36.0,14.625,565.717177224375,fall_sitting,fall,6,real_hardware
30.42,-0.156,-0.871,0.453,-15.5,-31.25,10.125,565.717177224375,fall_sitting,fall,6,real_hardware
30.425,-0.146,-0.869,0.455,-10.5,-34.25,19.5,565.717177224375,fall_sitting,fall,6,real_hardware
30.43,-0.136,-0.849,0.453,-13.125,-45.75,24.375,565.7326647682345,fall_sitting,fall,6,real_hardware
30.435,-0.125,-0.833,0.451,-14.125,-29.625,26.625,565.7326647682345,fall_sitting,fall,6,real_hardware
30.44,-0.125,-0.812,0.445,-19.25,-39.625,28.375,565.7326647682345,fall_sitting,fall,6,real_hardware
30.445,-0.13,-0.791,0.439,-18.25,-40.25,25.375,565.7326647682345,fall_sitting,fall,6,real_hardware
30.45,-0.132,-0.773,0.437,-15.25,-44.375,23.125,565.7326647682345,fall_sitting,fall,6,real_hardware
30.455,-0.142,-0.765,0.417,-8.625,-39.75,27.125,565.7121863237065,fall_sitting,fall,6,real_hardware
30.46,-0.154,-0.757,0.421,-17.125,-43.875,32.0,565.6872326492536,fall_sitting,fall,6,real_hardware
30.465,-0.166,-0.765,0.414,-4.125,-49.75,37.0,565.6872326492536,fall_sitting,fall,6,real_hardware
30.47,-0.191,-0.781,0.41,-2.125,-43.25,26.5,565.6822420801375,fall_sitting,fall,6,real_hardware
30.475,-0.197,-0.794,0.408,7.375,-43.375,19.625,565.676736421194,fall_sitting,fall,6,real_hardware
30.48,-0.207,-0.814,0.421,0.125,-51.25,30.75,565.697213953259,fall_sitting,fall,6,real_hardware
30.485,-0.216,-0.832,0.431,12.625,-50.75,35.0,565.7022046881491,fall_sitting,fall,6,real_hardware
30.49,-0.222,-0.853,0.439,4.75,-51.625,27.0,565.7071954782982,fall_sitting,fall,6,real_hardware
30.495,-0.234,-0.875,0.439,0.625,-47.625,30.75,565.7071954782982,fall_sitting,fall,6,real_hardware
30.5,-0.238,-0.894,0.441,4.0,-44.375,29.125,565.7071954782982,fall_sitting,fall,6,real_hardware
30.505,-0.25,-0.892,0.439,-0.625,-48.875,26.875,565.7121863237065,fall_sitting,fall,6,real_hardware
30.51,-0.275,-0.894,0.425,-7.375,-45.25,23.875,565.6966989249461,fall_sitting,fall,6,real_hardware
30.515,-0.291,-0.878,0.427,-3.5,-43.875,17.75,565.6966989249461,fall_sitting,fall,6,real_hardware
30.52,-0.294,-0.865,0.419,-7.625,-38.625,22.5,565.6966989249461,fall_sitting,fall,6,real_hardware
30.525,-0.267,-0.841,0.419,-7.5,-43.5,19.0,565.6917082161216,fall_sitting,fall,6,real_hardware
30.53,-0.232,-0.83,0.431,-0.375,-37.375,27.75,565.6917082161216,fall_sitting,fall,6,real_hardware
30.535,-0.203,-0.822,0.433,-8.375,-45.0,25.75,565.681726964246,fall_sitting,fall,6,real_hardware
30.54,-0.162,-0.83,0.449,-6.875,-35.5,29.875,565.697213953259,fall_sitting,fall,6,real_hardware
30.545,-0.126,-0.828,0.466,-10.875,-41.25,23.375,565.7022046881491,fall_sitting,fall,6,real_hardware
30.55,-0.103,-0.826,0.468,-10.125,-50.875,19.375,565.7226827489884,fall_sitting,fall,6,real_hardware
30.555,-0.082,-0.828,0.468,-3.5,-48.5,22.0,565.7071954782982,fall_sitting,fall,6,real_hardware
30.56,-0.08,-0.843,0.464,-12.875,-45.5,24.125,565.686717562555,fall_sitting,fall,6,real_hardware
30.565,-0.058,-0.855,0.462,6.875,-47.75,19.375,565.686717562555,fall_sitting,fall,6,real_hardware
30.57,-0.062,-0.876,0.472,-11.875,-52.875,21.625,565.7022046881491,fall_sitting,fall,6,real_hardware
30.575,-0.087,-0.888,0.47,-16.625,-49.75,19.375,565.7071954782982,fall_sitting,fall,6,real_hardware
30.58,-0.125,-0.89,0.458,-7.625,-55.0,15.75,565.6917082161216,fall_sitting,fall,6,real_hardware
30.585,-0.136,-0.871,0.443,-14.625,-51.5,16.375,565.7071954782982,fall_sitting,fall,6,real_hardware
30.59,-0.144,-0.861,0.431,-14.0,-51.875,21.75,565.7071954782982,fall_sitting,fall,6,real_hardware
30.595,-0.158,-0.855,0.414,-15.0,-57.375,17.25,565.7071954782982,fall_sitting,fall,6,real_hardware
30.6,-0.189,-0.861,0.375,-26.625,-58.375,22.125,565.7071954782982,fall_sitting,fall,6,real_hardware
30.605,-0.218,-0.853,0.357,-22.375,-49.75,9.25,565.7071954782982,fall_sitting,fall,6,real_hardware
30.61,-0.234,-0.853,0.322,-25.0,-57.875,14.125,565.7071954782982,fall_sitting,fall,6,real_hardware
30.615,-0.246,-0.859,0.306,-26.75,-44.875,9.375,565.7276737309808,fall_sitting,fall,6,real_hardware
30.62,-0.246,-0.869,0.308,-27.75,-47.875,9.125,565.7121863237065,fall_sitting,fall,6,real_hardware
30.625,-0.234,-0.859,0.318,-24.125,-45.625,13.875,565.7121863237065,fall_sitting,fall,6,real_hardware
30.63,-0.214,-0.857,0.326,-22.5,-45.0,5.625,565.7121863237065,fall_sitting,fall,6,real_hardware
30.635,-0.197,-0.847,0.339,-28.125,-46.375,11.625,565.7121863237065,fall_sitting,fall,6,real_hardware
30.64,-0.173,-0.845,0.333,-17.5,-46.625,14.5,565.7121863237065,fall_sitting,fall,6,real_hardware
30.645,-0.162,-0.837,0.351,-19.375,-39.5,14.75,565.7121863237065,fall_sitting,fall,6,real_hardware
30.65,-0.138,-0.824,0.347,-33.625,-43.5,13.25,565.717177224375,fall_sitting,fall,6,real_hardware
30.655,-0.125,-0.812,0.353,-20.5,-40.875,17.75,565.7016896890292,fall_sitting,fall,6,real_hardware
30.66,-0.121,-0.789,0.359,-22.5,-46.0,17.75,565.6966989249461,fall_sitting,fall,6,real_hardware
30.665,-0.115,-0.767,0.369,-17.625,-50.25,13.375,565.7016896890292,fall_sitting,fall,6,real_hardware
30.67,-0.117,-0.755,0.365,-19.0,-47.375,12.25,565.7016896890292,fall_sitting,fall,6,real_hardware
30.675,-0.113,-0.738,0.365,-16.5,-39.5,9.0,565.7016896890292,fall_sitting,fall,6,real_hardware
30.68,-0.115,-0.724,0.363,-17.625,-43.5,16.0,565.7016896890292,fall_sitting,fall,6,real_hardware
30.685,-0.109,-0.714,0.345,-16.875,-32.375,15.25,565.7066805083712,fall_sitting,fall,6,real_hardware
30.69,-0.103,-0.705,0.337,-11.5,-37.0,22.375,565.7221681803035,fall_sitting,fall,6,real_hardware
30.695,-0.107,-0.707,0.333,-15.5,-36.625,20.5,565.7221681803035,fall_sitting,fall,6,real_hardware
30.7,-0.117,-0.699,0.335,-20.25,-44.625,21.0,565.7221681803035,fall_sitting,fall,6,real_hardware
30.705,-0.125,-0.667,0.353,-9.625,-45.75,18.625,565.7221681803035,fall_sitting,fall,6,real_hardware
30.71,-0.13,-0.636,0.357,-18.0,-30.5,25.125,565.7066805083712,fall_sitting,fall,6,real_hardware
30.715,-0.162,-0.617,0.347,-21.5,-30.625,27.0,565.7016896890292,fall_sitting,fall,6,real_hardware
30.72,-0.191,-0.619,0.349,-14.5,-33.25,23.125,565.6966989249461,fall_sitting,fall,6,real_hardware
30.725,-0.22,-0.625,0.341,-15.125,-24.25,12.875,565.6966989249461,fall_sitting,fall,6,real_hardware
30.73,-0.242,-0.652,0.351,-10.5,-24.25,13.375,565.6966989249461,fall_sitting,fall,6,real_hardware
30.735,-0.253,-0.654,0.363,-15.75,-28.375,14.25,565.6917082161216,fall_sitting,fall,6,real_hardware
30.74,-0.273,-0.656,0.375,-10.375,-28.125,16.25,565.6917082161216,fall_sitting,fall,6,real_hardware
30.745,-0.287,-0.664,0.38,-7.5,-22.75,11.0,565.6917082161216,fall_sitting,fall,6,real_hardware
30.75,-0.308,-0.677,0.386,-14.25,-21.625,11.75,565.6917082161216,fall_sitting,fall,6,real_hardware
30.755,-0.332,-0.687,0.382,-24.25,-21.75,0.0,565.6917082161216,fall_sitting,fall,6,real_hardware
30.76,-0.363,-0.699,0.38,-22.375,-6.125,0.125,565.6917082161216,fall_sitting,fall,6,real_hardware
30.765,-0.386,-0.703,0.373,-21.25,-10.0,-0.375,565.6966989249461,fall_sitting,fall,6,real_hardware
30.77,-0.423,-0.707,0.359,-26.5,-8.0,4.0,565.7121863237065,fall_sitting,fall,6,real_hardware
30.775,-0.449,-0.707,0.339,-28.875,2.5,1.875,565.7121863237065,fall_sitting,fall,6,real_hardware
30.78,-0.466,-0.712,0.333,-38.5,8.0,5.625,565.6966989249461,fall_sitting,fall,6,real_hardware
30.785,-0.478,-0.72,0.332,-30.375,14.25,11.25,565.7121863237065,fall_sitting,fall,6,real_hardware
30.79,-0.474,-0.728,0.332,-37.375,18.5,2.25,565.7121863237065,fall_sitting,fall,6,real_hardware
30.795,-0.46,-0.75,0.32,-36.75,11.625,8.125,565.7121863237065,fall_sitting,fall,6,real_hardware
30.8,-0.431,-0.765,0.3,-53.625,16.25,8.75,565.7121863237065,fall_sitting,fall,6,real_hardware
30.805,-0.392,-0.8,0.277,-52.0,12.75,-4.25,565.717177224375,fall_sitting,fall,6,real_hardware
30.81,-0.335,-0.869,0.244,-64.125,6.375,10.875,565.7326647682345,fall_sitting,fall,6,real_hardware
30.815,-0.292,-0.914,0.207,-57.875,11.125,1.625,565.717177224375,fall_sitting,fall,6,real_hardware
30.82,-0.244,-0.951,0.195,-69.0,-0.5,-4.0,565.717177224375,fall_sitting,fall,6,real_hardware
30.825,-0.207,-0.974,0.187,-75.125,-1.375,6.75,565.717177224375,fall_sitting,fall,6,real_hardware
30.83,-0.162,-0.978,0.167,-79.125,-5.5,-2.5,565.717177224375,fall_sitting,fall,6,real_hardware
30.835,-0.144,-0.974,0.142,-84.375,-2.75,0.5,565.717177224375,fall_sitting,fall,6,real_hardware
30.84,-0.115,-0.988,0.103,-91.75,-9.0,-1.375,565.717177224375,fall_sitting,fall,6,real_hardware
30.845,-0.078,-0.97,0.087,-90.875,-10.875,-1.875,565.7221681803035,fall_sitting,fall,6,real_hardware
30.85,-0.066,-0.96,0.056,-93.5,-11.875,-1.875,565.7221681803035,fall_sitting,fall,6,real_hardware
30.855,-0.076,-0.925,0.003,-89.375,-12.625,-4.625,565.7221681803035,fall_sitting,fall,6,real_hardware
30.86,-0.103,-0.91,-0.041,-90.0,-18.25,-1.875,565.7221681803035,fall_sitting,fall,6,real_hardware
30.865,-0.132,-0.9,-0.082,-87.125,-13.75,-12.25,565.7221681803035,fall_sitting,fall,6,real_hardware
30.87,-0.181,-0.89,-0.123,-83.875,-10.25,-3.625,565.7221681803035,fall_sitting,fall,6,real_hardware
30.875,-0.212,-0.865,-0.164,-71.125,-15.0,-8.875,565.7221681803035,fall_sitting,fall,6,real_hardware
30.88,-0.236,-0.833,-0.207,-71.375,-19.625,-3.0,565.7221681803035,fall_sitting,fall,6,real_hardware
30.885,-0.255,-0.81,-0.228,-66.0,-16.875,6.75,565.7221681803035,fall_sitting,fall,6,real_hardware
30.89,-0.267,-0.794,-0.244,-56.625,-20.625,-0.5,565.7221681803035,fall_sitting,fall,6,real_hardware
30.895,-0.291,-0.757,-0.22,-50.875,-24.75,-0.25,565.7221681803035,fall_sitting,fall,6,real_hardware
30.9,-0.3,-0.73,-0.164,-54.75,-19.75,7.0,565.7221681803035,fall_sitting,fall,6,real_hardware
30.905,-0.283,-0.708,-0.121,-42.5,-19.875,-3.125,565.7271591914927,fall_sitting,fall,6,real_hardware
30.91,-0.263,-0.697,-0.087,-36.25,-24.625,-1.5,565.7271591914927,fall_sitting,fall,6,real_hardware
30.915,-0.246,-0.703,-0.046,-29.625,-24.25,-8.875,565.7116713829723,fall_sitting,fall,6,real_hardware
30.92,-0.232,-0.751,0.0,-21.0,-27.625,0.5,565.7116713829723,fall_sitting,fall,6,real_hardware
30.925,-0.216,-0.841,0.042,-14.625,-22.75,-5.75,565.7116713829723,fall_sitting,fall,6,real_hardware
30.93,-0.205,-0.914,0.087,-20.375,-9.375,2.75,565.7221681803035,fall_sitting,fall,6,real_hardware
30.935,-0.191,-0.951,0.126,-18.625,-6.875,-0.125,565.7221681803035,fall_sitting,fall,6,real_hardware
30.94,-0.195,-0.957,0.146,-14.125,-2.0,1.125,565.7066805083712,fall_sitting,fall,6,real_hardware
30.945,-0.207,-0.966,0.167,-14.625,0.625,-5.125,565.7066805083712,fall_sitting,fall,6,real_hardware
30.95,-0.212,-0.974,0.183,-18.75,-0.875,-6.25,565.7066805083712,fall_sitting,fall,6,real_hardware
30.955,-0.224,-0.974,0.177,-15.625,4.5,-10.75,565.7066805083712,fall_sitting,fall,6,real_hardware
30.96,-0.253,-0.976,0.148,-17.125,12.125,-7.375,565.7016896890292,fall_sitting,fall,6,real_hardware
30.965,-0.285,-0.978,0.113,-13.375,12.625,-1.625,565.7016896890292,fall_sitting,fall,6,real_hardware
30.97,-0.3,-0.972,0.091,-21.25,12.375,-1.25,565.6812115346997,fall_sitting,fall,6,real_hardware
30.975,-0.314,-0.945,0.091,-11.25,10.25,-4.75,565.6966989249461,fall_sitting,fall,6,real_hardware
30.98,-0.302,-0.937,0.109,-18.375,11.375,-0.375,565.6812115346997,fall_sitting,fall,6,real_hardware
30.985,-0.287,-0.958,0.146,-16.625,16.0,-14.875,565.6812115346997,fall_sitting,fall,6,real_hardware
30.99,-0.246,-1.007,0.193,-14.25,13.25,-6.375,565.6917082161216,fall_sitting,fall,6,real_hardware
30.995,-0.222,-1.091,0.21,-25.0,13.75,-4.25,565.6812115346997,fall_sitting,fall,6,real_hardware
31.0,-0.156,-1.171,0.255,-30.375,18.625,-6.5,565.6812115346997,fall_sitting,fall,6,real_hardware
31.005,-0.101,-1.205,0.265,-39.875,19.625,-17.875,565.6812115346997,fall_sitting,fall,6,real_hardware
31.01,-0.025,-1.189,0.289,-52.625,9.625,-4.75,565.6812115346997,fall_sitting,fall,6,real_hardware
31.015,0.042,-1.107,0.291,-53.25,9.125,-9.125,565.6812115346997,fall_sitting,fall,6,real_hardware
31.02,0.089,-0.996,0.253,-51.0,10.375,2.375,565.6862021621976,fall_sitting,fall,6,real_hardware
31.025,0.16,-0.841,0.199,-39.625,6.25,12.75,565.6657241529671,fall_sitting,fall,6,real_hardware
31.03,0.238,-0.708,0.14,-28.75,-11.5,6.875,565.6707146438802,fall_sitting,fall,6,real_hardware
31.035,0.236,-0.619,0.031,-18.875,-10.375,14.625,565.6707146438802,fall_sitting,fall,6,real_hardware
31.04,0.222,-0.572,-0.076,-16.625,-15.625,21.375,565.6552271340767,fall_sitting,fall,6,real_hardware
31.045,0.146,-0.601,-0.166,9.75,-23.0,20.375,565.6552271340767,fall_sitting,fall,6,real_hardware
31.05,0.037,-0.681,-0.222,9.125,-27.875,23.5,565.6552271340767,fall_sitting,fall,6,real_hardware
31.055,-0.08,-0.884,-0.187,17.75,-26.625,16.875,565.6707146438802,fall_sitting,fall,6,real_hardware
31.06,-0.175,-1.052,-0.13,4.875,-25.375,28.75,565.6552271340767,fall_sitting,fall,6,real_hardware
31.065,-0.226,-1.144,-0.082,3.375,-36.375,25.0,565.644729905784,fall_sitting,fall,6,real_hardware
31.07,-0.216,-1.115,0.007,-2.0,-22.75,32.25,565.644729905784,fall_sitting,fall,6,real_hardware
31.075,-0.191,-0.99,0.142,5.375,-31.75,32.5,565.644729905784,fall_sitting,fall,6,real_hardware
31.08,-0.152,-0.832,0.216,3.5,-26.375,27.375,565.6292422764227,fall_sitting,fall,6,real_hardware
31.085,-0.111,-0.693,0.275,7.125,-37.0,25.0,565.6292422764227,fall_sitting,fall,6,real_hardware
31.09,-0.058,-0.535,0.279,11.625,-42.375,36.125,565.6292422764227,fall_sitting,fall,6,real_hardware
31.095,-0.039,-0.406,0.236,11.875,-47.25,42.75,565.6292422764227,fall_sitting,fall,6,real_hardware
31.1,-0.013,-0.296,0.173,25.75,-43.5,35.0,565.6292422764227,fall_sitting,fall,6,real_hardware
31.105,0.011,-0.246,0.078,29.875,-59.625,44.25,565.634232468086,fall_sitting,fall,6,real_hardware
31.11,0.025,-0.23,-0.021,47.375,-56.875,39.125,565.6497202340346,fall_sitting,fall,6,real_hardware
31.115,0.023,-0.23,-0.07,57.0,-55.0,40.0,565.634232468086,fall_sitting,fall,6,real_hardware
31.12,0.005,-0.287,-0.064,58.625,-51.375,35.375,565.6292422764227,fall_sitting,fall,6,real_hardware
31.125,-0.027,-0.353,-0.046,63.875,-58.25,43.875,565.6292422764227,fall_sitting,fall,6,real_hardware
31.13,-0.078,-0.41,0.007,65.25,-52.75,44.75,565.6292422764227,fall_sitting,fall,6,real_hardware
31.135,-0.134,-0.453,0.091,69.625,-52.75,44.125,565.6292422764227,fall_sitting,fall,6,real_hardware
31.14,-0.21,-0.494,0.183,75.25,-47.125,46.125,565.644729905784,fall_sitting,fall,6,real_hardware
31.145,-0.244,-0.515,0.193,67.875,-39.875,50.25,565.6292422764227,fall_sitting,fall,6,real_hardware
31.15,-0.271,-0.515,0.193,70.5,-38.25,39.625,565.634232468086,fall_sitting,fall,6,real_hardware
31.155,-0.294,-0.501,0.191,71.625,-32.125,47.5,565.634232468086,fall_sitting,fall,6,real_hardware
31.16,-0.312,-0.498,0.175,78.625,-27.5,48.0,565.634232468086,fall_sitting,fall,6,real_hardware
31.165,-0.308,-0.496,0.146,88.0,-25.875,42.5,565.6292422764227,fall_sitting,fall,6,real_hardware
31.17,-0.291,-0.488,0.138,90.0,-26.125,41.125,565.6497202340346,fall_sitting,fall,6,real_hardware
31.175,-0.275,-0.468,0.169,99.25,-24.125,30.625,565.634232468086,fall_sitting,fall,6,real_hardware
31.18,-0.3,-0.47,0.244,106.625,-23.25,31.5,565.6497202340346,fall_sitting,fall,6,real_hardware
31.185,-0.361,-0.488,0.408,123.625,-21.625,21.5,565.644729905784,fall_sitting,fall,6,real_hardware
31.19,-0.457,-0.5,0.66,128.875,-37.0,32.125,565.6497202340346,fall_sitting,fall,6,real_hardware
31.195,-0.595,-0.521,1.093,151.0,-38.625,22.5,565.644729905784,fall_sitting,fall,6,real_hardware
31.2,-0.785,-0.585,1.808,167.5,-44.25,12.125,565.6602175436594,fall_sitting,fall,6,real_hardware
31.205,-1.078,-0.724,2.921,198.0,-65.75,16.375,565.6552271340767,fall_sitting,fall,6,real_hardware
31.21,-1.535,-1.298,4.097,216.375,-59.25,17.625,565.6502367797484,fall_sitting,fall,6,real_hardware
31.215,-1.566,-2.937,4.203,200.375,-23.375,17.5,565.6502367797484,fall_sitting,fall,6,real_hardware
31.22,-1.199,-5.349,2.925,183.875,18.125,24.25,565.6552271340767,fall_sitting,fall,6,real_hardware
31.225,-1.279,-4.908,2.419,146.75,56.25,27.0,565.6397396327873,fall_sitting,fall,6,real_hardware
31.23,-1.363,-4.041,2.15,79.5,85.5,28.5,565.6292422764227,fall_sitting,fall,6,real_hardware
31.235,-1.205,-3.603,1.865,9.5,125.0,37.125,565.6292422764227,fall_sitting,fall,6,real_hardware
31.24,-0.857,-3.046,1.531,-20.25,117.0,36.25,565.6137546555757,fall_sitting,fall,6,real_hardware
31.245,-0.521,-2.529,1.111,-30.75,100.625,27.625,565.6137546555757,fall_sitting,fall,6,real_hardware
31.25,-0.281,-2.164,0.72,-41.25,87.5,13.5,565.6137546555757,fall_sitting,fall,6,real_hardware
31.255,-0.207,-1.822,0.443,-55.875,74.25,4.625,565.5982670432429,fall_sitting,fall,6,real_hardware
31.26,-0.244,-1.496,0.197,-59.125,60.5,9.0,565.6137546555757,fall_sitting,fall,6,real_hardware
31.265,-0.345,-1.0,0.083,-52.375,39.75,-1.75,565.5982670432429,fall_sitting,fall,6,real_hardware
31.27,-0.371,-0.667,0.107,-31.5,18.375,3.625,565.6137546555757,fall_sitting,fall,6,real_hardware
31.275,-0.33,-0.488,0.179,-25.125,4.875,-3.125,565.6137546555757,fall_sitting,fall,6,real_hardware
31.28,-0.269,-0.441,0.193,-7.875,-3.75,2.75,565.6187447106518,fall_sitting,fall,6,real_hardware
31.285,-0.15,-0.478,0.212,9.125,-21.875,2.375,565.6187447106518,fall_sitting,fall,6,real_hardware
31.29,-0.052,-0.533,0.187,29.75,-34.0,17.5,565.6187447106518,fall_sitting,fall,6,real_hardware
31.295,-0.005,-0.605,0.107,47.125,-53.25,25.375,565.6137546555757,fall_sitting,fall,6,real_hardware
31.3,0.001,-0.656,0.035,69.5,-53.25,24.875,565.6137546555757,fall_sitting,fall,6,real_hardware
31.305,0.021,-0.623,0.109,101.375,-55.625,33.125,565.6137546555757,fall_sitting,fall,6,real_hardware
31.31,0.023,-0.587,0.189,106.375,-72.875,46.875,565.6137546555757,fall_sitting,fall,6,real_hardware
31.315,0.015,-0.587,0.222,124.875,-69.375,47.25,565.6137546555757,fall_sitting,fall,6,real_hardware
31.32,-0.046,-0.644,0.269,129.375,-67.875,58.625,565.6187447106518,fall_sitting,fall,6,real_hardware
31.325,-0.162,-0.714,0.298,145.25,-55.0,48.25,565.6137546555757,fall_sitting,fall,6,real_hardware
31.33,-0.267,-0.777,0.339,123.5,-49.25,59.75,565.6292422764227,fall_sitting,fall,6,real_hardware
31.335,-0.378,-0.812,0.369,129.125,-44.25,55.25,565.644729905784,fall_sitting,fall,6,real_hardware
31.34,-0.455,-0.845,0.402,104.5,-31.125,72.375,565.644729905784,fall_sitting,fall,6,real_hardware
31.345,-0.523,-0.871,0.449,100.875,-11.625,55.75,565.644729905784,fall_sitting,fall,6,real_hardware
31.35,-0.554,-0.869,0.519,87.625,-7.375,53.625,565.6497202340346,fall_sitting,fall,6,real_hardware
31.355,-0.58,-0.853,0.576,68.5,-4.625,47.375,565.6652080084975,fall_sitting,fall,6,real_hardware
31.36,-0.582,-0.814,0.628,48.25,-2.375,34.0,565.6652080084975,fall_sitting,fall,6,real_hardware
31.365,-0.548,-0.767,0.636,20.875,-5.75,37.5,565.6652080084975,fall_sitting,fall,6,real_hardware
31.37,-0.521,-0.734,0.625,14.375,-0.625,30.0,565.6497202340346,fall_sitting,fall,6,real_hardware
31.375,-0.48,-0.677,0.597,11.875,4.875,26.5,565.6652080084975,fall_sitting,fall,6,real_hardware
31.38,-0.427,-0.623,0.542,1.125,9.5,19.75,565.6652080084975,fall_sitting,fall,6,real_hardware
31.385,-0.357,-0.558,0.488,0.5,-5.75,28.75,565.6602175436594,fall_sitting,fall,6,real_hardware
31.39,-0.322,-0.453,0.431,7.125,-5.375,22.75,565.675705190049,fall_sitting,fall,6,real_hardware
31.395,-0.312,-0.417,0.414,14.0,-15.75,22.5,565.6707146438802,fall_sitting,fall,6,real_hardware
31.4,-0.322,-0.386,0.416,15.375,-12.125,22.625,565.6557433369078,fall_sitting,fall,6,real_hardware
31.405,-0.343,-0.373,0.449,30.625,-9.0,8.125,565.6607337173099,fall_sitting,fall,6,real_hardware
31.41,-0.373,-0.369,0.494,47.75,-17.5,10.75,565.6607337173099,fall_sitting,fall,6,real_hardware
31.415,-0.4,-0.404,0.55,41.625,-20.375,13.0,565.6762209624588,fall_sitting,fall,6,real_hardware
31.42,-0.423,-0.447,0.615,48.75,-29.5,11.875,565.6762209624588,fall_sitting,fall,6,real_hardware
31.425,-0.445,-0.505,0.66,52.625,-22.875,14.625,565.6657241529671,fall_sitting,fall,6,real_hardware
31.43,-0.439,-0.566,0.728,46.125,-33.25,15.75,565.6812115346997,fall_sitting,fall,6,real_hardware
31.435,-0.423,-0.595,0.761,44.625,-39.125,12.75,565.6862021621976,fall_sitting,fall,6,real_hardware
31.44,-0.384,-0.613,0.804,53.5,-37.875,12.25,565.6862021621976,fall_sitting,fall,6,real_hardware
31.445,-0.337,-0.617,0.818,48.25,-51.0,10.875,565.6862021621976,fall_sitting,fall,6,real_hardware
31.45,-0.31,-0.609,0.832,56.5,-45.5,7.625,565.6812115346997,fall_sitting,fall,6,real_hardware
31.455,-0.285,-0.603,0.83,63.125,-48.75,14.0,565.6762209624588,fall_sitting,fall,6,real_hardware
31.46,-0.273,-0.601,0.833,59.125,-50.125,21.125,565.6762209624588,fall_sitting,fall,6,real_hardware
31.465,-0.261,-0.615,0.835,48.875,-51.125,21.25,565.6762209624588,fall_sitting,fall,6,real_hardware
31.47,-0.275,-0.636,0.826,62.25,-39.625,24.375,565.6966989249461,fall_sitting,fall,6,real_hardware
31.475,-0.298,-0.675,0.826,64.75,-31.375,27.75,565.6966989249461,fall_sitting,fall,6,real_hardware
31.48,-0.316,-0.701,0.804,61.625,-32.75,31.75,565.6812115346997,fall_sitting,fall,6,real_hardware
31.485,-0.341,-0.724,0.785,51.875,-25.0,23.125,565.6812115346997,fall_sitting,fall,6,real_hardware
31.49,-0.369,-0.732,0.767,47.875,-16.5,28.5,565.6812115346997,fall_sitting,fall,6,real_hardware
31.495,-0.386,-0.73,0.746,51.625,-16.625,31.125,565.6862021621976,fall_sitting,fall,6,real_hardware
31.5,-0.404,-0.712,0.722,47.75,-16.125,35.125,565.6862021621976,fall_sitting,fall,6,real_hardware
31.505,-0.416,-0.699,0.707,39.0,-12.375,33.5,565.6812115346997,fall_sitting,fall,6,real_hardware
31.51,-0.419,-0.669,0.677,41.5,-10.75,28.875,565.6862021621976,fall_sitting,fall,6,real_hardware
31.515,-0.437,-0.638,0.654,28.125,-10.75,24.125,565.6862021621976,fall_sitting,fall,6,real_hardware
31.52,-0.435,-0.625,0.636,35.5,-19.0,20.5,565.6862021621976,fall_sitting,fall,6,real_hardware
31.525,-0.441,-0.589,0.619,24.875,-6.625,26.5,565.6862021621976,fall_sitting,fall,6,real_hardware
31.53,-0.439,-0.566,0.609,35.25,-17.5,20.75,565.6862021621976,fall_sitting,fall,6,real_hardware
31.535,-0.447,-0.535,0.593,40.5,-9.375,12.625,565.6911928449531,fall_sitting,fall,6,real_hardware
31.54,-0.451,-0.513,0.583,39.375,-7.25,12.0,565.7066805083712,fall_sitting,fall,6,real_hardware
31.545,-0.458,-0.501,0.58,40.875,-1.0,9.625,565.6911928449531,fall_sitting,fall,6,real_hardware
31.55,-0.47,-0.496,0.576,43.125,-0.5,6.625,565.6911928449531,fall_sitting,fall,6,real_hardware
31.555,-0.468,-0.492,0.589,38.375,-7.25,10.125,565.6911928449531,fall_sitting,fall,6,real_hardware
31.56,-0.462,-0.486,0.593,41.5,-7.375,0.375,565.6911928449531,fall_sitting,fall,6,real_hardware
31.565,-0.457,-0.492,0.603,46.125,-10.5,4.5,565.6911928449531,fall_sitting,fall,6,real_hardware
31.57,-0.447,-0.503,0.607,42.875,-0.25,4.125,565.6911928449531,fall_sitting,fall,6,real_hardware
31.575,-0.439,-0.511,0.636,47.0,-10.125,2.375,565.6911928449531,fall_sitting,fall,6,real_hardware
31.58,-0.423,-0.531,0.652,49.0,-7.125,14.125,565.6911928449531,fall_sitting,fall,6,real_hardware
31.585,-0.421,-0.546,0.681,52.75,-4.0,1.125,565.6911928449531,fall_sitting,fall,6,real_hardware
31.59,-0.41,-0.556,0.699,58.625,-16.5,8.375,565.675705190049,fall_sitting,fall,6,real_hardware
31.595,-0.404,-0.564,0.718,56.25,-10.375,13.125,565.675705190049,fall_sitting,fall,6,real_hardware
31.6,-0.398,-0.578,0.738,56.25,-12.75,9.75,565.6862021621976,fall_sitting,fall,6,real_hardware
31.605,-0.392,-0.582,0.748,67.875,-15.375,6.625,565.6862021621976,fall_sitting,fall,6,real_hardware
31.61,-0.382,-0.583,0.738,59.25,-23.0,10.625,565.6862021621976,fall_sitting,fall,6,real_hardware
31.615,-0.378,-0.593,0.744,53.125,-22.375,14.25,565.6862021621976,fall_sitting,fall,6,real_hardware
31.62,-0.365,-0.593,0.736,61.625,-14.875,15.375,565.6862021621976,fall_sitting,fall,6,real_hardware
31.625,-0.363,-0.603,0.74,54.375,-14.625,21.375,565.6862021621976,fall_sitting,fall,6,real_hardware
31.63,-0.363,-0.611,0.732,55.0,-19.5,15.25,565.6862021621976,fall_sitting,fall,6,real_hardware
31.635,-0.361,-0.611,0.73,60.25,-20.625,18.0,565.6862021621976,fall_sitting,fall,6,real_hardware
31.64,-0.353,-0.617,0.728,65.0,-15.25,21.375,565.6862021621976,fall_sitting,fall,6,real_hardware
31.645,-0.353,-0.615,0.722,58.75,-9.375,15.25,565.675705190049,fall_sitting,fall,6,real_hardware
31.65,-0.357,-0.603,0.726,56.75,-13.5,22.0,565.6862021621976,fall_sitting,fall,6,real_hardware
31.655,-0.369,-0.585,0.714,53.5,-11.375,24.25,565.6862021621976,fall_sitting,fall,6,real_hardware
31.66,-0.373,-0.568,0.72,48.875,-17.25,18.625,565.6862021621976,fall_sitting,fall,6,real_hardware
31.665,-0.382,-0.535,0.72,61.375,-7.875,28.125,565.6862021621976,fall_sitting,fall,6,real_hardware
31.67,-0.404,-0.511,0.707,58.5,-21.625,36.625,565.6862021621976,fall_sitting,fall,6,real_hardware
31.675,-0.416,-0.488,0.693,55.5,-16.625,23.375,565.6812115346997,fall_sitting,fall,6,real_hardware
31.68,-0.433,-0.482,0.675,61.625,-18.0,26.0,565.6812115346997,fall_sitting,fall,6,real_hardware
31.685,-0.445,-0.47,0.666,65.0,-9.25,24.75,565.6812115346997,fall_sitting,fall,6,real_hardware
31.69,-0.466,-0.464,0.664,62.125,-12.5,31.125,565.6812115346997,fall_sitting,fall,6,real_hardware
31.695,-0.492,-0.458,0.662,56.0,-6.625,16.75,565.6762209624588,fall_sitting,fall,6,real_hardware
31.7,-0.513,-0.451,0.671,65.125,-11.75,19.75,565.6812115346997,fall_sitting,fall,6,real_hardware
31.705,-0.531,-0.449,0.683,69.375,-0.625,23.125,565.6662399837464,fall_sitting,fall,6,real_hardware
31.71,-0.548,-0.445,0.689,64.125,-11.0,21.375,565.6662399837464,fall_sitting,fall,6,real_hardware
31.715,-0.546,-0.447,0.707,64.375,-3.625,16.625,565.6717459333986,fall_sitting,fall,6,real_hardware
31.72,-0.529,-0.466,0.708,72.5,-3.375,23.875,565.6512689300939,fall_sitting,fall,6,real_hardware
31.725,-0.5,-0.486,0.705,75.0,-3.625,26.125,565.661249577274,fall_sitting,fall,6,real_hardware
31.73,-0.474,-0.496,0.71,70.75,-12.875,31.0,565.6662399837464,fall_sitting,fall,6,real_hardware
31.735,-0.425,-0.519,0.708,82.375,-7.25,23.375,565.6712304454746,fall_sitting,fall,6,real_hardware
31.74,-0.375,-0.544,0.689,74.625,-9.625,30.75,565.6762209624588,fall_sitting,fall,6,real_hardware
31.745,-0.328,-0.556,0.687,77.5,-9.25,24.25,565.6812115346997,fall_sitting,fall,6,real_hardware
31.75,-0.275,-0.572,0.677,69.25,-14.75,32.375,565.6812115346997,fall_sitting,fall,6,real_hardware
31.755,-0.236,-0.582,0.664,71.5,-17.0,38.25,565.6657241529671,fall_sitting,fall,6,real_hardware
31.76,-0.197,-0.578,0.664,75.125,-28.5,32.875,565.6657241529671,fall_sitting,fall,6,real_hardware
31.765,-0.148,-0.562,0.667,70.25,-23.5,29.25,565.6657241529671,fall_sitting,fall,6,real_hardware
31.77,-0.128,-0.546,0.677,78.625,-38.0,35.0,565.6812115346997,fall_sitting,fall,6,real_hardware
31.775,-0.115,-0.509,0.677,68.25,-39.625,36.125,565.6812115346997,fall_sitting,fall,6,real_hardware
31.78,-0.111,-0.472,0.685,69.125,-43.125,38.25,565.6762209624588,fall_sitting,fall,6,real_hardware
31.785,-0.125,-0.437,0.677,66.875,-46.625,39.5,565.6762209624588,fall_sitting,fall,6,real_hardware
31.79,-0.134,-0.388,0.687,63.5,-46.875,43.5,565.6762209624588,fall_sitting,fall,6,real_hardware
31.795,-0.144,-0.351,0.677,78.375,-50.125,44.75,565.6762209624588,fall_sitting,fall,6,real_hardware
31.8,-0.166,-0.326,0.658,77.875,-56.0,43.5,565.6762209624588,fall_sitting,fall,6,real_hardware
31.805,-0.207,-0.31,0.642,72.875,-61.875,46.125,565.6762209624588,fall_sitting,fall,6,real_hardware
31.81,-0.24,-0.31,0.63,82.125,-68.5,45.125,565.6812115346997,fall_sitting,fall,6,real_hardware
31.815,-0.281,-0.318,0.621,88.5,-62.625,40.625,565.6812115346997,fall_sitting,fall,6,real_hardware
31.82,-0.308,-0.33,0.628,90.375,-73.0,52.0,565.6762209624588,fall_sitting,fall,6,real_hardware
31.825,-0.335,-0.332,0.63,81.25,-66.875,51.5,565.6812115346997,fall_sitting,fall,6,real_hardware
31.83,-0.347,-0.335,0.632,89.375,-68.25,44.5,565.6662399837464,fall_sitting,fall,6,real_hardware
31.835,-0.363,-0.343,0.634,88.25,-63.5,40.125,565.6457627418672,fall_sitting,fall,6,real_hardware
31.84,-0.367,-0.347,0.638,88.125,-82.375,59.5,565.6662399837464,fall_sitting,fall,6,real_hardware
31.845,-0.367,-0.353,0.65,92.625,-68.125,51.125,565.6712304454746,fall_sitting,fall,6,real_hardware
31.85,-0.363,-0.361,0.656,93.75,-68.75,49.0,565.6762209624588,fall_sitting,fall,6,real_hardware
31.855,-0.357,-0.365,0.667,92.5,-60.875,40.25,565.6762209624588,fall_sitting,fall,6,real_hardware
31.86,-0.343,-0.376,0.685,92.125,-68.25,53.125,565.6812115346997,fall_sitting,fall,6,real_hardware
31.865,-0.322,-0.39,0.683,91.75,-62.625,52.75,565.6862021621976,fall_sitting,fall,6,real_hardware
31.87,-0.312,-0.386,0.675,99.25,-60.125,42.75,565.6911928449531,fall_sitting,fall,6,real_hardware
31.875,-0.292,-0.369,0.662,93.125,-61.125,43.0,565.6911928449531,fall_sitting,fall,6,real_hardware
31.88,-0.292,-0.357,0.65,85.75,-63.5,49.125,565.675705190049,fall_sitting,fall,6,real_hardware
31.885,-0.285,-0.357,0.646,84.25,-67.25,45.125,565.675705190049,fall_sitting,fall,6,real_hardware
31.89,-0.281,-0.349,0.634,89.75,-65.625,45.125,565.675705190049,fall_sitting,fall,6,real_hardware
31.895,-0.279,-0.341,0.632,90.625,-66.5,42.125,565.675705190049,fall_sitting,fall,6,real_hardware
31.9,-0.277,-0.337,0.642,80.625,-70.5,44.0,565.6911928449531,fall_sitting,fall,6,real_hardware
31.905,-0.269,-0.341,0.652,94.125,-68.0,36.125,565.6911928449531,fall_sitting,fall,6,real_hardware
31.91,-0.251,-0.337,0.662,76.5,-71.0,51.25,565.6911928449531,fall_sitting,fall,6,real_hardware
31.915,-0.236,-0.322,0.667,74.875,-76.25,49.625,565.6911928449531,fall_sitting,fall,6,real_hardware
31.92,-0.22,-0.3,0.671,75.75,-77.625,46.75,565.675705190049,fall_sitting,fall,6,real_hardware
31.925,-0.207,-0.289,0.679,82.125,-71.5,40.125,565.6707146438802,fall_sitting,fall,6,real_hardware
31.93,-0.193,-0.257,0.652,65.75,-86.25,45.875,565.675705190049,fall_sitting,fall,6,real_hardware
31.935,-0.179,-0.224,0.634,70.75,-74.0,47.5,565.6911928449531,fall_sitting,fall,6,real_hardware
31.94,-0.167,-0.201,0.636,73.5,-85.25,39.0,565.6862021621976,fall_sitting,fall,6,real_hardware
31.945,-0.173,-0.201,0.638,73.0,-88.875,41.125,565.6862021621976,fall_sitting,fall,6,real_hardware
31.95,-0.179,-0.216,0.654,74.0,-86.625,44.125,565.6862021621976,fall_sitting,fall,6,real_hardware
31.955,-0.201,-0.218,0.656,78.25,-100.875,34.375,565.6862021621976,fall_sitting,fall,6,real_hardware
31.96,-0.222,-0.212,0.669,80.375,-103.5,36.75,565.6812115346997,fall_sitting,fall,6,real_hardware
31.965,-0.22,-0.22,0.683,74.25,-113.875,33.375,565.6762209624588,fall_sitting,fall,6,real_hardware
31.97,-0.193,-0.242,0.705,63.875,-121.75,43.75,565.6812115346997,fall_sitting,fall,6,real_hardware
31.975,-0.089,-0.275,0.728,57.25,-120.25,41.25,565.6812115346997,fall_sitting,fall,6,real_hardware
31.98,0.025,-0.318,0.751,56.5,-122.25,32.375,565.6862021621976,fall_sitting,fall,6,real_hardware
31.985,0.123,-0.341,0.792,50.375,-121.375,47.625,565.6862021621976,fall_sitting,fall,6,real_hardware
31.99,0.218,-0.326,0.88,51.5,-121.0,44.0,565.6862021621976,fall_sitting,fall,6,real_hardware
31.995,0.314,-0.281,1.011,49.5,-116.0,48.375,565.6862021621976,fall_sitting,fall,6,real_hardware
32.0,0.392,-0.222,1.158,35.0,-124.375,54.125,565.6911928449531,fall_sitting,fall,6,real_hardware
32.005,0.453,-0.181,1.279,23.0,-120.0,51.75,565.6911928449531,fall_sitting,fall,6,real_hardware
32.01,0.511,-0.128,1.382,12.25,-137.125,58.125,565.6911928449531,fall_sitting,fall,6,real_hardware
32.015,0.513,-0.011,1.457,3.25,-146.375,65.5,565.7066805083712,fall_sitting,fall,6,real_hardware
32.02,0.486,0.103,1.49,0.5,-157.75,68.375,565.7016896890292,fall_sitting,fall,6,real_hardware
32.025,0.447,0.226,1.476,-1.375,-174.375,75.5,565.7016896890292,fall_sitting,fall,6,real_hardware
32.03,0.417,0.382,1.427,-16.625,-165.25,66.0,565.7066805083712,fall_sitting,fall,6,real_hardware
32.035,0.382,0.494,1.333,-24.0,-177.75,80.0,565.6911928449531,fall_sitting,fall,6,real_hardware
32.04,0.351,0.572,1.24,-22.5,-169.75,77.625,565.7066805083712,fall_sitting,fall,6,real_hardware
32.045,0.306,0.613,1.154,-34.625,-171.25,77.625,565.7016896890292,fall_sitting,fall,6,real_hardware
32.05,0.189,0.65,1.042,-38.375,-161.875,72.875,565.7066805083712,fall_sitting,fall,6,real_hardware
32.055,0.037,0.724,0.976,-44.0,-156.75,72.5,565.7066805083712,fall_sitting,fall,6,real_hardware
32.06,-0.007,0.767,0.953,-38.625,-150.25,73.25,565.7066805083712,fall_sitting,fall,6,real_hardware
32.065,-0.074,0.804,0.921,-32.375,-157.25,74.5,565.7066805083712,fall_sitting,fall,6,real_hardware
32.07,-0.093,0.843,0.882,-17.75,-166.25,64.375,565.7066805083712,fall_sitting,fall,6,real_hardware
32.075,-0.064,0.839,0.865,-9.0,-174.75,66.625,565.7066805083712,fall_sitting,fall,6,real_hardware
32.08,-0.023,0.781,0.871,7.375,-165.5,65.625,565.7116713829723,fall_sitting,fall,6,real_hardware
32.085,0.019,0.677,0.878,29.5,-165.25,68.875,565.7116713829723,fall_sitting,fall,6,real_hardware
32.09,0.027,0.562,0.91,41.25,-172.25,75.125,565.7066805083712,fall_sitting,fall,6,real_hardware
32.095,0.103,0.416,0.941,49.75,-176.375,70.125,565.7221681803035,fall_sitting,fall,6,real_hardware
32.1,0.197,0.328,0.947,44.0,-170.125,60.25,565.7221681803035,fall_sitting,fall,6,real_hardware
32.105,0.291,0.275,0.941,39.25,-174.0,63.75,565.7221681803035,fall_sitting,fall,6,real_hardware
32.11,0.39,0.21,0.925,42.5,-167.5,58.75,565.7221681803035,fall_sitting,fall,6,real_hardware
32.115,0.476,0.171,0.97,41.875,-181.125,59.75,565.7221681803035,fall_sitting,fall,6,real_hardware
32.12,0.519,0.109,1.041,32.25,-176.25,58.125,565.7066805083712,fall_sitting,fall,6,real_hardware
32.125,0.562,0.042,1.138,24.625,-185.125,62.125,565.7221681803035,fall_sitting,fall,6,real_hardware
32.13,0.589,-0.046,1.207,11.25,-186.875,56.875,565.7221681803035,fall_sitting,fall,6,real_hardware
32.135,0.611,-0.044,1.265,0.25,-187.375,58.75,565.7376558607499,fall_sitting,fall,6,real_hardware
32.14,0.613,-0.027,1.271,-9.375,-196.375,61.625,565.7221681803035,fall_sitting,fall,6,real_hardware
32.145,0.578,0.025,1.267,-15.125,-187.625,60.25,565.7376558607499,fall_sitting,fall,6,real_hardware
32.15,0.537,0.078,1.234,-29.375,-196.625,55.875,565.717177224375,fall_sitting,fall,6,real_hardware
32.155,0.486,0.123,1.195,-26.375,-192.875,56.875,565.7221681803035,fall_sitting,fall,6,real_hardware
32.16,0.421,0.207,1.152,-29.75,-201.625,57.625,565.7376558607499,fall_sitting,fall,6,real_hardware
32.165,0.39,0.285,1.136,-31.125,-192.625,60.125,565.7376558607499,fall_sitting,fall,6,real_hardware
32.17,0.355,0.343,1.121,-20.5,-194.0,58.875,565.7376558607499,fall_sitting,fall,6,real_hardware
32.175,0.316,0.384,1.15,-23.5,-189.75,63.875,565.7376558607499,fall_sitting,fall,6,real_hardware
32.18,0.312,0.386,1.144,-18.125,-190.375,68.875,565.7376558607499,fall_sitting,fall,6,real_hardware
32.185,0.294,0.398,1.117,-10.75,-199.625,60.375,565.7376558607499,fall_sitting,fall,6,real_hardware
32.19,0.304,0.38,1.15,-5.125,-199.125,59.875,565.7326647682345,fall_sitting,fall,6,real_hardware
32.195,0.285,0.259,1.156,-1.375,-204.375,45.125,565.7326647682345,fall_sitting,fall,6,real_hardware
32.2,0.312,0.179,1.148,3.25,-206.75,32.125,565.7326647682345,fall_sitting,fall,6,real_hardware
32.205,0.308,0.111,1.144,-5.0,-205.5,20.25,565.743161146769,fall_sitting,fall,6,real_hardware
32.21,0.371,0.085,1.144,-2.375,-209.125,20.75,565.7536573159105,fall_sitting,fall,6,real_hardware
32.215,0.437,0.082,1.132,0.125,-188.375,8.375,565.7586485710713,fall_sitting,fall,6,real_hardware
32.22,0.474,0.097,1.066,7.375,-176.875,4.5,565.743161146769,fall_sitting,fall,6,real_hardware
32.225,0.523,0.111,1.025,1.875,-169.375,9.5,565.7481523206084,fall_sitting,fall,6,real_hardware
32.23,0.587,0.144,0.968,6.375,-161.5,6.375,565.743161146769,fall_sitting,fall,6,real_hardware
32.235,0.646,0.169,0.898,6.25,-168.75,5.625,565.743161146769,fall_sitting,fall,6,real_hardware
32.24,0.732,0.261,0.9,13.875,-166.75,-6.875,565.743161146769,fall_sitting,fall,6,real_hardware
32.245,0.841,0.31,0.906,29.625,-166.5,-11.375,565.7586485710713,fall_sitting,fall,6,real_hardware
32.25,0.955,0.33,0.912,32.5,-172.375,-7.125,565.7586485710713,fall_sitting,fall,6,real_hardware
32.255,1.078,0.302,0.941,29.0,-184.25,-13.375,565.7586485710713,fall_sitting,fall,6,real_hardware
32.26,1.248,0.279,0.988,22.625,-197.75,-11.75,565.7586485710713,fall_sitting,fall,6,real_hardware
32.265,1.451,0.23,0.972,39.0,-210.375,-11.375,565.7586485710713,fall_sitting,fall,6,real_hardware
32.27,1.505,0.134,1.035,40.125,-230.625,-6.0,565.7331789648782,fall_sitting,fall,6,real_hardware
32.275,1.628,0.083,1.076,53.375,-236.75,0.25,565.7486661160132,fall_sitting,fall,6,real_hardware
32.28,1.777,-0.011,1.037,42.0,-239.625,5.625,565.7331789648782,fall_sitting,fall,6,real_hardware
32.285,1.804,0.003,1.064,41.375,-252.625,7.25,565.7331789648782,fall_sitting,fall,6,real_hardware
32.29,1.777,0.05,1.115,36.625,-250.5,5.625,565.7381700281926,fall_sitting,fall,6,real_hardware
32.295,1.771,0.074,1.142,37.125,-236.875,20.625,565.7381700281926,fall_sitting,fall,6,real_hardware
32.3,1.802,0.105,1.087,29.875,-227.875,31.375,565.7381700281926,fall_sitting,fall,6,real_hardware
32.305,1.802,0.08,1.031,27.25,-211.75,36.75,565.7381700281926,fall_sitting,fall,6,real_hardware
32.31,1.796,0.048,0.955,13.625,-211.25,57.0,565.7331789648782,fall_sitting,fall,6,real_hardware
32.315,1.789,0.023,0.847,15.125,-200.625,49.125,565.7176918222569,fall_sitting,fall,6,real_hardware
32.32,1.72,0.039,0.73,12.75,-200.75,51.875,565.7176918222569,fall_sitting,fall,6,real_hardware
32.325,1.58,0.031,0.605,2.875,-189.25,66.375,565.7176918222569,fall_sitting,fall,6,real_hardware
32.33,1.423,0.109,0.509,-8.25,-172.5,73.625,565.7331789648782,fall_sitting,fall,6,real_hardware
32.335,1.289,0.117,0.429,-6.125,-174.125,72.375,565.7331789648782,fall_sitting,fall,6,real_hardware
32.34,1.156,0.107,0.351,8.25,-158.25,66.25,565.7331789648782,fall_sitting,fall,6,real_hardware
32.345,1.066,0.07,0.279,8.625,-144.0,78.25,565.7331789648782,fall_sitting,fall,6,real_hardware
32.35,1.0,0.029,0.234,12.25,-151.25,92.5,565.7331789648782,fall_sitting,fall,6,real_hardware
32.355,0.9,0.025,0.232,1.0,-140.0,91.375,565.7331789648782,fall_sitting,fall,6,real_hardware
32.36,0.798,-0.007,0.203,3.5,-133.75,89.5,565.7176918222569,fall_sitting,fall,6,real_hardware
32.365,0.708,-0.031,0.191,-6.375,-117.0,83.875,565.7176918222569,fall_sitting,fall,6,real_hardware
32.37,0.628,-0.068,0.171,-7.5,-116.75,86.125,565.7176918222569,fall_sitting,fall,6,real_hardware
32.375,0.605,-0.103,0.087,-17.0,-118.625,85.75,565.7176918222569,fall_sitting,fall,6,real_hardware
32.38,0.55,-0.117,0.009,-23.625,-113.5,76.75,565.7176918222569,fall_sitting,fall,6,real_hardware
32.385,0.558,-0.113,-0.058,-25.75,-107.0,84.625,565.7226827489884,fall_sitting,fall,6,real_hardware
32.39,0.556,-0.117,-0.117,-20.375,-116.125,76.25,565.7226827489884,fall_sitting,fall,6,real_hardware
32.395,0.568,-0.123,-0.164,-26.25,-113.25,74.5,565.7226827489884,fall_sitting,fall,6,real_hardware
32.4,0.58,-0.125,-0.226,-30.25,-105.75,71.125,565.7276737309808,fall_sitting,fall,6,real_hardware
32.405,0.574,-0.115,-0.257,-27.875,-106.375,79.625,565.743161146769,fall_sitting,fall,6,real_hardware
32.41,0.619,-0.103,-0.267,-29.125,-104.375,73.125,565.743161146769,fall_sitting,fall,6,real_hardware
32.415,0.634,-0.089,-0.273,-24.5,-100.5,79.25,565.7276737309808,fall_sitting,fall,6,real_hardware
32.42,0.626,-0.074,-0.267,-22.25,-102.75,80.5,565.7276737309808,fall_sitting,fall,6,real_hardware
32.425,0.673,-0.085,-0.291,-29.0,-110.625,85.0,565.7276737309808,fall_sitting,fall,6,real_hardware
32.43,0.703,-0.095,-0.283,-19.5,-110.125,78.75,565.7226827489884,fall_sitting,fall,6,real_hardware
32.435,0.726,-0.107,-0.265,-21.625,-113.25,83.125,565.7276737309808,fall_sitting,fall,6,real_hardware
32.44,0.753,-0.121,-0.257,-25.25,-117.375,80.75,565.7276737309808,fall_sitting,fall,6,real_hardware
32.445,0.785,-0.134,-0.251,-32.75,-111.875,81.625,565.7276737309808,fall_sitting,fall,6,real_hardware
32.45,0.802,-0.138,-0.24,-24.875,-120.75,76.75,565.7176918222569,fall_sitting,fall,6,real_hardware
32.455,0.808,-0.134,-0.23,-32.625,-126.0,90.5,565.7077101345741,fall_sitting,fall,6,real_hardware
32.46,0.818,-0.142,-0.214,-36.875,-118.5,90.375,565.7127009507855,fall_sitting,fall,6,real_hardware
32.465,0.818,-0.164,-0.218,-35.875,-125.5,85.875,565.7176918222569,fall_sitting,fall,6,real_hardware
32.47,0.826,-0.173,-0.23,-39.25,-113.25,78.75,565.7176918222569,fall_sitting,fall,6,real_hardware
32.475,0.83,-0.183,-0.246,-34.375,-107.75,74.75,565.7226827489884,fall_sitting,fall,6,real_hardware
32.48,0.837,-0.199,-0.259,-35.75,-109.0,76.5,565.7226827489884,fall_sitting,fall,6,real_hardware
32.485,0.841,-0.218,-0.271,-37.375,-95.5,77.375,565.7226827489884,fall_sitting,fall,6,real_hardware
32.49,0.843,-0.224,-0.283,-32.625,-100.625,89.875,565.7226827489884,fall_sitting,fall,6,real_hardware
32.495,0.835,-0.232,-0.291,-36.125,-91.875,85.75,565.7226827489884,fall_sitting,fall,6,real_hardware
32.5,0.841,-0.242,-0.304,-26.625,-91.75,77.0,565.7226827489884,fall_sitting,fall,6,real_hardware
32.505,0.837,-0.25,-0.316,-38.5,-90.5,80.875,565.7226827489884,fall_sitting,fall,6,real_hardware
32.51,0.83,-0.246,-0.326,-29.25,-79.875,82.25,565.7276737309808,fall_sitting,fall,6,real_hardware
32.515,0.826,-0.248,-0.33,-36.25,-77.375,79.875,565.7276737309808,fall_sitting,fall,6,real_hardware
32.52,0.826,-0.251,-0.341,-32.625,-73.5,83.125,565.7276737309808,fall_sitting,fall,6,real_hardware
32.525,0.818,-0.261,-0.349,-32.5,-77.25,85.125,565.7121863237065,fall_sitting,fall,6,real_hardware
32.53,0.818,-0.277,-0.355,-28.875,-65.25,82.875,565.7071954782982,fall_sitting,fall,6,real_hardware
32.535,0.822,-0.296,-0.365,-34.5,-67.625,74.875,565.7121863237065,fall_sitting,fall,6,real_hardware
32.54,0.826,-0.31,-0.359,-30.25,-68.25,80.75,565.7071954782982,fall_sitting,fall,6,real_hardware
32.545,0.837,-0.326,-0.355,-26.0,-60.875,72.5,565.7121863237065,fall_sitting,fall,6,real_hardware
32.55,0.833,-0.351,-0.341,-31.0,-58.875,75.0,565.7071954782982,fall_sitting,fall,6,real_hardware
32.555,0.828,-0.359,-0.341,-26.625,-62.5,71.0,565.7071954782982,fall_sitting,fall,6,real_hardware
32.56,0.82,-0.378,-0.324,-27.125,-54.125,68.375,565.7071954782982,fall_sitting,fall,6,real_hardware
32.565,0.818,-0.4,-0.318,-24.625,-55.25,67.125,565.7071954782982,fall_sitting,fall,6,real_hardware
32.57,0.81,-0.416,-0.308,-21.875,-52.5,63.875,565.7071954782982,fall_sitting,fall,6,real_hardware
32.575,0.8,-0.435,-0.3,-18.375,-46.5,55.0,565.7071954782982,fall_sitting,fall,6,real_hardware
32.58,0.798,-0.455,-0.285,-22.875,-52.75,55.875,565.7071954782982,fall_sitting,fall,6,real_hardware
32.585,0.789,-0.462,-0.275,-5.375,-46.875,49.25,565.7022046881491,fall_sitting,fall,6,real_hardware
32.59,0.814,-0.476,-0.277,-4.5,-52.25,42.0,565.7022046881491,fall_sitting,fall,6,real_hardware
32.595,0.814,-0.492,-0.308,-14.125,-54.125,39.875,565.7071954782982,fall_sitting,fall,6,real_hardware
32.6,0.789,-0.458,-0.281,-13.875,-58.75,37.0,565.7071954782982,fall_sitting,fall,6,real_hardware
32.605,0.8,-0.466,-0.251,-12.25,-59.625,29.0,565.7071954782982,fall_sitting,fall,6,real_hardware
32.61,0.808,-0.496,-0.251,-17.875,-60.375,35.0,565.7226827489884,fall_sitting,fall,6,real_hardware
32.615,0.812,-0.515,-0.251,-12.875,-54.5,33.625,565.7071954782982,fall_sitting,fall,6,real_hardware
32.62,0.798,-0.533,-0.246,-11.125,-51.0,32.5,565.7226827489884,fall_sitting,fall,6,real_hardware
32.625,0.771,-0.554,-0.259,-6.875,-52.375,27.0,565.7226827489884,fall_sitting,fall,6,real_hardware
32.63,0.742,-0.595,-0.261,-17.25,-56.75,28.75,565.7226827489884,fall_sitting,fall,6,real_hardware
32.635,0.71,-0.615,-0.267,-20.5,-56.0,23.25,565.7121863237065,fall_sitting,fall,6,real_hardware
32.64,0.693,-0.619,-0.255,-22.0,-52.625,20.875,565.7276737309808,fall_sitting,fall,6,real_hardware
32.645,0.679,-0.626,-0.246,-30.25,-50.75,21.25,565.7121863237065,fall_sitting,fall,6,real_hardware
32.65,0.673,-0.623,-0.273,-37.5,-43.0,25.875,565.7276737309808,fall_sitting,fall,6,real_hardware
32.655,0.656,-0.607,-0.283,-34.0,-55.75,26.0,565.7276737309808,fall_sitting,fall,6,real_hardware
32.66,0.667,-0.591,-0.287,-34.25,-46.0,29.875,565.717177224375,fall_sitting,fall,6,real_hardware
32.665,0.681,-0.57,-0.302,-26.625,-49.0,18.625,565.7276737309808,fall_sitting,fall,6,real_hardware
32.67,0.695,-0.546,-0.316,-27.875,-54.125,24.375,565.7276737309808,fall_sitting,fall,6,real_hardware
32.675,0.72,-0.527,-0.332,-27.75,-45.5,18.5,565.7326647682345,fall_sitting,fall,6,real_hardware
32.68,0.736,-0.511,-0.347,-26.875,-42.25,11.75,565.7326647682345,fall_sitting,fall,6,real_hardware
32.685,0.751,-0.5,-0.365,-16.875,-50.25,26.25,565.7326647682345,fall_sitting,fall,6,real_hardware
32.69,0.757,-0.494,-0.38,-29.5,-46.0,22.875,565.7326647682345,fall_sitting,fall,6,real_hardware
32.695,0.761,-0.488,-0.39,-17.875,-47.375,18.125,565.7276737309808,fall_sitting,fall,6,real_hardware
32.7,0.761,-0.494,-0.392,-20.625,-49.625,26.625,565.7381700281926,fall_sitting,fall,6,real_hardware
32.705,0.753,-0.511,-0.396,-9.5,-49.25,24.625,565.7331789648782,fall_sitting,fall,6,real_hardware
32.71,0.746,-0.525,-0.402,-14.0,-43.875,28.5,565.7176918222569,fall_sitting,fall,6,real_hardware
32.715,0.726,-0.542,-0.392,-17.125,-36.625,30.0,565.7176918222569,fall_sitting,fall,6,real_hardware
32.72,0.716,-0.556,-0.4,-20.25,-43.375,29.375,565.7176918222569,fall_sitting,fall,6,real_hardware
32.725,0.71,-0.56,-0.404,-15.0,-43.625,33.625,565.7226827489884,fall_sitting,fall,6,real_hardware
32.73,0.703,-0.572,-0.406,-24.125,-41.75,28.375,565.7226827489884,fall_sitting,fall,6,real_hardware
32.735,0.699,-0.572,-0.406,-23.375,-44.75,26.125,565.7226827489884,fall_sitting,fall,6,real_hardware
32.74,0.695,-0.578,-0.412,-22.125,-39.125,28.625,565.7226827489884,fall_sitting,fall,6,real_hardware
32.745,0.693,-0.574,-0.423,-16.375,-42.375,20.75,565.7071954782982,fall_sitting,fall,6,real_hardware
32.75,0.689,-0.576,-0.433,-20.75,-45.875,24.125,565.7121863237065,fall_sitting,fall,6,real_hardware
32.755,0.689,-0.566,-0.447,-10.75,-26.75,22.0,565.7121863237065,fall_sitting,fall,6,real_hardware
32.76,0.687,-0.554,-0.451,-20.625,-42.625,24.125,565.7326647682345,fall_sitting,fall,6,real_hardware
32.765,0.679,-0.55,-0.449,-16.0,-38.75,22.5,565.717177224375,fall_sitting,fall,6,real_hardware
32.77,0.679,-0.539,-0.466,-14.625,-40.5,20.875,565.717177224375,fall_sitting,fall,6,real_hardware
32.775,0.669,-0.539,-0.47,-15.875,-34.625,13.75,565.717177224375,fall_sitting,fall,6,real_hardware
32.78,0.669,-0.539,-0.48,-18.375,-38.25,18.875,565.717177224375,fall_sitting,fall,6,real_hardware
32.785,0.666,-0.535,-0.492,-19.25,-34.25,14.125,565.717177224375,fall_sitting,fall,6,real_hardware
32.79,0.666,-0.537,-0.494,-25.25,-26.875,16.125,565.717177224375,fall_sitting,fall,6,real_hardware
32.795,0.666,-0.539,-0.505,-19.625,-39.125,19.875,565.717177224375,fall_sitting,fall,6,real_hardware
32.8,0.673,-0.533,-0.517,-14.25,-34.375,15.25,565.717177224375,fall_sitting,fall,6,real_hardware
32.805,0.667,-0.533,-0.533,-14.0,-31.75,19.75,565.7016896890292,fall_sitting,fall,6,real_hardware
32.81,0.671,-0.527,-0.529,-12.625,-29.125,13.125,565.7016896890292,fall_sitting,fall,6,real_hardware
32.815,0.666,-0.523,-0.541,-15.625,-31.25,13.75,565.7016896890292,fall_sitting,fall,6,real_hardware
32.82,0.658,-0.513,-0.544,-6.25,-25.625,11.25,565.7016896890292,fall_sitting,fall,6,real_hardware
32.825,0.658,-0.501,-0.55,-21.25,-22.75,14.625,565.7016896890292,fall_sitting,fall,6,real_hardware
32.83,0.656,-0.498,-0.55,-16.875,-22.375,15.375,565.7066805083712,fall_sitting,fall,6,real_hardware
32.835,0.648,-0.492,-0.56,-14.75,-19.625,18.125,565.7066805083712,fall_sitting,fall,6,real_hardware
32.84,0.65,-0.49,-0.558,-13.125,-20.125,11.25,565.7066805083712,fall_sitting,fall,6,real_hardware
32.845,0.646,-0.492,-0.564,-13.375,-16.25,16.0,565.7221681803035,fall_sitting,fall,6,real_hardware
32.85,0.644,-0.484,-0.572,-8.5,-24.5,15.75,565.717177224375,fall_sitting,fall,6,real_hardware
32.855,0.642,-0.494,-0.572,-18.375,-18.625,11.5,565.7016896890292,fall_sitting,fall,6,real_hardware
32.86,0.646,-0.492,-0.576,-15.0,-21.5,8.75,565.7016896890292,fall_sitting,fall,6,real_hardware
32.865,0.64,-0.492,-0.576,-11.875,-21.875,14.625,565.7016896890292,fall_sitting,fall,6,real_hardware
32.87,0.638,-0.498,-0.582,-8.5,-19.375,12.125,565.7016896890292,fall_sitting,fall,6,real_hardware
32.875,0.64,-0.5,-0.58,0.875,-9.375,9.0,565.7016896890292,fall_sitting,fall,6,real_hardware
32.88,0.644,-0.503,-0.582,-7.625,-16.0,6.25,565.7221681803035,fall_sitting,fall,6,real_hardware
32.885,0.648,-0.505,-0.572,-0.375,-12.25,13.5,565.7221681803035,fall_sitting,fall,6,real_hardware
32.89,0.658,-0.513,-0.564,-0.5,-20.125,14.125,565.7221681803035,fall_sitting,fall,6,real_hardware
32.895,0.658,-0.509,-0.562,-0.875,-11.375,7.375,565.7221681803035,fall_sitting,fall,6,real_hardware
32.9,0.662,-0.515,-0.562,0.75,-10.75,7.875,565.7221681803035,fall_sitting,fall,6,real_hardware
32.905,0.666,-0.523,-0.556,-1.75,-11.0,7.25,565.7066805083712,fall_sitting,fall,6,real_hardware
32.91,0.671,-0.525,-0.548,-14.25,-10.375,8.5,565.7066805083712,fall_sitting,fall,6,real_hardware
32.915,0.667,-0.523,-0.548,-9.5,-13.625,10.25,565.7066805083712,fall_sitting,fall,6,real_hardware
32.92,0.677,-0.515,-0.556,-4.0,-2.625,2.375,565.7066805083712,fall_sitting,fall,6,real_hardware
32.925,0.671,-0.511,-0.556,-5.5,-3.5,2.25,565.7066805083712,fall_sitting,fall,6,real_hardware
32.93,0.662,-0.503,-0.552,-2.625,-5.375,10.625,565.7066805083712,fall_sitting,fall,6,real_hardware
32.935,0.662,-0.511,-0.562,-7.0,-8.375,-0.125,565.7066805083712,fall_sitting,fall,6,real_hardware
32.94,0.658,-0.505,-0.564,-8.25,-5.0,2.75,565.7066805083712,fall_sitting,fall,6,real_hardware
32.945,0.652,-0.503,-0.562,-1.625,-9.75,7.75,565.6911928449531,fall_sitting,fall,6,real_hardware
32.95,0.648,-0.507,-0.572,-7.375,0.5,4.375,565.6862021621976,fall_sitting,fall,6,real_hardware
32.955,0.642,-0.513,-0.576,-0.5,-7.625,0.125,565.7016896890292,fall_sitting,fall,6,real_hardware
32.96,0.638,-0.521,-0.576,-6.0,-2.125,2.25,565.6966989249461,fall_sitting,fall,6,real_hardware
32.965,0.634,-0.525,-0.572,-7.875,-5.375,-3.5,565.7016896890292,fall_sitting,fall,6,real_hardware
32.97,0.63,-0.527,-0.583,-1.5,-11.625,2.375,565.717177224375,fall_sitting,fall,6,real_hardware
32.975,0.58,-0.548,-0.134,-11.0,-3.75,-6.125,565.7016896890292,fall_sitting,fall,6,real_hardware
32.98,0.658,-0.525,-0.48,-9.25,-7.25,-5.375,565.717177224375,fall_sitting,fall,6,real_hardware
32.985,0.642,-0.531,-0.576,-8.625,1.25,-1.875,565.717177224375,fall_sitting,fall,6,real_hardware
32.99,0.648,-0.537,-0.546,0.75,-0.75,-0.375,565.7221681803035,fall_sitting,fall,6,real_hardware
32.995,0.652,-0.529,-0.552,-0.25,-2.625,-5.875,565.7221681803035,fall_sitting,fall,6,real_hardware
33.0,0.652,-0.535,-0.554,-0.5,-0.5,1.0,565.7221681803035,fall_sitting,fall,6,real_hardware
33.005,0.638,-0.511,-0.587,-7.125,3.75,-1.25,565.7221681803035,fall_sitting,fall,6,real_hardware
33.01,0.662,-0.531,-0.558,0.25,0.125,-5.875,565.7221681803035,fall_sitting,fall,6,real_hardware
33.015,0.673,-0.527,-0.57,-5.5,2.0,-5.25,565.7221681803035,fall_sitting,fall,6,real_hardware
33.02,0.666,-0.529,-0.542,3.25,4.375,-6.25,565.7376558607499,fall_sitting,fall,6,real_hardware
33.025,0.667,-0.523,-0.552,-5.75,8.0,-2.875,565.7221681803035,fall_sitting,fall,6,real_hardware
33.03,0.675,-0.521,-0.554,-0.625,11.0,0.875,565.7326647682345,fall_sitting,fall,6,real_hardware
33.035,0.681,-0.529,-0.544,7.0,9.125,1.25,565.7376558607499,fall_sitting,fall,6,real_hardware
33.04,0.683,-0.529,-0.537,-7.5,-3.0,2.375,565.7326647682345,fall_sitting,fall,6,real_hardware
33.045,0.689,-0.525,-0.533,-2.875,7.5,5.25,565.7326647682345,fall_sitting,fall,6,real_hardware
33.05,0.691,-0.525,-0.525,7.625,6.5,0.25,565.7481523206084,fall_sitting,fall,6,real_hardware
33.055,0.695,-0.521,-0.523,-6.125,9.75,-0.75,565.7481523206084,fall_sitting,fall,6,real_hardware
33.06,0.687,-0.525,-0.517,-5.25,7.5,1.125,565.7481523206084,fall_sitting,fall,6,real_hardware
33.065,0.687,-0.523,-0.523,6.25,4.25,-0.5,565.7481523206084,fall_sitting,fall,6,real_hardware
33.07,0.689,-0.525,-0.519,-3.5,5.375,-2.375,565.7276737309808,fall_sitting,fall,6,real_hardware
33.075,0.695,-0.525,-0.517,-10.125,6.125,-4.5,565.7226827489884,fall_sitting,fall,6,real_hardware
33.08,0.695,-0.517,-0.521,0.625,1.625,1.5,565.7226827489884,fall_sitting,fall,6,real_hardware
33.085,0.695,-0.509,-0.517,-11.625,16.0,-3.625,565.7381700281926,fall_sitting,fall,6,real_hardware
33.09,0.691,-0.513,-0.521,-3.5,11.625,-9.375,565.7176918222569,fall_sitting,fall,6,real_hardware
33.095,0.693,-0.507,-0.521,-6.25,1.625,1.5,565.7176918222569,fall_sitting,fall,6,real_hardware
33.1,0.697,-0.507,-0.515,-3.625,4.375,-5.75,565.7176918222569,fall_sitting,fall,6,real_hardware
33.105,0.693,-0.5,-0.523,-11.625,5.875,-2.875,565.7226827489884,fall_sitting,fall,6,real_hardware
33.11,0.695,-0.496,-0.531,-7.875,6.5,0.0,565.7176918222569,fall_sitting,fall,6,real_hardware
33.115,0.693,-0.496,-0.523,-12.5,7.375,-8.75,565.7331789648782,fall_sitting,fall,6,real_hardware
33.12,0.699,-0.494,-0.525,-8.5,6.375,-3.75,565.7331789648782,fall_sitting,fall,6,real_hardware
33.125,0.705,-0.498,-0.531,1.75,3.875,-4.625,565.7176918222569,fall_sitting,fall,6,real_hardware
33.13,0.707,-0.505,-0.503,-10.875,6.5,1.75,565.7331789648782,fall_sitting,fall,6,real_hardware
33.135,0.71,-0.49,-0.519,-8.625,10.375,-0.125,565.7176918222569,fall_sitting,fall,6,real_hardware
33.14,0.71,-0.494,-0.533,-14.125,11.125,-4.875,565.7176918222569,fall_sitting,fall,6,real_hardware
33.145,0.71,-0.494,-0.531,-8.125,6.75,1.125,565.7381700281926,fall_sitting,fall,6,real_hardware
33.15,0.703,-0.496,-0.527,0.0,13.0,-3.5,565.7381700281926,fall_sitting,fall,6,real_hardware
33.155,0.705,-0.498,-0.525,-13.125,0.875,3.25,565.7381700281926,fall_sitting,fall,6,real_hardware
33.16,0.716,-0.507,-0.515,-10.375,6.375,4.0,565.7381700281926,fall_sitting,fall,6,real_hardware
33.165,0.701,-0.503,-0.525,-0.875,7.875,7.25,565.7381700281926,fall_sitting,fall,6,real_hardware
33.17,0.699,-0.509,-0.515,-4.375,4.375,-2.875,565.7226827489884,fall_sitting,fall,6,real_hardware
33.175,0.693,-0.511,-0.525,-3.5,2.875,-1.625,565.7381700281926,fall_sitting,fall,6,real_hardware
33.18,0.699,-0.507,-0.509,-2.75,8.0,4.125,565.743161146769,fall_sitting,fall,6,real_hardware
33.185,0.701,-0.509,-0.515,-1.75,8.75,-11.125,565.743161146769,fall_sitting,fall,6,real_hardware
33.19,0.703,-0.507,-0.505,0.25,6.75,-1.375,565.743161146769,fall_sitting,fall,6,real_hardware
33.195,0.71,-0.503,-0.507,-6.375,9.375,3.0,565.7331789648782,fall_sitting,fall,6,real_hardware
33.2,0.71,-0.509,-0.503,-6.125,3.0,0.375,565.7331789648782,fall_sitting,fall,6,real_hardware
33.205,0.716,-0.511,-0.509,-2.5,10.625,-9.0,565.7331789648782,fall_sitting,fall,6,real_hardware
33.21,0.724,-0.505,-0.511,-3.75,1.625,2.125,565.7381700281926,fall_sitting,fall,6,real_hardware
33.215,0.73,-0.507,-0.509,-1.75,4.25,-1.25,565.7381700281926,fall_sitting,fall,6,real_hardware
33.22,0.728,-0.513,-0.509,2.0,2.875,2.25,565.7226827489884,fall_sitting,fall,6,real_hardware
33.225,0.726,-0.511,-0.507,-4.0,-2.375,6.875,565.743161146769,fall_sitting,fall,6,real_hardware
33.23,0.728,-0.503,-0.509,1.875,9.125,-5.125,565.743161146769,fall_sitting,fall,6,real_hardware
33.235,0.726,-0.509,-0.501,10.375,2.5,1.75,565.7586485710713,fall_sitting,fall,6,real_hardware
33.24,0.728,-0.507,-0.503,-0.75,5.25,-1.75,565.7586485710713,fall_sitting,fall,6,real_hardware
33.245,0.726,-0.501,-0.503,-5.0,-1.125,0.5,565.743161146769,fall_sitting,fall,6,real_hardware
33.25,0.73,-0.501,-0.505,-4.125,-4.125,-5.0,565.7586485710713,fall_sitting,fall,6,real_hardware
33.255,0.728,-0.498,-0.5,1.75,-2.875,-7.25,565.7586485710713,fall_sitting,fall,6,real_hardware
33.26,0.73,-0.5,-0.507,0.375,4.375,-1.75,565.7381700281926,fall_sitting,fall,6,real_hardware
33.265,0.728,-0.494,-0.505,1.5,3.5,-5.75,565.7381700281926,fall_sitting,fall,6,real_hardware
33.27,0.73,-0.498,-0.501,6.125,-1.5,1.75,565.7381700281926,fall_sitting,fall,6,real_hardware
33.275,0.728,-0.5,-0.501,6.125,9.5,-4.75,565.7381700281926,fall_sitting,fall,6,real_hardware
33.28,0.728,-0.492,-0.503,5.625,1.625,-6.375,565.7381700281926,fall_sitting,fall,6,real_hardware
33.285,0.73,-0.49,-0.509,0.75,-8.75,0.5,565.7536573159105,fall_sitting,fall,6,real_hardware
33.29,0.736,-0.49,-0.513,-4.875,8.0,-5.875,565.7381700281926,fall_sitting,fall,6,real_hardware
33.295,0.734,-0.488,-0.496,-0.5,-0.5,8.375,565.7586485710713,fall_sitting,fall,6,real_hardware
33.3,0.732,-0.488,-0.503,-5.125,-3.375,-2.0,565.7536573159105,fall_sitting,fall,6,real_hardware
33.305,0.734,-0.488,-0.498,1.125,-13.125,-4.375,565.7381700281926,fall_sitting,fall,6,real_hardware
33.31,0.728,-0.492,-0.503,-3.0,-8.0,-0.375,565.7381700281926,fall_sitting,fall,6,real_hardware
33.315,0.73,-0.494,-0.5,3.0,-1.625,5.75,565.7381700281926,fall_sitting,fall,6,real_hardware
33.32,0.73,-0.498,-0.503,3.875,-4.875,-3.125,565.7486661160132,fall_sitting,fall,6,real_hardware
33.325,0.732,-0.496,-0.507,0.125,-4.375,0.625,565.7331789648782,fall_sitting,fall,6,real_hardware
33.33,0.728,-0.498,-0.501,-1.25,-2.625,-4.75,565.7331789648782,fall_sitting,fall,6,real_hardware
33.335,0.726,-0.498,-0.5,2.5,-3.625,-0.25,565.7381700281926,fall_sitting,fall,6,real_hardware
33.34,0.724,-0.496,-0.501,-2.75,-3.125,-4.75,565.7381700281926,fall_sitting,fall,6,real_hardware
33.345,0.718,-0.496,-0.507,-6.5,1.625,9.25,565.7381700281926,fall_sitting,fall,6,real_hardware
33.35,0.72,-0.496,-0.511,2.75,-1.5,1.625,565.743161146769,fall_sitting,fall,6,real_hardware
33.355,0.714,-0.5,-0.521,-2.875,-8.5,4.125,565.7381700281926,fall_sitting,fall,6,real_hardware
33.36,0.716,-0.503,-0.527,2.25,-2.625,5.375,565.7381700281926,fall_sitting,fall,6,real_hardware
33.365,0.712,-0.501,-0.523,2.625,0.625,2.75,565.7381700281926,fall_sitting,fall,6,real_hardware
33.37,0.71,-0.501,-0.525,-3.25,-3.625,0.0,565.7226827489884,fall_sitting,fall,6,real_hardware
33.375,0.707,-0.503,-0.529,4.375,-6.0,0.0,565.7226827489884,fall_sitting,fall,6,real_hardware
33.38,0.701,-0.505,-0.531,-3.0,-7.375,-1.125,565.7226827489884,fall_sitting,fall,6,real_hardware
33.385,0.701,-0.507,-0.529,0.25,-3.75,7.5,565.7226827489884,fall_sitting,fall,6,real_hardware
33.39,0.697,-0.511,-0.527,-1.5,-2.625,1.25,565.7381700281926,fall_sitting,fall,6,real_hardware
33.395,0.697,-0.513,-0.523,5.5,-6.25,2.0,565.7381700281926,fall_sitting,fall,6,real_hardware
33.4,0.699,-0.511,-0.519,3.25,-1.375,4.75,565.7381700281926,fall_sitting,fall,6,real_hardware
33.405,0.699,-0.511,-0.533,-3.0,-6.625,7.125,565.7381700281926,fall_sitting,fall,6,real_hardware
33.41,0.701,-0.505,-0.525,0.625,-6.125,-1.25,565.7226827489884,fall_sitting,fall,6,real_hardware
33.415,0.703,-0.5,-0.527,3.5,-1.75,-4.5,565.7226827489884,fall_sitting,fall,6,real_hardware
33.42,0.695,-0.501,-0.537,-0.5,-1.375,3.375,565.7381700281926,fall_sitting,fall,6,real_hardware
33.425,0.697,-0.503,-0.535,1.625,2.625,0.125,565.7381700281926,fall_sitting,fall,6,real_hardware
33.43,0.705,-0.501,-0.537,-2.5,-6.5,1.125,565.7381700281926,fall_sitting,fall,6,real_hardware
33.435,0.697,-0.501,-0.539,9.375,-1.0,-1.875,565.7381700281926,fall_sitting,fall,6,real_hardware
33.44,0.693,-0.511,-0.537,-5.0,-1.5,-6.75,565.7381700281926,fall_sitting,fall,6,real_hardware
33.445,0.693,-0.513,-0.542,1.375,-1.5,0.0,565.7381700281926,fall_sitting,fall,6,real_hardware
33.45,0.695,-0.521,-0.533,7.5,-2.875,3.875,565.7536573159105,fall_sitting,fall,6,real_hardware
33.455,0.693,-0.515,-0.521,7.0,8.125,-1.25,565.7381700281926,fall_sitting,fall,6,real_hardware
33.46,0.687,-0.521,-0.523,4.875,-1.125,-5.75,565.7381700281926,fall_sitting,fall,6,real_hardware
33.465,0.683,-0.521,-0.517,3.125,-1.125,-4.625,565.7381700281926,fall_sitting,fall,6,real_hardware
33.47,0.679,-0.515,-0.515,-2.625,-3.375,-1.5,565.7381700281926,fall_sitting,fall,6,real_hardware
33.475,0.679,-0.515,-0.523,-7.375,1.375,4.0,565.7381700281926,fall_sitting,fall,6,real_hardware
33.48,0.687,-0.511,-0.523,-0.625,1.5,-1.125,565.7381700281926,fall_sitting,fall,6,real_hardware
33.485,0.681,-0.511,-0.527,-2.875,6.375,-1.625,565.7381700281926,fall_sitting,fall,6,real_hardware
33.49,0.687,-0.509,-0.533,-6.0,-4.125,1.25,565.7381700281926,fall_sitting,fall,6,real_hardware
33.495,0.689,-0.5,-0.537,3.25,4.125,-0.625,565.7381700281926,fall_sitting,fall,6,real_hardware
33.5,0.687,-0.49,-0.546,5.0,2.5,2.0,565.7381700281926,fall_sitting,fall,6,real_hardware
33.505,0.691,-0.49,-0.556,6.0,-2.625,-4.625,565.7381700281926,fall_sitting,fall,6,real_hardware
33.51,0.687,-0.488,-0.548,-0.25,4.375,1.25,565.7536573159105,fall_sitting,fall,6,real_hardware
33.515,0.687,-0.482,-0.554,2.375,7.0,-7.625,565.7331789648782,fall_sitting,fall,6,real_hardware
33.52,0.693,-0.486,-0.552,12.25,-4.875,-5.125,565.7331789648782,fall_sitting,fall,6,real_hardware
33.525,0.691,-0.486,-0.552,1.0,-0.5,-0.5,565.7331789648782,fall_sitting,fall,6,real_hardware
33.53,0.689,-0.488,-0.546,4.375,1.625,5.375,565.7331789648782,fall_sitting,fall,6,real_hardware
33.535,0.691,-0.488,-0.546,12.25,4.0,-7.25,565.7381700281926,fall_sitting,fall,6,real_hardware
33.54,0.695,-0.501,-0.548,9.625,4.875,-1.25,565.7331789648782,fall_sitting,fall,6,real_hardware
33.545,0.693,-0.509,-0.539,11.75,4.875,-6.375,565.7331789648782,fall_sitting,fall,6,real_hardware
33.55,0.687,-0.511,-0.539,15.875,5.875,-0.875,565.7486661160132,fall_sitting,fall,6,real_hardware
33.555,0.689,-0.515,-0.519,10.625,6.125,-4.25,565.7486661160132,fall_sitting,fall,6,real_hardware
33.56,0.687,-0.509,-0.521,11.125,9.75,-10.375,565.7486661160132,fall_sitting,fall,6,real_hardware
33.565,0.689,-0.511,-0.519,3.125,2.25,-3.5,565.7386838820074,fall_sitting,fall,6,real_hardware
33.57,0.691,-0.511,-0.511,-0.5,11.25,-4.375,565.733692847898,fall_sitting,fall,6,real_hardware
33.575,0.689,-0.509,-0.503,5.75,5.5,1.0,565.718720077138,fall_sitting,fall,6,real_hardware
33.58,0.695,-0.498,-0.505,10.375,3.5,-0.25,565.7082244772224,fall_sitting,fall,6,real_hardware
33.585,0.699,-0.501,-0.503,4.5,0.375,-0.625,565.7182061065034,fall_sitting,fall,6,real_hardware
33.59,0.701,-0.503,-0.505,3.375,8.625,-8.5,565.7386838820074,fall_sitting,fall,6,real_hardware
33.595,0.699,-0.5,-0.503,-3.75,-4.5,-6.125,565.7281879568255,fall_sitting,fall,6,real_hardware
33.6,0.705,-0.501,-0.507,1.75,4.0,-6.375,565.743674971379,fall_sitting,fall,6,real_hardware
33.605,0.699,-0.492,-0.507,13.5,7.125,-7.75,565.7331789648782,fall_sitting,fall,6,real_hardware
33.61,0.703,-0.5,-0.505,8.875,7.5,-2.375,565.7331789648782,fall_sitting,fall,6,real_hardware
33.615,0.699,-0.496,-0.5,1.25,8.0,-5.75,565.7331789648782,fall_sitting,fall,6,real_hardware
33.62,0.71,-0.496,-0.507,7.25,5.875,-4.0,565.7486661160132,fall_sitting,fall,6,real_hardware
33.625,0.703,-0.501,-0.507,12.5,6.375,-4.375,565.7486661160132,fall_sitting,fall,6,real_hardware
33.63,0.703,-0.505,-0.501,10.625,-0.25,-12.0,565.7486661160132,fall_sitting,fall,6,real_hardware
33.635,0.707,-0.503,-0.509,7.875,4.375,-10.75,565.7536573159105,fall_sitting,fall,6,real_hardware
33.64,0.707,-0.5,-0.503,8.0,1.625,-2.375,565.7536573159105,fall_sitting,fall,6,real_hardware
33.645,0.699,-0.503,-0.503,14.875,0.0,-2.875,565.7536573159105,fall_sitting,fall,6,real_hardware
33.65,0.701,-0.501,-0.503,11.75,12.5,-8.0,565.7586485710713,fall_sitting,fall,6,real_hardware
33.655,0.701,-0.5,-0.501,4.5,4.25,-0.625,565.7586485710713,fall_sitting,fall,6,real_hardware
33.66,0.695,-0.503,-0.498,9.5,1.75,-5.5,565.7586485710713,fall_sitting,fall,6,real_hardware
33.665,0.697,-0.509,-0.503,11.75,-2.625,-3.875,565.743161146769,fall_sitting,fall,6,real_hardware
33.67,0.693,-0.513,-0.503,11.375,2.125,0.25,565.7586485710713,fall_sitting,fall,6,real_hardware
33.675,0.693,-0.515,-0.5,12.875,-2.625,-16.875,565.7586485710713,fall_sitting,fall,6,real_hardware
33.68,0.699,-0.519,-0.503,13.625,3.625,-10.625,565.7636398814961,fall_sitting,fall,6,real_hardware
33.685,0.695,-0.521,-0.501,15.75,3.0,-2.625,565.7636398814961,fall_sitting,fall,6,real_hardware
33.69,0.697,-0.517,-0.509,6.5,1.125,-6.25,565.779127450898,fall_sitting,fall,6,real_hardware
33.695,0.689,-0.517,-0.507,11.875,-1.5,-9.875,565.7636398814961,fall_sitting,fall,6,real_hardware
33.7,0.691,-0.515,-0.509,14.375,2.875,-18.125,565.7686312471856,fall_sitting,fall,6,real_hardware
33.705,0.697,-0.507,-0.509,9.5,3.75,-12.875,565.7686312471856,fall_sitting,fall,6,real_hardware
33.71,0.691,-0.515,-0.513,7.0,0.0,-3.0,565.7586485710713,standing_up,adl,6,real_hardware
33.715,0.695,-0.509,-0.517,11.0,3.375,-17.25,565.743674971379,standing_up,adl,6,real_hardware
33.72,0.693,-0.509,-0.517,13.375,-2.125,-13.75,565.7486661160132,standing_up,adl,6,real_hardware
33.725,0.697,-0.513,-0.513,14.875,7.125,-11.75,565.7386838820074,standing_up,adl,6,real_hardware
33.73,0.695,-0.511,-0.513,4.25,4.875,-12.5,565.7386838820074,standing_up,adl,6,real_hardware
33.735,0.693,-0.509,-0.509,7.75,9.375,-8.75,565.7386838820074,standing_up,adl,6,real_hardware
33.74,0.697,-0.509,-0.507,3.75,9.5,-11.125,565.743674971379,standing_up,adl,6,real_hardware
33.745,0.693,-0.515,-0.503,7.875,2.75,-10.0,565.7386838820074,standing_up,adl,6,real_hardware
33.75,0.707,-0.519,-0.5,10.75,5.375,-7.25,565.7386838820074,standing_up,adl,6,real_hardware
33.755,0.708,-0.513,-0.507,17.125,7.875,-13.0,565.743674971379,standing_up,adl,6,real_hardware
33.76,0.705,-0.507,-0.498,7.75,-0.125,-12.375,565.743674971379,standing_up,adl,6,real_hardware
33.765,0.712,-0.507,-0.5,15.0,6.0,-8.75,565.7486661160132,standing_up,adl,6,real_hardware
33.77,0.714,-0.511,-0.501,8.0,7.5,-7.125,565.743674971379,standing_up,adl,6,real_hardware
33.775,0.716,-0.509,-0.494,3.25,11.75,-18.625,565.7486661160132,standing_up,adl,6,real_hardware
33.78,0.724,-0.509,-0.49,12.0,11.75,-8.75,565.7486661160132,standing_up,adl,6,real_hardware
33.785,0.718,-0.507,-0.482,19.125,17.5,-7.5,565.7486661160132,standing_up,adl,6,real_hardware
33.79,0.718,-0.501,-0.484,7.75,8.0,-8.5,565.7486661160132,standing_up,adl,6,real_hardware
33.795,0.716,-0.503,-0.474,10.5,14.625,-15.5,565.7281879568255,standing_up,adl,6,real_hardware
33.8,0.716,-0.503,-0.478,11.125,7.625,-13.0,565.743674971379,standing_up,adl,6,real_hardware
33.805,0.714,-0.503,-0.488,5.375,15.875,-12.25,565.743674971379,standing_up,adl,6,real_hardware
33.81,0.716,-0.496,-0.472,16.625,14.125,-12.5,565.7486661160132,standing_up,adl,6,real_hardware
33.815,0.716,-0.494,-0.48,11.125,20.5,-12.75,565.7641532756618,standing_up,adl,6,real_hardware
33.82,0.718,-0.494,-0.466,-0.75,14.75,-12.0,565.7641532756618,standing_up,adl,6,real_hardware
33.825,0.714,-0.494,-0.476,6.125,13.25,-8.75,565.7641532756618,standing_up,adl,6,real_hardware
33.83,0.726,-0.486,-0.47,6.5,12.125,-13.875,565.7486661160132,standing_up,adl,6,real_hardware
33.835,0.732,-0.48,-0.462,7.5,12.625,-15.375,565.7486661160132,standing_up,adl,6,real_hardware
33.84,0.736,-0.484,-0.468,8.625,14.125,-18.875,565.7536573159105,standing_up,adl,6,real_hardware
33.845,0.732,-0.482,-0.462,10.125,5.25,-6.25,565.7536573159105,standing_up,adl,6,real_hardware
33.85,0.736,-0.476,-0.458,11.25,12.0,-10.25,565.7536573159105,standing_up,adl,6,real_hardware
33.855,0.738,-0.49,-0.468,0.625,13.5,-13.125,565.7586485710713,standing_up,adl,6,real_hardware
33.86,0.742,-0.498,-0.453,9.625,18.125,-15.875,565.7586485710713,standing_up,adl,6,real_hardware
33.865,0.748,-0.496,-0.455,7.75,17.0,-18.75,565.7586485710713,standing_up,adl,6,real_hardware
33.87,0.757,-0.498,-0.443,12.375,12.25,-14.375,565.7586485710713,standing_up,adl,6,real_hardware
33.875,0.746,-0.492,-0.433,-0.125,6.25,-10.25,565.7636398814961,standing_up,adl,6,real_hardware
33.88,0.751,-0.494,-0.423,3.75,22.125,-16.375,565.7636398814961,standing_up,adl,6,real_hardware
33.885,0.765,-0.496,-0.431,5.875,12.5,-17.25,565.7636398814961,standing_up,adl,6,real_hardware
33.89,0.763,-0.492,-0.429,9.5,20.25,-15.375,565.779127450898,standing_up,adl,6,real_hardware
33.895,0.765,-0.488,-0.431,-0.5,15.625,-14.125,565.779127450898,standing_up,adl,6,real_hardware
33.9,0.759,-0.478,-0.431,5.375,21.25,-16.5,565.7636398814961,standing_up,adl,6,real_hardware
33.905,0.761,-0.474,-0.431,2.625,18.75,-22.25,565.7686312471856,standing_up,adl,6,real_hardware
33.91,0.759,-0.47,-0.437,-3.5,6.875,-14.25,565.7531435497106,standing_up,adl,6,real_hardware
33.915,0.763,-0.466,-0.431,9.625,19.5,-12.125,565.7531435497106,standing_up,adl,6,real_hardware
33.92,0.763,-0.462,-0.433,2.75,13.25,-12.5,565.7531435497106,standing_up,adl,6,real_hardware
33.925,0.765,-0.458,-0.439,0.0,19.0,-15.5,565.7531435497106,standing_up,adl,6,real_hardware
33.93,0.775,-0.464,-0.441,1.375,17.625,-12.0,565.7376558607499,standing_up,adl,6,real_hardware
33.935,0.771,-0.458,-0.425,6.25,16.5,-12.625,565.7376558607499,standing_up,adl,6,real_hardware
33.94,0.781,-0.458,-0.429,10.5,8.875,-15.25,565.7531435497106,standing_up,adl,6,real_hardware
33.945,0.777,-0.462,-0.433,5.25,17.875,-11.5,565.7531435497106,standing_up,adl,6,real_hardware
33.95,0.779,-0.46,-0.425,8.75,15.375,-15.375,565.7481523206084,standing_up,adl,6,real_hardware
33.955,0.785,-0.472,-0.419,11.75,24.125,-18.875,565.743161146769,standing_up,adl,6,real_hardware
33.96,0.789,-0.47,-0.423,7.125,16.375,-9.125,565.743161146769,standing_up,adl,6,real_hardware
33.965,0.779,-0.464,-0.421,6.375,13.875,-20.0,565.7381700281926,standing_up,adl,6,real_hardware
33.97,0.785,-0.458,-0.416,11.0,13.625,-17.75,565.7381700281926,standing_up,adl,6,real_hardware
33.975,0.785,-0.457,-0.412,2.0,11.125,-3.75,565.7381700281926,standing_up,adl,6,real_hardware
33.98,0.796,-0.464,-0.414,1.625,14.375,-7.375,565.7381700281926,standing_up,adl,6,real_hardware
33.985,0.806,-0.464,-0.406,5.25,22.375,-18.875,565.7381700281926,standing_up,adl,6,real_hardware
33.99,0.794,-0.462,-0.408,13.0,15.75,-13.125,565.7381700281926,standing_up,adl,6,real_hardware
33.995,0.792,-0.457,-0.406,6.375,17.625,-20.375,565.7381700281926,standing_up,adl,6,real_hardware
34.0,0.796,-0.455,-0.406,7.0,18.75,-8.75,565.7331789648782,standing_up,adl,6,real_hardware
34.005,0.789,-0.453,-0.4,-0.625,14.375,-11.75,565.7281879568255,standing_up,adl,6,real_hardware
34.01,0.789,-0.451,-0.408,11.5,14.625,-10.75,565.7331789648782,standing_up,adl,6,real_hardware
34.015,0.789,-0.445,-0.404,6.5,18.0,-15.125,565.7331789648782,standing_up,adl,6,real_hardware
34.02,0.785,-0.447,-0.404,9.625,19.25,-20.375,565.7331789648782,standing_up,adl,6,real_hardware
34.025,0.789,-0.451,-0.4,4.5,13.125,-7.625,565.7381700281926,standing_up,adl,6,real_hardware
34.03,0.792,-0.445,-0.394,6.125,17.0,-22.125,565.7381700281926,standing_up,adl,6,real_hardware
34.035,0.789,-0.441,-0.396,2.375,23.25,-9.125,565.743161146769,standing_up,adl,6,real_hardware
34.04,0.796,-0.441,-0.396,9.25,11.875,-16.5,565.743161146769,standing_up,adl,6,real_hardware
34.045,0.802,-0.443,-0.392,16.0,21.0,-11.625,565.743161146769,standing_up,adl,6,real_hardware
34.05,0.804,-0.449,-0.39,3.5,14.25,-13.0,565.743161146769,standing_up,adl,6,real_hardware
34.055,0.802,-0.449,-0.386,8.5,22.25,-11.625,565.743161146769,standing_up,adl,6,real_hardware
34.06,0.8,-0.447,-0.394,8.25,16.625,-13.875,565.7276737309808,standing_up,adl,6,real_hardware
34.065,0.806,-0.455,-0.388,8.875,17.0,-7.875,565.743161146769,standing_up,adl,6,real_hardware
34.07,0.806,-0.449,-0.388,0.75,15.875,-10.625,565.743161146769,standing_up,adl,6,real_hardware
34.075,0.808,-0.447,-0.38,0.125,18.5,-15.5,565.7326647682345,standing_up,adl,6,real_hardware
34.08,0.804,-0.445,-0.382,4.875,18.125,-19.75,565.7326647682345,standing_up,adl,6,real_hardware
34.085,0.798,-0.451,-0.375,8.75,17.375,-15.5,565.7326647682345,standing_up,adl,6,real_hardware
34.09,0.798,-0.445,-0.38,5.75,19.125,-16.0,565.717177224375,standing_up,adl,6,real_hardware
34.095,0.796,-0.447,-0.373,12.0,25.0,-15.75,565.717177224375,standing_up,adl,6,real_hardware
34.1,0.794,-0.447,-0.373,8.0,22.125,-8.625,565.7376558607499,standing_up,adl,6,real_hardware
34.105,0.8,-0.441,-0.367,6.0,19.75,-14.5,565.7376558607499,standing_up,adl,6,real_hardware
34.11,0.808,-0.439,-0.369,6.625,20.25,-15.125,565.7531435497106,standing_up,adl,6,real_hardware
34.115,0.806,-0.437,-0.371,10.125,22.75,-15.0,565.7531435497106,standing_up,adl,6,real_hardware
34.12,0.804,-0.431,-0.371,10.25,19.375,-18.625,565.7376558607499,standing_up,adl,6,real_hardware
34.125,0.81,-0.433,-0.369,15.25,19.75,-7.0,565.7376558607499,standing_up,adl,6,real_hardware
34.13,0.812,-0.421,-0.363,10.75,24.0,-20.25,565.7376558607499,standing_up,adl,6,real_hardware
34.135,0.822,-0.427,-0.357,18.375,32.0,-19.25,565.7376558607499,standing_up,adl,6,real_hardware
34.14,0.832,-0.421,-0.359,7.375,13.5,-18.625,565.7376558607499,standing_up,adl,6,real_hardware
34.145,0.833,-0.417,-0.347,11.0,17.5,-13.0,565.7326647682345,standing_up,adl,6,real_hardware
34.15,0.839,-0.412,-0.351,5.125,18.875,-12.125,565.7326647682345,standing_up,adl,6,real_hardware
34.155,0.83,-0.419,-0.353,10.25,18.125,-13.375,565.7326647682345,standing_up,adl,6,real_hardware
34.16,0.828,-0.421,-0.341,10.25,24.125,-14.125,565.7276737309808,standing_up,adl,6,real_hardware
34.165,0.837,-0.421,-0.339,16.25,29.25,-17.875,565.7326647682345,standing_up,adl,6,real_hardware
34.17,0.845,-0.423,-0.337,15.5,27.375,-15.0,565.7326647682345,standing_up,adl,6,real_hardware
34.175,0.845,-0.421,-0.341,10.125,26.625,-15.0,565.7326647682345,standing_up,adl,6,real_hardware
34.18,0.849,-0.419,-0.337,13.875,29.0,-12.5,565.7326647682345,standing_up,adl,6,real_hardware
34.185,0.847,-0.421,-0.333,10.125,32.75,-13.75,565.7326647682345,standing_up,adl,6,real_hardware
34.19,0.851,-0.419,-0.326,15.875,31.25,-14.875,565.7326647682345,standing_up,adl,6,real_hardware
34.195,0.851,-0.421,-0.32,12.5,26.875,-10.75,565.7326647682345,standing_up,adl,6,real_hardware
34.2,0.865,-0.425,-0.31,6.375,36.0,-15.875,565.7326647682345,standing_up,adl,6,real_hardware
34.205,0.857,-0.431,-0.308,7.625,28.625,-14.625,565.7326647682345,standing_up,adl,6,real_hardware
34.21,0.855,-0.437,-0.302,13.125,33.5,-14.75,565.7326647682345,standing_up,adl,6,real_hardware
34.215,0.857,-0.439,-0.281,11.5,35.875,-15.75,565.743161146769,standing_up,adl,6,real_hardware
34.22,0.859,-0.447,-0.269,8.875,27.75,-13.25,565.7381700281926,standing_up,adl,6,real_hardware
34.225,0.861,-0.455,-0.238,12.375,23.625,-15.0,565.7331789648782,standing_up,adl,6,real_hardware
34.23,0.847,-0.462,-0.195,0.375,26.375,-7.25,565.7331789648782,standing_up,adl,6,real_hardware
34.235,0.833,-0.472,-0.154,4.625,28.0,-15.0,565.7381700281926,standing_up,adl,6,real_hardware
34.24,0.8,-0.505,-0.13,1.875,21.875,-14.25,565.7536573159105,standing_up,adl,6,real_hardware
34.245,0.791,-0.511,-0.13,-6.625,26.0,-21.25,565.7586485710713,standing_up,adl,6,real_hardware
34.25,0.773,-0.486,-0.156,-0.25,20.75,-17.0,565.743161146769,standing_up,adl,6,real_hardware
34.255,0.757,-0.431,-0.162,-10.875,25.625,-24.375,565.743161146769,standing_up,adl,6,real_hardware
34.26,0.759,-0.369,-0.169,-8.625,24.375,-25.75,565.743161146769,standing_up,adl,6,real_hardware
34.265,0.783,-0.302,-0.201,0.25,15.0,-21.0,565.743161146769,standing_up,adl,6,real_hardware
34.27,0.812,-0.248,-0.238,-5.875,22.25,-22.875,565.7481523206084,standing_up,adl,6,real_hardware
34.275,0.818,-0.205,-0.298,-1.5,18.25,-28.125,565.7481523206084,standing_up,adl,6,real_hardware
34.28,0.845,-0.179,-0.357,-1.875,13.125,-9.0,565.7481523206084,standing_up,adl,6,real_hardware
34.285,0.873,-0.166,-0.384,3.875,15.75,-16.625,565.7481523206084,standing_up,adl,6,real_hardware
34.29,0.908,-0.148,-0.396,7.75,23.0,-21.0,565.7481523206084,standing_up,adl,6,real_hardware
34.295,0.947,-0.142,-0.373,20.5,21.75,-11.5,565.7276737309808,standing_up,adl,6,real_hardware
34.3,0.986,-0.148,-0.361,16.625,13.375,-12.75,565.7276737309808,standing_up,adl,6,real_hardware
34.305,1.033,-0.167,-0.332,30.75,22.625,-10.5,565.7121863237065,standing_up,adl,6,real_hardware
34.31,1.076,-0.191,-0.291,33.75,16.625,-7.875,565.7016896890292,standing_up,adl,6,real_hardware
34.315,1.105,-0.214,-0.273,27.875,16.625,5.625,565.7016896890292,standing_up,adl,6,real_hardware
34.32,1.15,-0.259,-0.238,28.125,13.25,2.25,565.7016896890292,standing_up,adl,6,real_hardware
34.325,1.154,-0.292,-0.238,32.875,22.125,4.625,565.7066805083712,standing_up,adl,6,real_hardware
34.33,1.138,-0.302,-0.244,30.625,14.625,8.25,565.6911928449531,standing_up,adl,6,real_hardware
34.335,1.125,-0.294,-0.251,22.375,22.375,11.375,565.6911928449531,standing_up,adl,6,real_hardware
34.34,1.093,-0.267,-0.267,26.0,19.25,8.25,565.675705190049,standing_up,adl,6,real_hardware
34.345,1.082,-0.232,-0.281,28.125,20.75,15.625,565.675705190049,standing_up,adl,6,real_hardware
34.35,1.046,-0.22,-0.291,40.375,28.125,12.5,565.6707146438802,standing_up,adl,6,real_hardware
34.355,1.023,-0.214,-0.289,34.625,25.0,18.25,565.6707146438802,standing_up,adl,6,real_hardware
34.36,0.99,-0.218,-0.285,45.625,17.125,18.625,565.6552271340767,standing_up,adl,6,real_hardware
34.365,0.968,-0.25,-0.285,48.25,20.125,22.875,565.6552271340767,standing_up,adl,6,real_hardware
34.37,0.945,-0.277,-0.267,40.75,20.75,11.75,565.6552271340767,standing_up,adl,6,real_hardware
34.375,0.917,-0.287,-0.242,47.375,8.125,14.125,565.6552271340767,standing_up,adl,6,real_hardware
34.38,0.906,-0.326,-0.212,47.625,13.5,11.25,565.6502367797484,standing_up,adl,6,real_hardware
34.385,0.89,-0.369,-0.21,46.0,5.875,9.0,565.6502367797484,standing_up,adl,6,real_hardware
34.39,0.886,-0.41,-0.207,49.0,14.75,5.0,565.6552271340767,standing_up,adl,6,real_hardware
34.395,0.876,-0.437,-0.205,45.125,1.875,0.625,565.6552271340767,standing_up,adl,6,real_hardware
34.4,0.873,-0.458,-0.222,53.125,10.625,2.25,565.6397396327873,standing_up,adl,6,real_hardware
34.405,0.869,-0.484,-0.212,53.375,4.125,-0.75,565.6397396327873,standing_up,adl,6,real_hardware
34.41,0.859,-0.5,-0.212,46.75,14.375,4.0,565.6397396327873,standing_up,adl,6,real_hardware
34.415,0.857,-0.498,-0.21,38.625,7.0,6.125,565.624252140012,standing_up,adl,6,real_hardware
34.42,0.839,-0.501,-0.21,40.75,6.375,1.875,565.624252140012,standing_up,adl,6,real_hardware
34.425,0.818,-0.515,-0.203,36.5,4.25,3.75,565.624252140012,standing_up,adl,6,real_hardware
34.43,0.791,-0.513,-0.191,37.375,8.125,10.25,565.6192620588529,standing_up,adl,6,real_hardware
34.435,0.771,-0.529,-0.197,45.875,11.125,-1.0,565.6142720329453,standing_up,adl,6,real_hardware
34.44,0.759,-0.523,-0.193,34.5,18.625,10.625,565.5987848218515,standing_up,adl,6,real_hardware
34.445,0.757,-0.527,-0.179,43.875,16.5,0.0,565.5888052089508,standing_up,adl,6,real_hardware
34.45,0.773,-0.527,-0.181,37.875,18.625,3.875,565.5937949877766,standing_up,adl,6,real_hardware
34.455,0.783,-0.513,-0.179,33.375,20.25,2.375,565.5937949877766,standing_up,adl,6,real_hardware
34.46,0.806,-0.496,-0.181,28.375,13.625,9.5,565.5937949877766,standing_up,adl,6,real_hardware
34.465,0.82,-0.472,-0.181,30.625,17.25,9.5,565.5937949877766,standing_up,adl,6,real_hardware
34.47,0.841,-0.447,-0.193,28.0,19.125,-1.375,565.588287372013,standing_up,adl,6,real_hardware
34.475,0.847,-0.435,-0.193,32.75,20.75,-1.125,565.588287372013,standing_up,adl,6,real_hardware
34.48,0.873,-0.408,-0.191,32.75,26.375,-0.25,565.588287372013,standing_up,adl,6,real_hardware
34.485,0.886,-0.359,-0.179,30.0,21.375,9.0,565.588287372013,standing_up,adl,6,real_hardware
34.49,0.886,-0.351,-0.175,37.875,21.25,-4.625,565.588287372013,standing_up,adl,6,real_hardware
34.495,0.886,-0.361,-0.164,40.5,14.625,5.75,565.588287372013,standing_up,adl,6,real_hardware
34.5,0.89,-0.376,-0.156,39.25,21.5,5.5,565.588287372013,standing_up,adl,6,real_hardware
34.505,0.896,-0.396,-0.15,35.125,18.25,8.25,565.5932771800034,standing_up,adl,6,real_hardware
34.51,0.884,-0.408,-0.146,42.75,23.0,-0.875,565.5932771800034,standing_up,adl,6,real_hardware
34.515,0.88,-0.425,-0.142,41.875,12.375,2.5,565.5932771800034,standing_up,adl,6,real_hardware
34.52,0.882,-0.439,-0.134,39.875,14.375,0.5,565.5982670432429,standing_up,adl,6,real_hardware
34.525,0.882,-0.451,-0.119,30.125,13.125,-0.125,565.5982670432429,standing_up,adl,6,real_hardware
34.53,0.876,-0.453,-0.107,34.375,31.875,-1.375,565.6032569617319,standing_up,adl,6,real_hardware
34.535,0.876,-0.441,-0.091,33.375,20.125,0.375,565.5877692213265,standing_up,adl,6,real_hardware
34.54,0.878,-0.431,-0.095,43.5,28.25,-4.25,565.5827794394243,standing_up,adl,6,real_hardware
34.545,0.882,-0.417,-0.085,39.375,18.5,15.125,565.5877692213265,standing_up,adl,6,real_hardware
34.55,0.876,-0.398,-0.101,40.0,14.875,5.625,565.5982670432429,standing_up,adl,6,real_hardware
34.555,0.873,-0.376,-0.125,38.625,29.875,13.25,565.5982670432429,standing_up,adl,6,real_hardware
34.56,0.865,-0.365,-0.126,38.375,21.125,5.0,565.5982670432429,standing_up,adl,6,real_hardware
34.565,0.863,-0.369,-0.154,35.75,21.25,1.875,565.5982670432429,standing_up,adl,6,real_hardware
34.57,0.857,-0.386,-0.158,53.75,19.125,9.875,565.5932771800034,standing_up,adl,6,real_hardware
34.575,0.857,-0.392,-0.175,53.75,23.625,11.25,565.5777897127704,standing_up,adl,6,real_hardware
34.58,0.857,-0.408,-0.171,44.375,22.75,8.375,565.5932771800034,standing_up,adl,6,real_hardware
34.585,0.867,-0.412,-0.169,43.5,19.125,7.875,565.5932771800034,standing_up,adl,6,real_hardware
34.59,0.871,-0.404,-0.166,45.875,30.0,7.875,565.5982670432429,standing_up,adl,6,real_hardware
34.595,0.875,-0.404,-0.154,47.375,29.25,13.25,565.5777897127704,standing_up,adl,6,real_hardware
34.6,0.9,-0.394,-0.16,52.375,33.125,3.125,565.5777897127704,standing_up,adl,6,real_hardware
34.605,0.927,-0.394,-0.144,48.0,32.875,15.0,565.5623022540511,standing_up,adl,6,real_hardware
34.61,0.96,-0.363,-0.121,49.875,36.375,17.5,565.5623022540511,standing_up,adl,6,real_hardware
34.615,0.976,-0.351,-0.119,45.375,35.5,15.25,565.5623022540511,standing_up,adl,6,real_hardware
34.62,0.98,-0.343,-0.101,56.75,29.5,15.625,565.5623022540511,standing_up,adl,6,real_hardware
34.625,0.964,-0.359,-0.095,68.375,47.125,7.375,565.5573127192288,standing_up,adl,6,real_hardware
34.63,0.929,-0.376,-0.082,65.0,39.75,20.0,565.5573127192288,standing_up,adl,6,real_hardware
34.635,0.878,-0.406,-0.041,70.75,36.125,11.875,565.5573127192288,standing_up,adl,6,real_hardware
34.64,0.855,-0.425,-0.013,64.0,41.625,17.75,565.5573127192288,standing_up,adl,6,real_hardware
34.645,0.81,-0.468,0.085,60.625,30.75,12.0,565.5573127192288,standing_up,adl,6,real_hardware
34.65,0.775,-0.482,0.132,66.0,29.75,7.5,565.5623022540511,standing_up,adl,6,real_hardware
34.655,0.767,-0.468,0.152,51.375,22.875,5.75,565.5623022540511,standing_up,adl,6,real_hardware
34.66,0.775,-0.441,0.158,45.625,25.75,1.5,565.5623022540511,standing_up,adl,6,real_hardware
34.665,0.8,-0.408,0.13,44.375,34.375,6.5,565.5623022540511,standing_up,adl,6,real_hardware
34.67,0.818,-0.378,0.083,35.5,29.125,13.5,565.5777897127704,standing_up,adl,6,real_hardware
34.675,0.845,-0.361,0.042,40.875,28.125,2.0,565.5623022540511,standing_up,adl,6,real_hardware
34.68,0.869,-0.345,-0.001,42.0,25.5,0.75,565.5418254056075,standing_up,adl,6,real_hardware
34.685,0.91,-0.324,-0.027,52.0,29.5,-1.75,565.5623022540511,standing_up,adl,6,real_hardware
34.69,0.937,-0.306,-0.062,48.625,27.375,1.375,565.5623022540511,standing_up,adl,6,real_hardware
34.695,0.949,-0.298,-0.042,49.625,28.375,8.875,565.5672918441198,standing_up,adl,6,real_hardware
34.7,0.951,-0.3,0.007,61.625,35.625,9.25,565.5623022540511,standing_up,adl,6,real_hardware
34.705,0.947,-0.343,0.037,50.5,36.0,-1.5,565.5573127192288,standing_up,adl,6,real_hardware
34.71,0.941,-0.357,0.074,55.125,33.625,3.125,565.5573127192288,standing_up,adl,6,real_hardware
34.715,0.937,-0.392,0.134,59.625,42.75,9.125,565.5468148038461,standing_up,adl,6,real_hardware
34.72,0.933,-0.427,0.177,51.75,45.125,-4.875,565.5468148038461,standing_up,adl,6,real_hardware
34.725,0.923,-0.443,0.183,49.625,44.125,-1.625,565.5623022540511,standing_up,adl,6,real_hardware
34.73,0.916,-0.437,0.169,36.25,51.375,5.0,565.5623022540511,standing_up,adl,6,real_hardware
34.735,0.896,-0.423,0.125,38.125,49.75,8.625,565.5623022540511,standing_up,adl,6,real_hardware
34.74,0.882,-0.417,0.103,39.875,51.25,10.125,565.5623022540511,standing_up,adl,6,real_hardware
34.745,0.865,-0.412,0.066,47.25,62.625,7.0,565.5623022540511,standing_up,adl,6,real_hardware
34.75,0.837,-0.406,0.07,49.625,58.375,14.125,565.5623022540511,standing_up,adl,6,real_hardware
34.755,0.822,-0.402,0.072,45.5,68.625,14.125,565.5418254056075,standing_up,adl,6,real_hardware
34.76,0.773,-0.394,0.072,48.375,69.625,12.375,565.5468148038461,standing_up,adl,6,real_hardware
34.765,0.734,-0.421,0.085,45.75,67.875,16.625,565.5468148038461,standing_up,adl,6,real_hardware
34.77,0.734,-0.458,0.111,38.75,73.25,19.75,565.5468148038461,standing_up,adl,6,real_hardware
34.775,0.73,-0.484,0.142,40.375,77.25,28.25,565.5313273621553,standing_up,adl,6,real_hardware
34.78,0.732,-0.486,0.136,32.75,77.875,18.875,565.5313273621553,standing_up,adl,6,real_hardware
34.785,0.755,-0.47,0.144,37.875,79.75,25.875,565.5158399289783,standing_up,adl,6,real_hardware
34.79,0.777,-0.472,0.15,36.5,67.875,18.0,565.5158399289783,standing_up,adl,6,real_hardware
34.795,0.808,-0.439,0.183,25.875,78.375,17.0,565.5158399289783,standing_up,adl,6,real_hardware
34.8,0.841,-0.421,0.191,27.375,75.875,22.125,565.5158399289783,standing_up,adl,6,real_hardware
34.805,0.857,-0.408,0.187,35.25,77.875,21.625,565.5108508039068,standing_up,adl,6,real_hardware
34.81,0.873,-0.384,0.191,36.0,78.75,30.75,565.5158399289783,standing_up,adl,6,real_hardware
34.815,0.892,-0.373,0.193,39.125,80.375,25.625,565.5108508039068,standing_up,adl,6,real_hardware
34.82,0.888,-0.38,0.193,39.75,80.875,32.75,565.5108508039068,standing_up,adl,6,real_hardware
34.825,0.888,-0.39,0.199,38.875,84.25,23.5,565.5158399289783,standing_up,adl,6,real_hardware
34.83,0.894,-0.414,0.207,40.125,77.625,31.25,565.5313273621553,standing_up,adl,6,real_hardware
34.835,0.884,-0.443,0.232,44.625,78.625,24.25,565.5313273621553,standing_up,adl,6,real_hardware
34.84,0.888,-0.474,0.287,26.5,67.875,34.625,565.5108508039068,standing_up,adl,6,real_hardware
34.845,0.888,-0.49,0.322,32.75,76.0,29.375,565.5108508039068,standing_up,adl,6,real_hardware
34.85,0.869,-0.492,0.318,32.75,71.0,23.125,565.5108508039068,standing_up,adl,6,real_hardware
34.855,0.853,-0.474,0.328,31.875,67.75,35.625,565.5108508039068,standing_up,adl,6,real_hardware
34.86,0.824,-0.462,0.333,31.5,58.875,39.0,565.5008727194885,standing_up,adl,6,real_hardware
34.865,0.796,-0.455,0.365,39.125,67.375,29.25,565.5008727194885,standing_up,adl,6,real_hardware
34.87,0.767,-0.429,0.382,36.875,48.75,30.25,565.5008727194885,standing_up,adl,6,real_hardware
34.875,0.742,-0.437,0.392,39.75,41.875,31.75,565.5008727194885,standing_up,adl,6,real_hardware
34.88,0.718,-0.451,0.416,33.0,33.375,35.0,565.5008727194885,standing_up,adl,6,real_hardware
34.885,0.697,-0.48,0.425,40.625,30.25,36.0,565.5008727194885,standing_up,adl,6,real_hardware
34.89,0.689,-0.49,0.429,45.0,33.375,23.375,565.4853857045714,standing_up,adl,6,real_hardware
34.895,0.669,-0.494,0.437,40.125,24.875,25.5,565.4853857045714,standing_up,adl,6,real_hardware
34.9,0.626,-0.501,0.453,42.125,23.5,19.875,565.5008727194885,standing_up,adl,6,real_hardware
34.905,0.617,-0.482,0.474,44.75,23.125,11.0,565.5008727194885,standing_up,adl,6,real_hardware
34.91,0.597,-0.472,0.46,42.375,22.5,20.625,565.5008727194885,standing_up,adl,6,real_hardware
34.915,0.587,-0.478,0.449,41.75,35.125,17.5,565.5008727194885,standing_up,adl,6,real_hardware
34.92,0.601,-0.494,0.447,30.875,22.75,24.25,565.5163597429191,standing_up,adl,6,real_hardware
34.925,0.603,-0.486,0.439,42.875,23.625,19.375,565.5163597429191,standing_up,adl,6,real_hardware
34.93,0.626,-0.492,0.455,38.125,33.125,12.875,565.5163597429191,standing_up,adl,6,real_hardware
34.935,0.638,-0.5,0.46,34.75,39.375,6.25,565.511370646992,standing_up,adl,6,real_hardware
34.94,0.634,-0.501,0.476,25.75,42.125,8.625,565.5063816063065,standing_up,adl,6,real_hardware
34.945,0.615,-0.496,0.482,29.625,40.0,11.875,565.511370646992,standing_up,adl,6,real_hardware
34.95,0.617,-0.486,0.47,37.625,56.625,16.75,565.5163597429191,standing_up,adl,6,real_hardware
34.955,0.609,-0.49,0.462,24.625,56.5,20.5,565.5213488940884,standing_up,adl,6,real_hardware
34.96,0.599,-0.462,0.458,28.75,44.5,19.75,565.5213488940884,standing_up,adl,6,real_hardware
34.965,0.623,-0.486,0.476,32.75,46.25,27.625,565.5213488940884,standing_up,adl,6,real_hardware
34.97,0.66,-0.498,0.46,24.125,43.5,16.875,565.5213488940884,standing_up,adl,6,real_hardware
34.975,0.691,-0.492,0.453,27.75,54.25,25.375,565.5213488940884,standing_up,adl,6,real_hardware
34.98,0.701,-0.464,0.394,30.0,43.875,22.125,565.5213488940884,standing_up,adl,6,real_hardware
34.985,0.728,-0.503,0.419,23.25,37.125,43.25,565.5058617340769,standing_up,adl,6,real_hardware
34.99,0.732,-0.501,0.394,24.875,45.625,25.25,565.5058617340769,standing_up,adl,6,real_hardware
34.995,0.732,-0.496,0.404,21.25,34.25,20.875,565.5213488940884,standing_up,adl,6,real_hardware
35.0,0.722,-0.492,0.373,18.875,39.375,29.25,565.5263381005002,standing_up,adl,6,real_hardware
35.005,0.691,-0.507,0.357,22.375,36.625,21.25,565.5213488940884,standing_up,adl,6,real_hardware
35.01,0.707,-0.533,0.406,19.625,30.25,23.0,565.5213488940884,standing_up,adl,6,real_hardware
35.015,0.689,-0.564,0.414,17.125,30.0,28.0,565.5058617340769,standing_up,adl,6,real_hardware
35.02,0.671,-0.568,0.458,29.375,36.75,21.0,565.5058617340769,standing_up,adl,6,real_hardware
35.025,0.664,-0.589,0.48,19.375,34.25,20.25,565.5058617340769,standing_up,adl,6,real_hardware
35.03,0.644,-0.578,0.515,19.125,35.875,8.875,565.5108508039068,standing_up,adl,6,real_hardware
35.035,0.634,-0.587,0.527,15.25,41.125,13.5,565.4953635158273,standing_up,adl,6,real_hardware
35.04,0.648,-0.591,0.531,17.875,31.875,23.125,565.5158399289783,standing_up,adl,6,real_hardware
35.045,0.646,-0.583,0.509,14.5,38.625,15.75,565.5158399289783,standing_up,adl,6,real_hardware
35.05,0.617,-0.556,0.513,23.625,34.75,11.375,565.5158399289783,standing_up,adl,6,real_hardware
35.055,0.644,-0.548,0.507,13.125,32.25,13.375,565.5158399289783,standing_up,adl,6,real_hardware
35.06,0.642,-0.552,0.498,18.5,28.25,18.625,565.5158399289783,standing_up,adl,6,real_hardware
35.065,0.628,-0.541,0.464,15.5,30.25,13.875,565.520829109292,standing_up,adl,6,real_hardware
35.07,0.636,-0.554,0.464,19.375,33.375,17.25,565.520829109292,standing_up,adl,6,real_hardware
35.075,0.638,-0.556,0.451,4.25,34.0,18.375,565.520829109292,standing_up,adl,6,real_hardware
35.08,0.634,-0.542,0.439,24.0,27.0,18.625,565.520829109292,standing_up,adl,6,real_hardware
35.085,0.664,-0.507,0.425,23.25,29.75,16.625,565.520829109292,standing_up,adl,6,real_hardware
35.09,0.689,-0.49,0.414,20.375,30.25,22.0,565.520829109292,standing_up,adl,6,real_hardware
35.095,0.714,-0.468,0.382,26.125,39.75,7.25,565.5158399289783,standing_up,adl,6,real_hardware
35.1,0.728,-0.458,0.365,27.125,32.75,19.125,565.5158399289783,standing_up,adl,6,real_hardware
35.105,0.712,-0.445,0.371,21.25,31.875,20.125,565.5313273621553,standing_up,adl,6,real_hardware
35.11,0.699,-0.447,0.382,33.125,24.5,10.125,565.520829109292,standing_up,adl,6,real_hardware
35.115,0.693,-0.455,0.412,27.75,31.125,9.0,565.520829109292,standing_up,adl,6,real_hardware
35.12,0.689,-0.472,0.427,24.875,18.625,12.0,565.520829109292,standing_up,adl,6,real_hardware
35.125,0.683,-0.503,0.443,29.375,22.375,12.875,565.520829109292,standing_up,adl,6,real_hardware
35.13,0.693,-0.519,0.466,35.375,14.625,20.375,565.520829109292,standing_up,adl,6,real_hardware
35.135,0.707,-0.527,0.468,29.75,11.75,20.75,565.520829109292,standing_up,adl,6,real_hardware
35.14,0.712,-0.552,0.468,38.125,18.25,11.5,565.5363166790537,standing_up,adl,6,real_hardware
35.145,0.695,-0.566,0.466,33.75,18.875,20.0,565.5363166790537,standing_up,adl,6,real_hardware
35.15,0.689,-0.574,0.48,31.75,16.0,22.0,565.5363166790537,standing_up,adl,6,real_hardware
35.155,0.675,-0.578,0.494,28.875,16.625,22.625,565.5363166790537,standing_up,adl,6,real_hardware
35.16,0.66,-0.605,0.515,28.375,25.5,16.125,565.5363166790537,standing_up,adl,6,real_hardware
35.165,0.634,-0.65,0.552,30.625,27.125,9.5,565.5363166790537,standing_up,adl,6,real_hardware
35.17,0.58,-0.685,0.587,23.5,31.875,13.5,565.5313273621553,standing_up,adl,6,real_hardware
35.175,0.531,-0.72,0.619,19.875,31.75,10.625,565.5468148038461,standing_up,adl,6,real_hardware
35.18,0.474,-0.755,0.65,14.125,36.375,6.125,565.5468148038461,standing_up,adl,6,real_hardware
35.185,0.457,-0.789,0.671,11.0,34.375,6.75,565.5313273621553,standing_up,adl,6,real_hardware
35.19,0.451,-0.794,0.673,18.625,46.25,11.125,565.5468148038461,standing_up,adl,6,real_hardware
35.195,0.488,-0.765,0.644,2.375,42.625,11.25,565.5523232396523,standing_up,adl,6,real_hardware
35.2,0.482,-0.718,0.617,1.625,60.0,4.5,565.5523232396523,standing_up,adl,6,real_hardware
35.205,0.496,-0.687,0.576,11.625,65.0,8.5,565.5523232396523,standing_up,adl,6,real_hardware
35.21,0.539,-0.621,0.548,0.375,72.125,12.25,565.5523232396523,standing_up,adl,6,real_hardware
35.215,0.587,-0.58,0.548,0.0,74.125,7.875,565.5573127192288,standing_up,adl,6,real_hardware
35.22,0.58,-0.537,0.544,9.75,79.5,10.75,565.5728000413638,standing_up,adl,6,real_hardware
35.225,0.652,-0.548,0.57,9.5,73.5,9.375,565.5728000413638,standing_up,adl,6,real_hardware
35.23,0.708,-0.574,0.609,0.375,81.0,13.5,565.588287372013,standing_up,adl,6,real_hardware
35.235,0.83,-0.607,0.628,1.0,70.0,9.25,565.588287372013,standing_up,adl,6,real_hardware
35.24,0.818,-0.583,0.597,4.5,72.75,-1.625,565.6037747111759,standing_up,adl,6,real_hardware
35.245,0.843,-0.57,0.589,2.625,71.625,-8.25,565.6037747111759,standing_up,adl,6,real_hardware
35.25,0.888,-0.58,0.591,-4.0,62.75,-2.875,565.6037747111759,standing_up,adl,6,real_hardware
35.255,0.89,-0.585,0.593,-11.625,66.5,-2.875,565.6192620588529,standing_up,adl,6,real_hardware
35.26,0.89,-0.595,0.615,-8.0,54.5,-5.5,565.6397396327873,standing_up,adl,6,real_hardware
35.265,0.845,-0.625,0.599,-14.625,49.5,-4.25,565.6397396327873,standing_up,adl,6,real_hardware
35.27,0.816,-0.613,0.585,-14.375,46.5,0.5,565.6397396327873,standing_up,adl,6,real_hardware
35.275,0.804,-0.607,0.597,-12.125,37.125,-3.5,565.6552271340767,standing_up,adl,6,real_hardware
35.28,0.8,-0.623,0.605,-12.125,35.625,-1.375,565.6602175436594,standing_up,adl,6,real_hardware
35.285,0.781,-0.628,0.609,-11.0,43.0,-8.375,565.644729905784,standing_up,adl,6,real_hardware
35.29,0.765,-0.626,0.615,-2.125,41.875,-9.0,565.6552271340767,standing_up,adl,6,real_hardware
35.295,0.746,-0.646,0.642,-3.5,39.25,-12.5,565.6552271340767,standing_up,adl,6,real_hardware
35.3,0.708,-0.675,0.658,-0.5,46.625,-7.875,565.6552271340767,standing_up,adl,6,real_hardware
35.305,0.671,-0.689,0.671,-4.375,45.75,-14.0,565.6602175436594,standing_up,adl,6,real_hardware
35.31,0.63,-0.708,0.697,-3.0,42.875,-7.375,565.6602175436594,standing_up,adl,6,real_hardware
35.315,0.582,-0.73,0.71,-7.875,37.75,-24.5,565.6302759149738,standing_up,adl,6,real_hardware
35.32,0.562,-0.734,0.74,-3.125,31.0,-28.75,565.6352660482877,standing_up,adl,6,real_hardware
35.325,0.548,-0.732,0.771,-14.375,30.875,-28.5,565.6202958141025,standing_up,adl,6,real_hardware
35.33,0.541,-0.757,0.781,-25.875,23.0,-43.0,565.6252858369123,standing_up,adl,6,real_hardware
35.335,0.525,-0.75,0.791,-31.0,28.0,-43.625,565.6352660482877,standing_up,adl,6,real_hardware
35.34,0.525,-0.753,0.802,-28.875,26.0,-52.625,565.6402562368546,standing_up,adl,6,real_hardware
35.345,0.525,-0.753,0.82,-39.875,31.875,-53.75,565.6452464806746,standing_up,adl,6,real_hardware
35.35,0.529,-0.775,0.839,-44.0,37.25,-56.375,565.6502367797484,standing_up,adl,6,real_hardware
35.355,0.531,-0.777,0.826,-42.625,25.5,-69.125,565.6657241529671,standing_up,adl,6,real_hardware
35.36,0.525,-0.779,0.818,-43.875,38.75,-72.25,565.6657241529671,standing_up,adl,6,real_hardware
35.365,0.531,-0.763,0.804,-46.625,42.125,-68.5,565.6657241529671,standing_up,adl,6,real_hardware
35.37,0.498,-0.753,0.761,-53.125,48.375,-68.625,565.6657241529671,standing_up,adl,6,real_hardware
35.375,0.494,-0.726,0.75,-48.25,57.5,-83.5,565.6707146438802,standing_up,adl,6,real_hardware
35.38,0.496,-0.716,0.769,-59.5,48.75,-84.125,565.6707146438802,standing_up,adl,6,real_hardware
35.385,0.49,-0.718,0.779,-54.125,61.0,-94.375,565.6707146438802,standing_up,adl,6,real_hardware
35.39,0.458,-0.722,0.81,-52.25,69.25,-100.625,565.6707146438802,standing_up,adl,6,real_hardware
35.395,0.416,-0.689,0.806,-61.25,72.625,-102.0,565.6707146438802,standing_up,adl,6,real_hardware
35.4,0.392,-0.662,0.822,-62.375,75.875,-102.125,565.6862021621976,standing_up,adl,6,real_hardware
35.405,0.365,-0.648,0.83,-54.875,75.25,-110.5,565.6911928449531,standing_up,adl,6,real_hardware
35.41,0.322,-0.646,0.818,-46.125,80.625,-112.5,565.6862021621976,standing_up,adl,6,real_hardware
35.415,0.322,-0.634,0.798,-59.125,81.625,-117.625,565.6862021621976,standing_up,adl,6,real_hardware
35.42,0.298,-0.662,0.763,-56.875,84.25,-113.125,565.7016896890292,standing_up,adl,6,real_hardware
35.425,0.275,-0.658,0.722,-54.25,88.75,-122.375,565.7016896890292,standing_up,adl,6,real_hardware
35.43,0.291,-0.603,0.666,-50.375,100.125,-118.0,565.686717562555,standing_up,adl,6,real_hardware
35.435,0.285,-0.539,0.615,-44.125,97.875,-124.875,565.6917082161216,standing_up,adl,6,real_hardware
35.44,0.283,-0.48,0.609,-43.875,105.75,-130.0,565.7071954782982,standing_up,adl,6,real_hardware
35.445,0.289,-0.398,0.605,-19.25,99.0,-126.375,565.6917082161216,standing_up,adl,6,real_hardware
35.45,0.292,-0.33,0.632,-26.125,104.0,-119.25,565.7121863237065,standing_up,adl,6,real_hardware
35.455,0.312,-0.271,0.671,-17.25,103.875,-116.5,565.7121863237065,standing_up,adl,6,real_hardware
35.46,0.333,-0.234,0.73,-7.875,102.625,-122.25,565.7121863237065,standing_up,adl,6,real_hardware
35.465,0.369,-0.222,0.781,-4.125,100.625,-117.125,565.717177224375,standing_up,adl,6,real_hardware
35.47,0.416,-0.222,0.835,0.0,110.875,-114.375,565.717177224375,standing_up,adl,6,real_hardware
35.475,0.462,-0.222,0.873,-9.375,104.0,-115.5,565.717177224375,standing_up,adl,6,real_hardware
35.48,0.492,-0.222,0.898,-9.75,107.25,-114.625,565.7326647682345,standing_up,adl,6,real_hardware
35.485,0.511,-0.226,0.902,-11.75,97.0,-110.75,565.7326647682345,standing_up,adl,6,real_hardware
35.49,0.546,-0.224,0.894,-6.625,96.375,-110.375,565.717177224375,standing_up,adl,6,real_hardware
35.495,0.585,-0.236,0.873,-12.0,90.875,-108.25,565.717177224375,standing_up,adl,6,real_hardware
35.5,0.611,-0.232,0.841,-11.25,82.875,-104.125,565.717177224375,standing_up,adl,6,real_hardware
35.505,0.628,-0.232,0.82,-14.625,77.75,-97.875,565.717177224375,standing_up,adl,6,real_hardware
35.51,0.636,-0.238,0.792,-7.25,77.5,-92.625,565.7016896890292,standing_up,adl,6,real_hardware
35.515,0.623,-0.238,0.783,-7.5,75.5,-97.75,565.7016896890292,standing_up,adl,6,real_hardware
35.52,0.595,-0.23,0.75,-13.375,76.0,-97.875,565.7066805083712,standing_up,adl,6,real_hardware
35.525,0.572,-0.207,0.722,-7.625,73.75,-90.625,565.7066805083712,standing_up,adl,6,real_hardware
35.53,0.542,-0.187,0.701,-4.125,70.0,-89.75,565.7066805083712,standing_up,adl,6,real_hardware
35.535,0.523,-0.183,0.675,1.0,80.625,-93.25,565.7066805083712,standing_up,adl,6,real_hardware
35.54,0.492,-0.201,0.669,-3.5,71.125,-94.0,565.7221681803035,standing_up,adl,6,real_hardware
35.545,0.458,-0.203,0.646,7.25,70.125,-86.125,565.717177224375,standing_up,adl,6,real_hardware
35.55,0.419,-0.214,0.654,-0.375,82.75,-90.25,565.717177224375,standing_up,adl,6,real_hardware
35.555,0.365,-0.226,0.642,6.125,83.25,-92.25,565.717177224375,standing_up,adl,6,real_hardware
35.56,0.359,-0.226,0.623,-1.125,75.75,-90.375,565.7066805083712,standing_up,adl,6,real_hardware
35.565,0.343,-0.175,0.589,-5.875,92.875,-82.625,565.7066805083712,standing_up,adl,6,real_hardware
35.57,0.296,-0.115,0.574,5.875,89.75,-88.625,565.7066805083712,standing_up,adl,6,real_hardware
35.575,0.265,-0.039,0.544,2.25,93.0,-85.375,565.7066805083712,standing_up,adl,6,real_hardware
35.58,0.234,0.037,0.511,8.875,102.125,-98.375,565.7066805083712,standing_up,adl,6,real_hardware
35.585,0.187,0.083,0.501,17.125,109.875,-90.5,565.7016896890292,standing_up,adl,6,real_hardware
35.59,0.142,0.107,0.492,29.875,112.875,-94.5,565.7016896890292,standing_up,adl,6,real_hardware
35.595,0.097,0.125,0.488,37.0,106.5,-89.25,565.6966989249461,standing_up,adl,6,real_hardware
35.6,0.095,0.156,0.486,42.0,107.5,-82.0,565.6966989249461,standing_up,adl,6,real_hardware
35.605,0.107,0.162,0.484,44.0,108.875,-88.875,565.6862021621976,standing_up,adl,6,real_hardware
35.61,0.111,0.169,0.498,51.625,112.375,-101.0,565.7016896890292,standing_up,adl,6,real_hardware
35.615,0.138,0.175,0.507,59.25,115.25,-98.375,565.6862021621976,standing_up,adl,6,real_hardware
35.62,0.175,0.166,0.539,63.875,110.5,-101.25,565.6862021621976,standing_up,adl,6,real_hardware
35.625,0.232,0.13,0.572,64.625,119.375,-100.125,565.6862021621976,standing_up,adl,6,real_hardware
35.63,0.279,0.105,0.611,73.125,118.75,-104.875,565.6707146438802,standing_up,adl,6,real_hardware
35.635,0.345,-0.001,0.666,69.375,118.125,-106.25,565.6707146438802,standing_up,adl,6,real_hardware
35.64,0.378,-0.099,0.716,70.0,123.5,-105.375,565.6707146438802,standing_up,adl,6,real_hardware
35.645,0.435,-0.179,0.761,68.375,120.375,-112.0,565.6707146438802,standing_up,adl,6,real_hardware
35.65,0.492,-0.25,0.822,64.5,103.875,-121.125,565.6911928449531,standing_up,adl,6,real_hardware
35.655,0.554,-0.302,0.896,51.75,94.375,-111.0,565.6707146438802,standing_up,adl,6,real_hardware
35.66,0.617,-0.332,0.955,53.5,85.25,-106.25,565.675705190049,standing_up,adl,6,real_hardware
35.665,0.667,-0.341,0.984,44.625,78.875,-107.375,565.675705190049,standing_up,adl,6,real_hardware
35.67,0.701,-0.339,0.998,30.5,80.375,-106.625,565.675705190049,standing_up,adl,6,real_hardware
35.675,0.708,-0.306,0.972,36.75,69.0,-105.75,565.6707146438802,standing_up,adl,6,real_hardware
35.68,0.697,-0.232,0.929,24.875,61.375,-105.25,565.6707146438802,standing_up,adl,6,real_hardware
35.685,0.677,-0.16,0.878,25.25,64.875,-94.375,565.6707146438802,standing_up,adl,6,real_hardware
35.69,0.666,-0.08,0.863,19.875,62.0,-96.75,565.6557433369078,standing_up,adl,6,real_hardware
35.695,0.648,-0.007,0.841,19.25,57.25,-100.25,565.6507530117603,standing_up,adl,6,real_hardware
35.7,0.615,0.042,0.851,28.625,61.875,-95.0,565.6507530117603,standing_up,adl,6,real_hardware
35.705,0.572,0.089,0.843,26.25,66.25,-87.25,565.6557433369078,standing_up,adl,6,real_hardware
35.71,0.537,0.107,0.843,31.125,51.5,-91.75,565.6452464806746,standing_up,adl,6,real_hardware
35.715,0.466,0.109,0.865,29.375,45.125,-85.875,565.6452464806746,standing_up,adl,6,real_hardware
35.72,0.367,0.107,0.859,32.25,40.75,-93.625,565.6502367797484,standing_up,adl,6,real_hardware
35.725,0.277,0.103,0.849,31.0,42.375,-87.125,565.6502367797484,standing_up,adl,6,real_hardware
35.73,0.191,0.087,0.841,28.0,37.125,-93.5,565.6552271340767,standing_up,adl,6,real_hardware
35.735,0.14,0.093,0.849,26.625,40.875,-98.25,565.6347494150436,standing_up,adl,6,real_hardware
35.74,0.117,0.095,0.873,31.75,40.25,-103.25,565.6397396327873,standing_up,adl,6,real_hardware
35.745,0.111,0.101,0.865,28.5,40.625,-98.625,565.6397396327873,standing_up,adl,6,real_hardware
35.75,0.126,0.089,0.865,27.375,49.5,-105.0,565.6397396327873,standing_up,adl,6,real_hardware
35.755,0.154,0.091,0.859,27.0,62.25,-105.5,565.6347494150436,standing_up,adl,6,real_hardware
35.76,0.167,0.076,0.859,28.625,58.875,-105.5,565.6347494150436,standing_up,adl,6,real_hardware
35.765,0.166,0.054,0.853,35.625,70.5,-101.75,565.6347494150436,standing_up,adl,6,real_hardware
35.77,0.164,0.033,0.851,36.875,80.125,-107.375,565.6397396327873,standing_up,adl,6,real_hardware
35.775,0.154,-0.007,0.833,38.0,80.75,-105.5,565.644729905784,standing_up,adl,6,real_hardware
35.78,0.113,-0.052,0.832,27.75,84.875,-109.25,565.624252140012,standing_up,adl,6,real_hardware
35.785,0.074,-0.093,0.839,25.375,85.875,-112.5,565.644729905784,standing_up,adl,6,real_hardware
35.79,0.08,-0.121,0.851,21.0,92.25,-114.25,565.6397396327873,standing_up,adl,6,real_hardware
35.795,0.111,-0.142,0.896,22.125,89.375,-116.5,565.6397396327873,standing_up,adl,6,real_hardware
35.8,0.121,-0.109,0.923,11.125,93.5,-117.875,565.6397396327873,standing_up,adl,6,real_hardware
35.805,0.134,-0.054,0.933,14.0,89.0,-117.5,565.624252140012,standing_up,adl,6,real_hardware
35.81,0.109,0.041,0.939,22.25,88.625,-120.5,565.6397396327873,standing_up,adl,6,real_hardware
35.815,0.167,0.085,0.951,10.875,90.125,-129.125,565.624252140012,standing_up,adl,6,real_hardware
35.82,0.175,0.109,0.968,16.75,95.5,-120.25,565.624252140012,standing_up,adl,6,real_hardware
35.825,0.15,0.107,0.962,18.375,95.625,-128.375,565.624252140012,standing_up,adl,6,real_hardware
35.83,0.105,0.109,0.949,25.375,92.375,-130.75,565.624252140012,standing_up,adl,6,real_hardware
35.835,0.066,0.105,0.935,20.125,84.0,-126.625,565.6397396327873,standing_up,adl,6,real_hardware
35.84,0.023,0.089,0.892,17.0,87.125,-125.125,565.6397396327873,standing_up,adl,6,real_hardware
35.845,0.007,0.08,0.865,16.5,78.0,-130.125,565.6397396327873,standing_up,adl,6,real_hardware
35.85,-0.052,0.087,0.814,11.75,80.625,-129.0,565.6347494150436,standing_up,adl,6,real_hardware
35.855,-0.146,0.105,0.773,13.875,77.75,-136.875,565.6192620588529,standing_up,adl,6,real_hardware
35.86,-0.187,0.111,0.753,15.875,72.125,-128.125,565.6347494150436,standing_up,adl,6,real_hardware
35.865,-0.226,0.119,0.748,11.125,73.625,-139.0,565.6297592525531,standing_up,adl,6,real_hardware
35.87,-0.23,0.119,0.746,7.875,83.125,-139.25,565.6297592525531,standing_up,adl,6,real_hardware
35.875,-0.226,0.111,0.773,3.5,71.875,-127.75,565.6297592525531,standing_up,adl,6,real_hardware
35.88,-0.214,0.109,0.794,0.875,83.125,-132.5,565.6142720329453,standing_up,adl,6,real_hardware
35.885,-0.201,0.103,0.816,-1.125,89.625,-130.125,565.6192620588529,standing_up,adl,6,real_hardware
35.89,-0.191,0.08,0.839,-3.5,90.25,-126.5,565.6192620588529,standing_up,adl,6,real_hardware
35.895,-0.189,0.056,0.886,-3.0,87.875,-130.5,565.6397396327873,standing_up,adl,6,real_hardware
35.9,-0.173,0.031,0.945,-12.875,90.625,-128.875,565.644729905784,standing_up,adl,6,real_hardware
35.905,-0.156,0.025,0.998,-11.0,93.0,-122.125,565.644729905784,standing_up,adl,6,real_hardware
35.91,-0.144,0.029,1.021,-8.25,94.125,-127.125,565.644729905784,standing_up,adl,6,real_hardware
35.915,-0.146,0.044,1.021,-7.125,105.0,-128.875,565.6652080084975,standing_up,adl,6,real_hardware
35.92,-0.152,0.07,1.007,-13.5,88.875,-117.75,565.6602175436594,standing_up,adl,6,real_hardware
35.925,-0.164,0.091,1.0,-12.75,82.25,-114.625,565.6397396327873,standing_up,adl,6,real_hardware
35.93,-0.197,0.101,0.976,-7.125,86.0,-113.0,565.6552271340767,standing_up,adl,6,real_hardware
35.935,-0.214,0.095,0.98,-10.375,71.375,-120.25,565.6347494150436,standing_up,adl,6,real_hardware
35.94,-0.224,0.101,0.988,-17.0,69.25,-117.875,565.6347494150436,standing_up,adl,6,real_hardware
35.945,-0.228,0.099,1.007,-15.375,63.875,-112.75,565.6347494150436,standing_up,adl,6,real_hardware
35.95,-0.224,0.095,1.021,-26.625,65.375,-117.5,565.6347494150436,standing_up,adl,6,real_hardware
35.955,-0.22,0.087,1.035,-24.5,63.75,-122.5,565.6142720329453,standing_up,adl,6,real_hardware
35.96,-0.224,0.082,1.054,-23.625,58.5,-118.5,565.6142720329453,standing_up,adl,6,real_hardware
35.965,-0.222,0.074,1.062,-28.375,63.5,-125.25,565.6142720329453,standing_up,adl,6,real_hardware
35.97,-0.214,0.06,1.091,-40.0,67.25,-115.5,565.6142720329453,standing_up,adl,6,real_hardware
35.975,-0.201,0.039,1.099,-36.75,66.0,-118.75,565.6092820622889,standing_up,adl,6,real_hardware
35.98,-0.177,0.025,1.103,-40.0,64.375,-124.875,565.6092820622889,standing_up,adl,6,real_hardware
35.985,-0.156,0.011,1.099,-37.625,63.125,-122.875,565.6142720329453,standing_up,adl,6,real_hardware
35.99,-0.13,0.013,1.099,-41.25,67.375,-114.0,565.6142720329453,standing_up,adl,6,real_hardware
35.995,-0.103,0.009,1.105,-48.125,60.5,-124.5,565.6297592525531,standing_up,adl,6,real_hardware
36.0,-0.085,0.0,1.101,-40.0,57.625,-118.875,565.6297592525531,standing_up,adl,6,real_hardware
36.005,-0.078,-0.019,1.072,-33.375,63.375,-127.5,565.6452464806746,standing_up,adl,6,real_hardware
36.01,-0.076,-0.056,1.039,-32.375,51.875,-107.375,565.6297592525531,standing_up,adl,6,real_hardware
36.015,-0.083,-0.072,1.007,-33.75,49.75,-111.0,565.6452464806746,standing_up,adl,6,real_hardware
36.02,-0.105,-0.08,0.994,-43.0,31.875,-106.125,565.6452464806746,standing_up,adl,6,real_hardware
36.025,-0.109,-0.093,0.978,-29.5,39.25,-104.625,565.6452464806746,standing_up,adl,6,real_hardware
36.03,-0.115,-0.105,0.974,-37.125,36.375,-89.5,565.6452464806746,standing_up,adl,6,real_hardware
36.035,-0.14,-0.115,0.976,-34.0,38.5,-85.125,565.6452464806746,standing_up,adl,6,real_hardware
36.04,-0.15,-0.113,0.972,-35.5,33.375,-88.75,565.6297592525531,standing_up,adl,6,real_hardware
36.045,-0.162,-0.103,0.96,-41.0,31.875,-66.75,565.6452464806746,standing_up,adl,6,real_hardware
36.05,-0.171,-0.074,0.929,-31.0,38.625,-69.0,565.6452464806746,standing_up,adl,6,real_hardware
36.055,-0.181,-0.048,0.91,-39.0,34.5,-68.0,565.6347494150436,standing_up,adl,6,real_hardware
36.06,-0.183,-0.027,0.886,-33.375,36.375,-67.125,565.6347494150436,standing_up,adl,6,real_hardware
36.065,-0.173,0.001,0.871,-35.25,30.375,-59.375,565.6347494150436,standing_up,adl,6,real_hardware
36.07,-0.164,0.015,0.859,-31.625,34.0,-57.875,565.6347494150436,standing_up,adl,6,real_hardware
36.075,-0.136,0.015,0.853,-32.375,41.875,-45.375,565.6347494150436,standing_up,adl,6,real_hardware
36.08,-0.095,0.013,0.849,-32.125,39.375,-36.75,565.6347494150436,standing_up,adl,6,real_hardware
36.085,-0.064,-0.011,0.843,-35.25,30.25,-32.25,565.624252140012,standing_up,adl,6,real_hardware
36.09,-0.046,-0.048,0.841,-30.25,32.125,-33.0,565.6397396327873,standing_up,adl,6,real_hardware
36.095,-0.041,-0.083,0.859,-21.75,36.125,-33.5,565.6397396327873,standing_up,adl,6,real_hardware
36.1,-0.058,-0.113,0.845,-26.5,40.75,-25.5,565.6397396327873,standing_up,adl,6,real_hardware
36.105,-0.103,-0.134,0.847,-17.125,34.5,-26.625,565.624252140012,standing_up,adl,6,real_hardware
36.11,-0.154,-0.167,0.853,-23.625,32.125,-21.75,565.6397396327873,standing_up,adl,6,real_hardware
36.115,-0.207,-0.193,0.873,-16.125,28.625,-23.375,565.6347494150436,standing_up,adl,6,real_hardware
36.12,-0.248,-0.22,0.892,-15.625,26.5,-24.375,565.6397396327873,standing_up,adl,6,real_hardware
36.125,-0.294,-0.25,0.919,-20.625,28.125,-20.375,565.6397396327873,standing_up,adl,6,real_hardware
36.13,-0.357,-0.298,0.945,-22.5,15.75,-26.75,565.624252140012,standing_up,adl,6,real_hardware
36.135,-0.394,-0.33,0.958,-24.25,12.75,-27.375,565.6292422764227,standing_up,adl,6,real_hardware
36.14,-0.427,-0.355,0.974,-20.5,14.75,-34.25,565.624252140012,standing_up,adl,6,real_hardware
36.145,-0.449,-0.373,0.986,-30.125,15.375,-26.0,565.624252140012,standing_up,adl,6,real_hardware
36.15,-0.462,-0.373,0.984,-33.125,10.75,-35.375,565.624252140012,standing_up,adl,6,real_hardware
36.155,-0.472,-0.357,0.998,-28.375,9.75,-41.875,565.624252140012,standing_up,adl,6,real_hardware
36.16,-0.474,-0.355,1.009,-38.625,9.625,-31.0,565.624252140012,standing_up,adl,6,real_hardware
36.165,-0.464,-0.373,1.001,-36.625,2.0,-44.25,565.624252140012,standing_up,adl,6,real_hardware
36.17,-0.449,-0.38,1.013,-37.5,2.375,-45.375,565.624252140012,standing_up,adl,6,real_hardware
36.175,-0.417,-0.398,1.011,-39.0,-5.625,-45.25,565.624252140012,standing_up,adl,6,real_hardware
36.18,-0.363,-0.419,1.001,-30.125,-9.125,-34.625,565.6192620588529,standing_up,adl,6,real_hardware
36.185,-0.333,-0.417,0.986,-25.125,-5.75,-54.0,565.599302286727,standing_up,adl,6,real_hardware
36.19,-0.304,-0.4,0.966,-16.875,-8.0,-49.375,565.599302286727,standing_up,adl,6,real_hardware
36.195,-0.294,-0.406,0.953,-23.125,-8.125,-55.125,565.5888052089508,standing_up,adl,6,real_hardware
36.2,-0.302,-0.417,0.947,-15.875,-6.125,-47.375,565.5937949877766,standing_up,adl,6,real_hardware
36.205,-0.31,-0.458,0.968,-19.5,-10.5,-51.625,565.5987848218515,standing_up,adl,6,real_hardware
36.21,-0.339,-0.505,0.992,-23.75,-16.875,-54.25,565.6037747111759,standing_up,adl,6,real_hardware
36.215,-0.373,-0.572,1.025,-25.25,-7.5,-55.875,565.6037747111759,standing_up,adl,6,real_hardware
36.22,-0.392,-0.605,1.041,-31.5,-3.0,-55.5,565.6037747111759,standing_up,adl,6,real_hardware
36.225,-0.406,-0.617,1.052,-37.5,-1.25,-54.125,565.5932771800034,standing_up,adl,6,real_hardware
36.23,-0.398,-0.611,1.066,-43.625,3.75,-43.125,565.6087646557506,standing_up,adl,6,real_hardware
36.235,-0.378,-0.589,1.076,-47.5,1.5,-47.0,565.6087646557506,standing_up,adl,6,real_hardware
36.24,-0.337,-0.574,1.078,-54.0,-4.125,-45.0,565.6087646557506,standing_up,adl,6,real_hardware
36.245,-0.292,-0.556,1.062,-44.875,11.125,-35.625,565.6087646557506,standing_up,adl,6,real_hardware
36.25,-0.261,-0.558,1.058,-46.875,14.375,-32.875,565.6087646557506,standing_up,adl,6,real_hardware
36.255,-0.244,-0.552,1.029,-53.0,8.5,-22.25,565.5932771800034,standing_up,adl,6,real_hardware
36.26,-0.244,-0.541,1.0,-48.625,12.25,-32.25,565.6087646557506,standing_up,adl,6,real_hardware
36.265,-0.261,-0.521,0.968,-49.75,8.0,-21.875,565.5932771800034,standing_up,adl,6,real_hardware
36.27,-0.291,-0.503,0.949,-45.375,9.125,-24.125,565.5932771800034,standing_up,adl,6,real_hardware
36.275,-0.306,-0.482,0.941,-51.5,8.75,-18.5,565.5932771800034,standing_up,adl,6,real_hardware
36.28,-0.32,-0.464,0.927,-44.5,8.75,-17.875,565.588287372013,standing_up,adl,6,real_hardware
36.285,-0.328,-0.451,0.908,-48.625,9.875,-18.875,565.5932771800034,standing_up,adl,6,real_hardware
36.29,-0.333,-0.445,0.88,-48.625,10.75,-11.0,565.5932771800034,standing_up,adl,6,real_hardware
36.295,-0.324,-0.437,0.869,-46.875,8.25,-15.625,565.5932771800034,standing_up,adl,6,real_hardware
36.3,-0.324,-0.435,0.847,-43.875,7.5,-9.25,565.5932771800034,standing_up,adl,6,real_hardware
36.305,-0.31,-0.439,0.841,-43.875,9.5,-5.0,565.5827794394243,standing_up,adl,6,real_hardware
36.31,-0.296,-0.441,0.849,-44.25,20.125,-13.625,565.5827794394243,standing_up,adl,6,real_hardware
36.315,-0.281,-0.437,0.857,-47.5,4.875,-9.25,565.5827794394243,standing_up,adl,6,real_hardware
36.32,-0.275,-0.425,0.851,-46.125,13.125,-13.25,565.5827794394243,standing_up,adl,6,real_hardware
36.325,-0.275,-0.416,0.859,-54.375,8.875,-15.0,565.5877692213265,standing_up,adl,6,real_hardware
36.33,-0.269,-0.402,0.857,-57.0,13.625,-19.125,565.5827794394243,standing_up,adl,6,real_hardware
36.335,-0.269,-0.384,0.865,-63.625,8.5,-9.125,565.5982670432429,standing_up,adl,6,real_hardware
36.34,-0.25,-0.361,0.861,-55.875,10.25,-8.25,565.5982670432429,standing_up,adl,6,real_hardware
36.345,-0.24,-0.351,0.847,-63.375,13.625,-14.375,565.5982670432429,standing_up,adl,6,real_hardware
36.35,-0.226,-0.341,0.837,-56.625,13.875,-11.75,565.5932771800034,standing_up,adl,6,real_hardware
36.355,-0.222,-0.333,0.822,-58.0,15.0,-12.5,565.5982670432429,standing_up,adl,6,real_hardware
36.36,-0.214,-0.326,0.808,-59.75,24.375,-3.625,565.5982670432429,standing_up,adl,6,real_hardware
36.365,-0.197,-0.328,0.806,-59.125,12.75,-11.0,565.5982670432429,standing_up,adl,6,real_hardware
36.37,-0.185,-0.324,0.798,-50.125,12.875,-14.25,565.5982670432429,standing_up,adl,6,real_hardware
36.375,-0.183,-0.337,0.789,-52.875,16.625,-7.375,565.5982670432429,standing_up,adl,6,real_hardware
36.38,-0.152,-0.357,0.8,-48.875,7.0,-8.0,565.5982670432429,standing_up,adl,6,real_hardware
36.385,-0.136,-0.371,0.792,-45.0,1.375,-7.75,565.6137546555757,standing_up,adl,6,real_hardware
36.39,-0.119,-0.378,0.791,-43.875,-4.75,-17.0,565.5982670432429,standing_up,adl,6,real_hardware
36.395,-0.119,-0.384,0.798,-48.125,-5.5,-14.25,565.6137546555757,standing_up,adl,6,real_hardware
36.4,-0.117,-0.378,0.804,-48.0,-5.25,-15.875,565.5932771800034,standing_up,adl,6,real_hardware
36.405,-0.121,-0.363,0.804,-48.75,-16.75,-13.75,565.5932771800034,standing_up,adl,6,real_hardware
36.41,-0.13,-0.353,0.814,-45.375,-15.875,-11.875,565.6087646557506,standing_up,adl,6,real_hardware
36.415,-0.146,-0.333,0.82,-41.75,-20.625,-11.0,565.6087646557506,standing_up,adl,6,real_hardware
36.42,-0.162,-0.328,0.833,-39.125,-15.875,-11.375,565.6037747111759,standing_up,adl,6,real_hardware
36.425,-0.166,-0.32,0.849,-45.125,-13.625,-11.625,565.5987848218515,standing_up,adl,6,real_hardware
36.43,-0.162,-0.328,0.855,-37.5,-17.125,-12.0,565.5937949877766,standing_up,adl,6,real_hardware
36.435,-0.142,-0.333,0.871,-40.875,-17.0,-10.125,565.5987848218515,standing_up,adl,6,real_hardware
36.44,-0.123,-0.353,0.896,-39.625,-27.0,-9.125,565.6142720329453,standing_up,adl,6,real_hardware
36.445,-0.099,-0.375,0.912,-51.375,-19.0,-5.125,565.6142720329453,standing_up,adl,6,real_hardware
36.45,-0.08,-0.396,0.929,-46.875,-24.875,-9.125,565.6142720329453,standing_up,adl,6,real_hardware
36.455,-0.058,-0.425,0.931,-46.125,-27.5,-4.5,565.6192620588529,standing_up,adl,6,real_hardware
36.46,-0.037,-0.455,0.941,-45.25,-35.5,-1.625,565.6192620588529,standing_up,adl,6,real_hardware
36.465,-0.003,-0.474,0.943,-56.625,-21.25,6.125,565.6037747111759,standing_up,adl,6,real_hardware
36.47,0.009,-0.472,0.941,-54.0,-24.25,5.375,565.624252140012,standing_up,adl,6,real_hardware
36.475,0.023,-0.47,0.923,-55.875,-28.5,10.125,565.6037747111759,standing_up,adl,6,real_hardware
36.48,0.025,-0.462,0.925,-58.5,-26.25,1.625,565.6192620588529,standing_up,adl,6,real_hardware
36.485,0.025,-0.464,0.908,-53.0,-23.25,5.0,565.624252140012,standing_up,adl,6,real_hardware
36.49,0.025,-0.457,0.894,-59.625,-24.125,12.5,565.6087646557506,standing_up,adl,6,real_hardware
36.495,0.019,-0.439,0.873,-52.125,-27.0,7.5,565.624252140012,standing_up,adl,6,real_hardware
36.5,-0.009,-0.421,0.853,-54.0,-18.125,11.625,565.6192620588529,standing_up,adl,6,real_hardware
36.505,-0.072,-0.41,0.83,-57.0,-20.125,11.625,565.6192620588529,standing_up,adl,6,real_hardware
36.51,-0.134,-0.419,0.808,-61.5,-18.625,16.625,565.6192620588529,standing_up,adl,6,real_hardware
36.515,-0.199,-0.425,0.796,-50.5,-18.125,12.5,565.6192620588529,standing_up,adl,6,real_hardware
36.52,-0.238,-0.433,0.791,-43.75,-19.375,14.875,565.6192620588529,standing_up,adl,6,real_hardware
36.525,-0.275,-0.443,0.779,-47.5,-13.625,15.375,565.6192620588529,standing_up,adl,6,real_hardware
36.53,-0.298,-0.462,0.773,-42.0,-12.75,13.0,565.6192620588529,standing_up,adl,6,real_hardware
36.535,-0.31,-0.468,0.763,-46.25,-11.625,7.875,565.6192620588529,standing_up,adl,6,real_hardware
36.54,-0.312,-0.474,0.74,-40.0,-3.125,13.5,565.6037747111759,standing_up,adl,6,real_hardware
36.545,-0.302,-0.496,0.732,-36.625,-0.5,19.125,565.6037747111759,standing_up,adl,6,real_hardware
36.55,-0.287,-0.501,0.722,-43.0,3.25,17.625,565.6037747111759,standing_up,adl,6,real_hardware
36.555,-0.273,-0.509,0.73,-38.0,0.0,18.0,565.6037747111759,standing_up,adl,6,real_hardware
36.56,-0.257,-0.509,0.734,-41.25,-0.5,15.375,565.6037747111759,standing_up,adl,6,real_hardware
36.565,-0.236,-0.513,0.732,-29.125,3.125,6.875,565.6037747111759,standing_up,adl,6,real_hardware
36.57,-0.216,-0.503,0.75,-33.0,0.0,10.625,565.6037747111759,standing_up,adl,6,real_hardware
36.575,-0.195,-0.498,0.746,-26.75,-4.125,4.375,565.6037747111759,standing_up,adl,6,real_hardware
36.58,-0.175,-0.503,0.771,-29.75,-1.25,11.0,565.6037747111759,standing_up,adl,6,real_hardware
36.585,-0.144,-0.517,0.781,-26.5,-3.125,5.875,565.6037747111759,standing_up,adl,6,real_hardware
36.59,-0.138,-0.533,0.787,-30.375,-2.75,10.125,565.6192620588529,standing_up,adl,6,real_hardware
36.595,-0.134,-0.535,0.802,-26.0,-2.875,13.125,565.624252140012,standing_up,adl,6,real_hardware
36.6,-0.144,-0.546,0.796,-20.75,3.125,8.375,565.624252140012,standing_up,adl,6,real_hardware
36.605,-0.148,-0.552,0.796,-26.0,-1.0,6.625,565.624252140012,standing_up,adl,6,real_hardware
36.61,-0.171,-0.55,0.792,-25.25,4.125,11.125,565.624252140012,standing_up,adl,6,real_hardware
36.615,-0.187,-0.546,0.789,-19.75,11.0,4.375,565.624252140012,standing_up,adl,6,real_hardware
36.62,-0.207,-0.529,0.787,-27.25,1.625,3.625,565.6092820622889,standing_up,adl,6,real_hardware
36.625,-0.226,-0.513,0.789,-36.25,11.0,11.75,565.6297592525531,standing_up,adl,6,real_hardware
36.63,-0.234,-0.486,0.798,-24.625,12.125,13.0,565.6297592525531,standing_up,adl,6,real_hardware
36.635,-0.236,-0.476,0.794,-23.625,5.0,14.25,565.6297592525531,standing_up,adl,6,real_hardware
36.64,-0.242,-0.484,0.796,-21.125,5.125,13.5,565.6452464806746,standing_up,adl,6,real_hardware
36.645,-0.238,-0.488,0.785,-20.0,-0.5,11.375,565.6502367797484,standing_up,adl,6,real_hardware
36.65,-0.244,-0.5,0.775,-22.25,7.375,14.375,565.6657241529671,standing_up,adl,6,real_hardware
36.655,-0.242,-0.509,0.765,-20.625,0.625,17.5,565.6502367797484,standing_up,adl,6,real_hardware
36.66,-0.234,-0.511,0.755,-12.375,-3.875,2.75,565.6452464806746,standing_up,adl,6,real_hardware
36.665,-0.232,-0.523,0.757,-9.75,-2.125,12.125,565.6452464806746,standing_up,adl,6,real_hardware
36.67,-0.232,-0.527,0.744,-11.5,-5.5,-0.125,565.6607337173099,standing_up,adl,6,real_hardware
36.675,-0.228,-0.529,0.732,-3.875,-8.125,5.0,565.6452464806746,standing_up,adl,6,real_hardware
36.68,-0.226,-0.523,0.73,-4.375,-8.25,10.125,565.6452464806746,standing_up,adl,6,real_hardware
36.685,-0.222,-0.527,0.72,-2.75,-5.375,11.875,565.6297592525531,standing_up,adl,6,real_hardware
36.69,-0.212,-0.519,0.71,-4.25,2.5,10.5,565.6402562368546,standing_up,adl,6,real_hardware
36.695,-0.21,-0.492,0.703,-6.875,-5.75,10.125,565.6402562368546,standing_up,adl,6,real_hardware
36.7,-0.208,-0.476,0.699,-7.5,-5.25,12.0,565.624769145315,standing_up,adl,6,real_hardware
36.705,-0.212,-0.466,0.697,-2.0,6.375,3.375,565.6297592525531,standing_up,adl,6,real_hardware
36.71,-0.216,-0.46,0.699,5.25,2.125,9.125,565.6297592525531,standing_up,adl,6,real_hardware
36.715,-0.232,-0.468,0.705,9.625,3.25,-4.0,565.6402562368546,standing_up,adl,6,real_hardware
36.72,-0.23,-0.48,0.71,8.875,-2.375,2.125,565.6197790933286,standing_up,adl,6,real_hardware
36.725,-0.246,-0.505,0.712,18.625,2.5,-3.375,565.624769145315,standing_up,adl,6,real_hardware
36.73,-0.25,-0.527,0.724,10.625,8.0,-1.125,565.6297592525531,standing_up,adl,6,real_hardware
36.735,-0.265,-0.55,0.738,12.75,6.375,-5.75,565.6297592525531,standing_up,adl,6,real_hardware
36.74,-0.267,-0.585,0.746,11.5,1.625,-0.625,565.6452464806746,standing_up,adl,6,real_hardware
36.745,-0.275,-0.605,0.753,2.75,5.75,-5.75,565.624769145315,standing_up,adl,6,real_hardware
36.75,-0.287,-0.623,0.765,-0.875,11.0,-7.5,565.624769145315,standing_up,adl,6,real_hardware
36.755,-0.281,-0.626,0.777,2.125,9.375,-9.5,565.6402562368546,standing_up,adl,6,real_hardware
36.76,-0.275,-0.628,0.783,2.25,9.0,-13.25,565.6402562368546,standing_up,adl,6,real_hardware
36.765,-0.265,-0.628,0.781,-3.625,14.0,-4.25,565.6402562368546,standing_up,adl,6,real_hardware
36.77,-0.248,-0.628,0.783,-4.375,9.875,-11.375,565.6402562368546,standing_up,adl,6,real_hardware
36.775,-0.234,-0.625,0.781,-3.125,7.25,-11.625,565.6402562368546,standing_up,adl,6,real_hardware
36.78,-0.234,-0.621,0.771,-11.625,13.875,-3.125,565.6402562368546,standing_up,adl,6,real_hardware
36.785,-0.242,-0.623,0.769,-3.0,9.875,-2.375,565.6557433369078,standing_up,adl,6,real_hardware
36.79,-0.228,-0.63,0.761,-1.875,13.625,-19.0,565.6557433369078,standing_up,adl,6,real_hardware
36.795,-0.224,-0.63,0.763,-0.875,14.5,-17.0,565.6607337173099,standing_up,adl,6,real_hardware
36.8,-0.228,-0.621,0.769,-10.375,10.125,-4.0,565.6402562368546,standing_up,adl,6,real_hardware
36.805,-0.242,-0.613,0.763,-5.0,10.75,-1.5,565.6402562368546,standing_up,adl,6,real_hardware
36.81,-0.251,-0.591,0.767,-6.0,9.125,-3.75,565.6402562368546,standing_up,adl,6,real_hardware
36.815,-0.259,-0.576,0.769,-8.125,19.625,-4.75,565.6557433369078,standing_up,adl,6,real_hardware
36.82,-0.261,-0.57,0.767,-3.25,21.75,-3.625,565.6557433369078,standing_up,adl,6,real_hardware
36.825,-0.265,-0.55,0.775,-7.625,34.0,1.875,565.6557433369078,standing_up,adl,6,real_hardware
36.83,-0.265,-0.521,0.779,-5.125,21.375,1.375,565.6507530117603,standing_up,adl,6,real_hardware
36.835,-0.275,-0.507,0.796,-2.0,28.625,-4.75,565.6507530117603,standing_up,adl,6,real_hardware
36.84,-0.281,-0.511,0.806,4.75,25.75,7.75,565.6507530117603,standing_up,adl,6,real_hardware
36.845,-0.291,-0.519,0.808,-0.25,18.0,2.125,565.6557433369078,standing_up,adl,6,real_hardware
36.85,-0.292,-0.544,0.806,10.375,32.0,-4.875,565.6557433369078,standing_up,adl,6,real_hardware
36.855,-0.289,-0.578,0.798,3.5,32.375,0.375,565.6507530117603,standing_up,adl,6,real_hardware
36.86,-0.283,-0.593,0.802,1.75,23.875,0.125,565.6507530117603,standing_up,adl,6,real_hardware
36.865,-0.281,-0.599,0.804,2.75,25.0,-5.125,565.6557433369078,standing_up,adl,6,real_hardware
36.87,-0.283,-0.593,0.82,3.25,26.75,1.375,565.6557433369078,standing_up,adl,6,real_hardware
36.875,-0.283,-0.57,0.824,-2.0,31.125,9.5,565.6557433369078,standing_up,adl,6,real_hardware
36.88,-0.275,-0.56,0.816,2.875,32.75,-0.625,565.6607337173099,standing_up,adl,6,real_hardware
36.885,-0.269,-0.552,0.812,3.625,36.0,3.0,565.6607337173099,standing_up,adl,6,real_hardware
36.89,-0.265,-0.552,0.814,-2.25,34.75,7.375,565.6657241529671,standing_up,adl,6,real_hardware
36.895,-0.265,-0.558,0.81,5.625,25.0,1.0,565.6607337173099,standing_up,adl,6,real_hardware
36.9,-0.263,-0.558,0.802,-1.625,28.625,4.875,565.6607337173099,standing_up,adl,6,real_hardware
36.905,-0.273,-0.564,0.796,3.0,33.625,-3.25,565.6607337173099,standing_up,adl,6,real_hardware
36.91,-0.292,-0.568,0.791,4.0,26.375,1.125,565.6607337173099,standing_up,adl,6,real_hardware
36.915,-0.304,-0.552,0.779,-3.0,41.5,-2.0,565.6607337173099,standing_up,adl,6,real_hardware
36.92,-0.31,-0.55,0.769,0.375,34.5,1.125,565.6557433369078,standing_up,adl,6,real_hardware
36.925,-0.316,-0.535,0.759,4.5,34.625,-4.875,565.6507530117603,standing_up,adl,6,real_hardware
36.93,-0.31,-0.523,0.742,2.25,38.25,-4.5,565.6352660482877,standing_up,adl,6,real_hardware
36.935,-0.314,-0.523,0.738,-1.5,26.75,-2.875,565.6607337173099,standing_up,adl,6,real_hardware
36.94,-0.318,-0.513,0.72,3.125,34.0,-6.625,565.6657241529671,standing_up,adl,6,real_hardware
36.945,-0.316,-0.517,0.71,3.25,33.0,-1.625,565.6657241529671,standing_up,adl,6,real_hardware
36.95,-0.314,-0.519,0.705,6.0,33.75,-10.375,565.6607337173099,standing_up,adl,6,real_hardware
36.955,-0.306,-0.521,0.701,-5.375,37.75,-8.375,565.6502367797484,standing_up,adl,6,real_hardware
36.96,-0.31,-0.517,0.701,0.75,39.75,-5.875,565.6502367797484,standing_up,adl,6,real_hardware
36.965,-0.312,-0.519,0.705,-1.375,33.625,-7.625,565.6502367797484,standing_up,adl,6,real_hardware
36.97,-0.32,-0.511,0.712,9.125,35.5,-4.75,565.6657241529671,standing_up,adl,6,real_hardware
36.975,-0.339,-0.509,0.722,2.625,37.375,-16.0,565.6657241529671,standing_up,adl,6,real_hardware
36.98,-0.353,-0.511,0.714,4.125,30.625,-10.125,565.6502367797484,standing_up,adl,6,real_hardware
36.985,-0.375,-0.517,0.728,1.375,33.5,-6.875,565.6502367797484,standing_up,adl,6,real_hardware
36.99,-0.394,-0.507,0.716,4.25,31.0,-17.5,565.6502367797484,standing_up,adl,6,real_hardware
36.995,-0.396,-0.505,0.716,-2.125,37.125,-12.25,565.6502367797484,standing_up,adl,6,real_hardware
37.0,-0.398,-0.503,0.72,9.875,30.25,-20.5,565.6502367797484,standing_up,adl,6,real_hardware
37.005,-0.394,-0.507,0.726,2.0,32.875,-20.625,565.6502367797484,standing_up,adl,6,real_hardware
37.01,-0.382,-0.505,0.728,0.75,32.0,-13.375,565.6657241529671,standing_up,adl,6,real_hardware
37.015,-0.361,-0.511,0.736,10.25,30.625,-26.625,565.6552271340767,standing_up,adl,6,real_hardware
37.02,-0.345,-0.531,0.736,-4.25,29.125,-20.375,565.6552271340767,standing_up,adl,6,real_hardware
37.025,-0.335,-0.539,0.736,-3.375,23.125,-22.25,565.6552271340767,standing_up,adl,6,real_hardware
37.03,-0.324,-0.537,0.74,-7.875,24.875,-27.125,565.6552271340767,standing_up,adl,6,real_hardware
37.035,-0.314,-0.541,0.742,-10.125,17.875,-21.5,565.6552271340767,standing_up,adl,6,real_hardware
37.04,-0.304,-0.533,0.746,0.625,11.5,-22.375,565.6552271340767,standing_up,adl,6,real_hardware
37.045,-0.294,-0.519,0.748,-14.75,8.5,-13.0,565.6397396327873,standing_up,adl,6,real_hardware
37.05,-0.298,-0.507,0.742,-8.375,17.625,-23.25,565.6452464806746,standing_up,adl,6,real_hardware
37.055,-0.296,-0.484,0.748,-9.375,16.0,-19.25,565.6297592525531,standing_up,adl,6,real_hardware
37.06,-0.292,-0.468,0.732,-9.875,9.125,-22.625,565.6347494150436,standing_up,adl,6,real_hardware
37.065,-0.287,-0.451,0.722,-13.25,4.5,-18.75,565.6502367797484,standing_up,adl,6,real_hardware
37.07,-0.275,-0.46,0.693,-6.25,3.75,-25.5,565.6502367797484,standing_up,adl,6,real_hardware
37.075,-0.277,-0.447,0.705,-10.5,7.5,-23.625,565.6502367797484,standing_up,adl,6,real_hardware
37.08,-0.279,-0.455,0.708,-10.125,12.5,-26.625,565.6502367797484,standing_up,adl,6,real_hardware
37.085,-0.302,-0.462,0.708,-10.0,8.5,-25.125,565.6502367797484,standing_up,adl,6,real_hardware
37.09,-0.335,-0.48,0.726,-14.125,11.125,-24.25,565.6297592525531,standing_up,adl,6,real_hardware
37.095,-0.367,-0.48,0.738,-7.0,12.125,-26.25,565.6502367797484,standing_up,adl,6,real_hardware
37.1,-0.404,-0.486,0.748,-4.625,9.625,-22.0,565.6502367797484,standing_up,adl,6,real_hardware
37.105,-0.439,-0.505,0.753,-6.125,10.625,-19.875,565.6552271340767,standing_up,adl,6,real_hardware
37.11,-0.468,-0.509,0.757,-11.375,11.125,-13.125,565.6552271340767,standing_up,adl,6,real_hardware
37.115,-0.482,-0.533,0.769,-6.75,11.125,-23.375,565.6397396327873,standing_up,adl,6,real_hardware
37.12,-0.484,-0.562,0.777,-9.375,11.125,-14.5,565.6397396327873,standing_up,adl,6,real_hardware
37.125,-0.458,-0.578,0.767,-5.25,17.375,-11.75,565.6347494150436,standing_up,adl,6,real_hardware
37.13,-0.429,-0.593,0.769,-12.125,20.0,-15.625,565.6452464806746,standing_up,adl,6,real_hardware
37.135,-0.386,-0.619,0.761,-10.5,16.75,-17.0,565.6452464806746,standing_up,adl,6,real_hardware
37.14,-0.353,-0.607,0.761,-14.0,30.75,-13.0,565.6502367797484,standing_up,adl,6,real_hardware
37.145,-0.326,-0.607,0.761,-24.125,20.375,-12.375,565.6347494150436,standing_up,adl,6,real_hardware
37.15,-0.3,-0.603,0.769,-17.75,23.5,-15.25,565.6347494150436,standing_up,adl,6,real_hardware
37.155,-0.283,-0.599,0.779,-30.125,22.5,-9.5,565.6347494150436,standing_up,adl,6,real_hardware
37.16,-0.275,-0.607,0.783,-20.875,24.5,-20.625,565.6297592525531,standing_up,adl,6,real_hardware
37.165,-0.281,-0.609,0.791,-17.625,21.25,-13.625,565.6347494150436,standing_up,adl,6,real_hardware
37.17,-0.281,-0.615,0.794,-19.375,23.625,-12.75,565.6297592525531,standing_up,adl,6,real_hardware
37.175,-0.279,-0.623,0.796,-23.75,23.375,-15.0,565.6197790933286,standing_up,adl,6,real_hardware
37.18,-0.277,-0.63,0.802,-21.625,18.75,-11.875,565.6197790933286,standing_up,adl,6,real_hardware
37.185,-0.269,-0.63,0.802,-20.875,17.25,-18.625,565.624769145315,standing_up,adl,6,real_hardware
37.19,-0.275,-0.638,0.791,-18.0,21.125,-23.625,565.6297592525531,standing_up,adl,6,real_hardware
37.195,-0.302,-0.64,0.759,-24.125,12.625,-27.0,565.6347494150436,standing_up,adl,6,real_hardware
37.2,-0.335,-0.632,0.736,-30.125,10.375,-18.75,565.6142720329453,standing_up,adl,6,real_hardware
37.205,-0.384,-0.601,0.695,-24.25,16.375,-19.625,565.6142720329453,standing_up,adl,6,real_hardware
37.21,-0.421,-0.574,0.724,-27.375,27.125,-20.75,565.6347494150436,standing_up,adl,6,real_hardware
37.215,-0.449,-0.558,0.662,-19.5,27.75,-21.0,565.6347494150436,standing_up,adl,6,real_hardware
37.22,-0.462,-0.55,0.64,-20.125,39.25,-19.25,565.6347494150436,standing_up,adl,6,real_hardware
37.225,-0.476,-0.546,0.64,-14.0,35.375,-20.25,565.6297592525531,standing_up,adl,6,real_hardware
37.23,-0.482,-0.558,0.634,-2.375,42.375,-29.5,565.6347494150436,standing_up,adl,6,real_hardware
37.235,-0.492,-0.566,0.634,-6.375,49.875,-20.375,565.6347494150436,standing_up,adl,6,real_hardware
37.24,-0.488,-0.599,0.642,-0.375,44.375,-30.875,565.6347494150436,standing_up,adl,6,real_hardware
37.245,-0.486,-0.634,0.656,-5.875,49.875,-26.25,565.6347494150436,standing_up,adl,6,real_hardware
37.25,-0.468,-0.666,0.664,-7.125,48.5,-38.5,565.6347494150436,standing_up,adl,6,real_hardware
37.255,-0.455,-0.697,0.691,-1.375,55.0,-33.375,565.6347494150436,standing_up,adl,6,real_hardware
37.26,-0.433,-0.726,0.693,-5.875,57.0,-38.375,565.6192620588529,standing_up,adl,6,real_hardware
37.265,-0.417,-0.746,0.697,2.75,68.875,-53.25,565.6192620588529,standing_up,adl,6,real_hardware
37.27,-0.41,-0.744,0.705,-0.75,66.25,-49.25,565.6192620588529,standing_up,adl,6,real_hardware
37.275,-0.38,-0.742,0.707,1.125,65.75,-44.75,565.6192620588529,standing_up,adl,6,real_hardware
37.28,-0.363,-0.734,0.71,0.625,71.125,-45.0,565.6192620588529,standing_up,adl,6,real_hardware
37.285,-0.347,-0.73,0.714,-3.75,65.0,-52.625,565.6347494150436,standing_up,adl,6,real_hardware
37.29,-0.32,-0.73,0.72,1.125,68.0,-54.625,565.6142720329453,standing_up,adl,6,real_hardware
37.295,-0.306,-0.738,0.716,1.125,72.75,-45.25,565.6142720329453,standing_up,adl,6,real_hardware
37.3,-0.296,-0.744,0.722,-5.5,67.75,-48.5,565.6142720329453,standing_up,adl,6,real_hardware
37.305,-0.298,-0.746,0.708,-6.25,67.625,-42.5,565.6092820622889,standing_up,adl,6,real_hardware
37.31,-0.306,-0.74,0.707,-20.5,67.875,-34.25,565.6092820622889,standing_up,adl,6,real_hardware
37.315,-0.308,-0.738,0.705,-17.25,80.75,-44.25,565.6042921468829,standing_up,adl,6,real_hardware
37.32,-0.308,-0.732,0.697,-9.5,76.5,-35.625,565.6042921468829,standing_up,adl,6,real_hardware
37.325,-0.31,-0.728,0.691,-13.375,68.75,-39.75,565.6042921468829,standing_up,adl,6,real_hardware
37.33,-0.304,-0.726,0.691,-14.25,74.625,-47.25,565.6042921468829,standing_up,adl,6,real_hardware
37.335,-0.302,-0.726,0.679,-22.625,67.375,-41.375,565.5888052089508,standing_up,adl,6,real_hardware
37.34,-0.318,-0.712,0.675,-12.375,76.875,-46.625,565.5888052089508,standing_up,adl,6,real_hardware
37.345,-0.312,-0.707,0.673,-19.25,69.25,-36.25,565.5838154853736,standing_up,adl,6,real_hardware
37.35,-0.324,-0.697,0.669,-20.25,68.875,-40.125,565.5838154853736,standing_up,adl,6,real_hardware
37.355,-0.326,-0.691,0.658,-12.375,64.875,-34.5,565.5838154853736,standing_up,adl,6,real_hardware
37.36,-0.333,-0.677,0.656,-14.125,65.5,-36.125,565.5683286925337,standing_up,adl,6,real_hardware
37.365,-0.345,-0.667,0.644,-13.375,65.25,-41.625,565.573318279532,standing_up,adl,6,real_hardware
37.37,-0.363,-0.664,0.634,-14.5,61.0,-44.25,565.5783079217779,standing_up,adl,6,real_hardware
37.375,-0.375,-0.648,0.636,-11.25,57.25,-29.625,565.5832976192713,standing_up,adl,6,real_hardware
37.38,-0.369,-0.654,0.623,-3.125,59.25,-31.625,565.5832976192713,standing_up,adl,6,real_hardware
37.385,-0.373,-0.662,0.619,-11.875,67.25,-29.625,565.5832976192713,standing_up,adl,6,real_hardware
37.39,-0.378,-0.66,0.632,-6.625,53.375,-28.875,565.5832976192713,standing_up,adl,6,real_hardware
37.395,-0.38,-0.671,0.628,-13.625,61.0,-30.625,565.588287372013,standing_up,adl,6,real_hardware
37.4,-0.38,-0.697,0.638,-7.0,55.0,-34.875,565.5728000413638,standing_up,adl,6,real_hardware
37.405,-0.382,-0.712,0.626,-5.125,59.0,-24.0,565.5728000413638,standing_up,adl,6,real_hardware
37.41,-0.386,-0.718,0.64,-8.75,55.5,-29.5,565.588287372013,standing_up,adl,6,real_hardware
37.415,-0.392,-0.724,0.636,-1.125,51.625,-27.375,565.5832976192713,standing_up,adl,6,real_hardware
37.42,-0.384,-0.73,0.648,-6.75,50.375,-27.375,565.5832976192713,standing_up,adl,6,real_hardware
37.425,-0.388,-0.73,0.64,-6.25,56.0,-31.625,565.5783079217779,standing_up,adl,6,real_hardware
37.43,-0.392,-0.738,0.634,-10.0,49.0,-39.625,565.5783079217779,standing_up,adl,6,real_hardware
37.435,-0.38,-0.748,0.63,-12.75,55.625,-30.625,565.5832976192713,standing_up,adl,6,real_hardware
37.44,-0.382,-0.748,0.619,-5.625,49.625,-28.625,565.5832976192713,standing_up,adl,6,real_hardware
37.445,-0.38,-0.748,0.63,-15.0,41.75,-22.0,565.5832976192713,standing_up,adl,6,real_hardware
37.45,-0.384,-0.757,0.615,-9.875,44.0,-22.25,565.5832976192713,standing_up,adl,6,real_hardware
37.455,-0.369,-0.751,0.605,-12.75,44.0,-25.625,565.5832976192713,standing_up,adl,6,real_hardware
37.46,-0.351,-0.742,0.609,-13.375,42.5,-16.0,565.5832976192713,standing_up,adl,6,real_hardware
37.465,-0.306,-0.781,0.585,-12.375,43.125,-16.5,565.5832976192713,standing_up,adl,6,real_hardware
37.47,-0.279,-0.787,0.556,-12.25,42.875,-21.375,565.5832976192713,standing_up,adl,6,real_hardware
37.475,-0.257,-0.785,0.541,-14.375,45.125,-15.75,565.5678104252049,standing_up,adl,6,real_hardware
37.48,-0.226,-0.777,0.531,-11.5,41.625,-8.75,565.5678104252049,standing_up,adl,6,real_hardware
37.485,-0.214,-0.771,0.523,-9.0,33.5,-10.25,565.5678104252049,standing_up,adl,6,real_hardware
37.49,-0.205,-0.779,0.501,-4.75,32.5,-6.875,565.5678104252049,standing_up,adl,6,real_hardware
37.495,-0.216,-0.781,0.507,-2.75,23.625,-6.625,565.5628208642927,standing_up,adl,6,real_hardware
37.5,-0.238,-0.791,0.492,-5.75,29.375,-5.75,565.5678104252049,standing_up,adl,6,real_hardware
37.505,-0.244,-0.808,0.5,5.125,25.875,0.25,565.5728000413638,standing_up,adl,6,real_hardware
37.51,-0.271,-0.82,0.509,3.0,28.5,-4.0,565.5728000413638,standing_up,adl,6,real_hardware
37.515,-0.279,-0.833,0.537,3.375,28.625,9.125,565.5728000413638,standing_up,adl,6,real_hardware
37.52,-0.306,-0.853,0.535,-3.5,31.0,2.5,565.5728000413638,standing_up,adl,6,real_hardware
37.525,-0.335,-0.851,0.562,5.625,17.375,8.0,565.5678104252049,standing_up,adl,6,real_hardware
37.53,-0.38,-0.857,0.58,8.875,18.25,12.625,565.5573127192288,standing_up,adl,6,real_hardware
37.535,-0.423,-0.869,0.619,10.75,10.125,5.625,565.5728000413638,standing_up,adl,6,real_hardware
37.54,-0.451,-0.898,0.671,13.125,9.125,4.0,565.5573127192288,standing_up,adl,6,real_hardware
37.545,-0.505,-0.951,0.656,8.75,13.625,7.0,565.5728000413638,standing_up,adl,6,real_hardware
37.55,-0.535,-0.986,0.675,13.375,8.625,4.5,565.5573127192288,standing_up,adl,6,real_hardware
37.555,-0.537,-1.005,0.685,14.75,11.125,5.0,565.5573127192288,standing_up,adl,6,real_hardware
37.56,-0.527,-1.011,0.695,5.875,9.375,5.5,565.5573127192288,standing_up,adl,6,real_hardware
37.565,-0.515,-0.99,0.693,4.125,8.375,4.5,565.5418254056075,standing_up,adl,6,real_hardware
37.57,-0.511,-0.986,0.697,10.875,12.75,5.75,565.5573127192288,standing_up,adl,6,real_hardware
37.575,-0.501,-0.974,0.695,3.75,5.375,3.875,565.5573127192288,standing_up,adl,6,real_hardware
37.58,-0.431,-0.97,0.734,14.75,8.125,5.125,565.5523232396523,standing_up,adl,6,real_hardware
37.585,-0.49,-0.955,0.679,12.5,9.875,6.75,565.5573127192288,standing_up,adl,6,real_hardware
37.59,-0.455,-0.935,0.648,-2.375,5.125,7.0,565.5523232396523,standing_up,adl,6,real_hardware
37.595,-0.447,-0.904,0.634,9.25,5.0,11.75,565.5368360626135,standing_up,adl,6,real_hardware
37.6,-0.419,-0.876,0.611,-1.125,5.375,9.625,565.5368360626135,standing_up,adl,6,real_hardware
37.605,-0.412,-0.853,0.609,15.75,-0.625,17.625,565.5368360626135,standing_up,adl,6,real_hardware
37.61,-0.402,-0.824,0.609,4.5,-0.125,23.875,565.5368360626135,standing_up,adl,6,real_hardware
37.615,-0.4,-0.806,0.609,10.75,-2.625,30.25,565.5368360626135,standing_up,adl,6,real_hardware
37.62,-0.427,-0.794,0.623,7.125,-7.375,28.0,565.5368360626135,standing_up,adl,6,real_hardware
37.625,-0.441,-0.81,0.64,3.75,-12.125,33.75,565.5368360626135,standing_up,adl,6,real_hardware
37.63,-0.482,-0.828,0.677,15.25,-8.0,29.0,565.5418254056075,standing_up,adl,6,real_hardware
37.635,-0.525,-0.859,0.699,19.375,-11.5,28.25,565.5418254056075,standing_up,adl,6,real_hardware
37.64,-0.58,-0.9,0.74,12.5,-21.25,24.125,565.5468148038461,standing_up,adl,6,real_hardware
37.645,-0.632,-0.941,0.767,21.25,-16.375,18.625,565.5468148038461,standing_up,adl,6,real_hardware
37.65,-0.675,-0.982,0.789,11.875,-23.75,25.375,565.5623022540511,standing_up,adl,6,real_hardware
37.655,-0.708,-1.007,0.818,22.75,-31.125,16.5,565.5623022540511,standing_up,adl,6,real_hardware
37.66,-0.748,-1.052,0.851,23.5,-30.625,10.625,565.5573127192288,standing_up,adl,6,real_hardware
37.665,-0.773,-1.087,0.871,21.375,-42.375,19.75,565.5573127192288,standing_up,adl,6,real_hardware
37.67,-0.8,-1.099,0.89,16.75,-38.375,7.0,565.5573127192288,standing_up,adl,6,real_hardware
37.675,-0.802,-1.095,0.896,11.75,-40.75,11.75,565.5573127192288,standing_up,adl,6,real_hardware
37.68,-0.792,-1.052,0.865,5.375,-40.0,12.125,565.5268575423568,standing_up,adl,6,real_hardware
37.685,-0.775,-1.013,0.845,7.875,-39.125,13.0,565.5423444462351,standing_up,adl,6,real_hardware
37.69,-0.732,-0.97,0.83,-0.25,-41.5,13.0,565.5423444462351,standing_up,adl,6,real_hardware
37.695,-0.673,-0.939,0.82,5.0,-36.0,17.5,565.5318467748634,standing_up,adl,6,real_hardware
37.7,-0.617,-0.9,0.828,12.375,-28.5,29.5,565.5473338153213,standing_up,adl,6,real_hardware
37.705,-0.562,-0.878,0.83,1.625,-40.0,28.75,565.5523232396523,standing_up,adl,6,real_hardware
37.71,-0.5,-0.886,0.82,2.625,-34.125,30.75,565.5573127192288,standing_up,adl,6,real_hardware
37.715,-0.449,-0.871,0.792,-1.625,-42.0,34.25,565.5573127192288,standing_up,adl,6,real_hardware
37.72,-0.382,-0.867,0.789,3.375,-52.375,45.125,565.5573127192288,standing_up,adl,6,real_hardware
37.725,-0.345,-0.863,0.781,5.375,-56.25,48.625,565.5573127192288,standing_up,adl,6,real_hardware
37.73,-0.314,-0.861,0.779,6.0,-60.5,48.375,565.5573127192288,standing_up,adl,6,real_hardware
37.735,-0.283,-0.875,0.771,4.25,-62.0,52.625,565.5573127192288,standing_up,adl,6,real_hardware
37.74,-0.248,-0.875,0.773,8.5,-66.625,69.375,565.5573127192288,standing_up,adl,6,real_hardware
37.745,-0.218,-0.851,0.765,10.125,-76.875,56.75,565.5573127192288,standing_up,adl,6,real_hardware
37.75,-0.199,-0.878,0.738,9.375,-81.5,58.5,565.5728000413638,standing_up,adl,6,real_hardware
37.755,-0.181,-0.861,0.712,5.375,-77.375,47.75,565.5573127192288,standing_up,adl,6,real_hardware
37.76,-0.156,-0.845,0.685,2.875,-75.75,64.5,565.5623022540511,standing_up,adl,6,real_hardware
37.765,-0.148,-0.828,0.644,3.75,-79.0,62.125,565.5728000413638,standing_up,adl,6,real_hardware
37.77,-0.136,-0.773,0.613,-1.75,-79.375,69.125,565.5777897127704,standing_up,adl,6,real_hardware
37.775,-0.126,-0.734,0.568,11.625,-69.125,77.0,565.5777897127704,standing_up,adl,6,real_hardware
37.78,-0.144,-0.664,0.523,9.875,-68.0,73.0,565.5573127192288,standing_up,adl,6,real_hardware
37.785,-0.199,-0.654,0.478,14.25,-61.875,72.25,565.5728000413638,standing_up,adl,6,real_hardware
37.79,-0.251,-0.626,0.468,22.875,-58.25,62.625,565.5728000413638,standing_up,adl,6,real_hardware
37.795,-0.318,-0.632,0.468,19.25,-61.875,74.125,565.5728000413638,standing_up,adl,6,real_hardware
37.8,-0.388,-0.644,0.476,18.125,-60.125,69.375,565.588287372013,standing_up,adl,6,real_hardware
37.805,-0.449,-0.677,0.494,20.0,-64.75,73.25,565.588287372013,standing_up,adl,6,real_hardware
37.81,-0.488,-0.71,0.515,28.625,-55.75,61.75,565.6037747111759,standing_up,adl,6,real_hardware
37.815,-0.523,-0.718,0.525,21.5,-54.125,62.25,565.588287372013,standing_up,adl,6,real_hardware
37.82,-0.558,-0.72,0.541,26.125,-41.25,48.0,565.6037747111759,standing_up,adl,6,real_hardware
37.825,-0.568,-0.693,0.556,23.0,-46.375,38.75,565.6037747111759,standing_up,adl,6,real_hardware
37.83,-0.566,-0.695,0.582,25.75,-39.625,39.75,565.6037747111759,standing_up,adl,6,real_hardware
37.835,-0.539,-0.708,0.613,22.5,-45.125,31.625,565.6037747111759,standing_up,adl,6,real_hardware
37.84,-0.507,-0.724,0.634,24.25,-43.75,27.625,565.6192620588529,standing_up,adl,6,real_hardware
37.845,-0.472,-0.742,0.662,18.625,-46.125,25.5,565.6192620588529,standing_up,adl,6,real_hardware
37.85,-0.429,-0.746,0.681,10.375,-40.75,12.375,565.6192620588529,standing_up,adl,6,real_hardware
37.855,-0.375,-0.73,0.693,18.375,-38.625,6.75,565.6347494150436,standing_up,adl,6,real_hardware
37.86,-0.332,-0.712,0.677,8.625,-46.75,15.875,565.6347494150436,standing_up,adl,6,real_hardware
37.865,-0.294,-0.691,0.685,12.375,-40.75,15.625,565.6347494150436,standing_up,adl,6,real_hardware
37.87,-0.267,-0.691,0.681,15.5,-47.125,12.125,565.6347494150436,standing_up,adl,6,real_hardware
37.875,-0.269,-0.691,0.683,18.75,-45.25,12.5,565.6502367797484,standing_up,adl,6,real_hardware
37.88,-0.269,-0.691,0.687,16.625,-44.5,14.5,565.6452464806746,standing_up,adl,6,real_hardware
37.885,-0.273,-0.707,0.695,19.125,-43.375,7.125,565.6452464806746,standing_up,adl,6,real_hardware
37.89,-0.285,-0.712,0.701,11.375,-41.25,2.75,565.6402562368546,standing_up,adl,6,real_hardware
37.895,-0.292,-0.718,0.705,14.25,-35.125,2.625,565.6402562368546,standing_up,adl,6,real_hardware
37.9,-0.318,-0.71,0.708,9.375,-38.125,8.875,565.6402562368546,standing_up,adl,6,real_hardware
37.905,-0.328,-0.703,0.716,13.5,-40.25,-1.75,565.6402562368546,standing_up,adl,6,real_hardware
37.91,-0.353,-0.691,0.726,14.75,-35.125,5.25,565.6452464806746,standing_up,adl,6,real_hardware
37.915,-0.367,-0.683,0.732,10.25,-36.5,3.25,565.6252858369123,standing_up,adl,6,real_hardware
37.92,-0.384,-0.681,0.736,6.0,-35.625,2.5,565.6202958141025,standing_up,adl,6,real_hardware
37.925,-0.386,-0.662,0.744,14.125,-29.25,-5.5,565.6153058465444,standing_up,adl,6,real_hardware
37.93,-0.384,-0.656,0.757,4.0,-39.125,2.75,565.6202958141025,standing_up,adl,6,real_hardware
37.935,-0.384,-0.644,0.761,0.625,-28.125,1.375,565.6357823678418,standing_up,adl,6,real_hardware
37.94,-0.369,-0.632,0.771,5.875,-28.0,-0.5,565.6407725272278,standing_up,adl,6,real_hardware
37.945,-0.345,-0.632,0.769,3.25,-21.375,-3.875,565.6457627418672,standing_up,adl,6,real_hardware
37.95,-0.322,-0.648,0.761,7.125,-25.375,2.75,565.6457627418672,standing_up,adl,6,real_hardware
37.955,-0.298,-0.662,0.763,2.25,-23.0,-1.75,565.6457627418672,standing_up,adl,6,real_hardware
37.96,-0.287,-0.679,0.781,10.375,-24.125,2.25,565.6457627418672,standing_up,adl,6,real_hardware
37.965,-0.281,-0.699,0.777,9.875,-26.75,-1.25,565.6507530117603,standing_up,adl,6,real_hardware
37.97,-0.283,-0.701,0.792,8.0,-25.875,-7.0,565.6507530117603,standing_up,adl,6,real_hardware
37.975,-0.289,-0.699,0.796,7.25,-26.375,5.625,565.6457627418672,standing_up,adl,6,real_hardware
37.98,-0.292,-0.687,0.81,8.625,-30.5,3.875,565.6507530117603,standing_up,adl,6,real_hardware
37.985,-0.308,-0.681,0.814,2.375,-28.0,-5.625,565.6507530117603,standing_up,adl,6,real_hardware
37.99,-0.333,-0.671,0.812,0.75,-20.25,-0.75,565.6662399837464,standing_up,adl,6,real_hardware
37.995,-0.357,-0.66,0.818,6.5,-29.375,-1.375,565.6662399837464,standing_up,adl,6,real_hardware
38.0,-0.373,-0.646,0.82,-6.75,-23.0,0.5,565.6662399837464,standing_up,adl,6,real_hardware
38.005,-0.38,-0.634,0.824,2.5,-17.375,-4.625,565.6662399837464,standing_up,adl,6,real_hardware
38.01,-0.39,-0.632,0.82,2.625,-24.25,-1.75,565.6662399837464,standing_up,adl,6,real_hardware
38.015,-0.392,-0.615,0.824,1.625,-23.75,-11.875,565.6662399837464,standing_up,adl,6,real_hardware
38.02,-0.4,-0.605,0.83,-0.625,-25.875,2.75,565.6662399837464,standing_up,adl,6,real_hardware
38.025,-0.394,-0.613,0.822,9.625,-20.625,-3.0,565.6662399837464,standing_up,adl,6,real_hardware
38.03,-0.398,-0.621,0.835,-3.75,-14.375,-4.125,565.6662399837464,standing_up,adl,6,real_hardware
38.035,-0.392,-0.623,0.826,11.375,-13.5,-10.5,565.6662399837464,standing_up,adl,6,real_hardware
38.04,-0.388,-0.626,0.828,1.875,-21.875,-2.625,565.6662399837464,standing_up,adl,6,real_hardware
38.045,-0.4,-0.623,0.826,8.875,-16.375,-2.25,565.6712304454746,standing_up,adl,6,real_hardware
38.05,-0.398,-0.607,0.832,7.125,-16.875,-7.0,565.6712304454746,standing_up,adl,6,real_hardware
38.055,-0.4,-0.601,0.839,7.875,-11.625,-8.125,565.6712304454746,standing_up,adl,6,real_hardware
38.06,-0.402,-0.595,0.845,9.875,-11.625,-6.625,565.686717562555,standing_up,adl,6,real_hardware
38.065,-0.404,-0.593,0.851,4.125,-13.125,-10.75,565.6712304454746,standing_up,adl,6,real_hardware
38.07,-0.404,-0.603,0.841,10.25,-5.5,-8.75,565.6712304454746,standing_up,adl,6,real_hardware
38.075,-0.408,-0.617,0.837,11.375,0.625,-11.375,565.6762209624588,standing_up,adl,6,real_hardware
38.08,-0.404,-0.625,0.824,7.125,-2.75,-10.375,565.6762209624588,standing_up,adl,6,real_hardware
38.085,-0.388,-0.636,0.824,-0.375,-3.25,-0.375,565.6762209624588,standing_up,adl,6,real_hardware
38.09,-0.382,-0.638,0.808,7.75,-1.875,-7.25,565.6762209624588,standing_up,adl,6,real_hardware
38.095,-0.363,-0.642,0.798,2.875,-1.875,-6.25,565.6762209624588,standing_up,adl,6,real_hardware
38.1,-0.339,-0.64,0.796,6.125,2.125,-13.125,565.6917082161216,standing_up,adl,6,real_hardware
38.105,-0.335,-0.64,0.787,11.0,-9.125,-2.375,565.6966989249461,standing_up,adl,6,real_hardware
38.11,-0.326,-0.632,0.767,3.375,-11.25,-9.625,565.6812115346997,standing_up,adl,6,real_hardware
38.115,-0.328,-0.625,0.742,6.0,3.5,-1.625,565.6812115346997,standing_up,adl,6,real_hardware
38.12,-0.335,-0.617,0.703,3.25,-2.25,-12.5,565.6812115346997,standing_up,adl,6,real_hardware
38.125,-0.351,-0.593,0.681,6.0,-2.75,-2.5,565.6812115346997,standing_up,adl,6,real_hardware
38.13,-0.353,-0.587,0.652,-8.25,-4.25,7.25,565.6966989249461,standing_up,adl,6,real_hardware
38.135,-0.353,-0.562,0.617,7.25,-2.875,-3.25,565.6966989249461,standing_up,adl,6,real_hardware
38.14,-0.353,-0.539,0.605,7.875,4.875,-5.25,565.6966989249461,standing_up,adl,6,real_hardware
38.145,-0.345,-0.515,0.587,9.375,2.375,-4.375,565.6966989249461,standing_up,adl,6,real_hardware
38.15,-0.335,-0.494,0.58,12.375,6.875,-4.0,565.6966989249461,standing_up,adl,6,real_hardware
38.155,-0.32,-0.474,0.57,6.125,4.125,-2.125,565.6917082161216,standing_up,adl,6,real_hardware
38.16,-0.306,-0.458,0.556,-0.375,9.125,4.25,565.6917082161216,standing_up,adl,6,real_hardware
38.165,-0.296,-0.458,0.535,3.5,1.875,2.25,565.686717562555,standing_up,adl,6,real_hardware
38.17,-0.283,-0.482,0.513,6.125,0.5,0.0,565.686717562555,standing_up,adl,6,real_hardware
38.175,-0.285,-0.503,0.468,5.375,8.25,-1.125,565.6762209624588,standing_up,adl,6,real_hardware
38.18,-0.291,-0.523,0.447,6.75,5.0,-5.375,565.6917082161216,standing_up,adl,6,real_hardware
38.185,-0.31,-0.548,0.398,6.625,13.625,1.375,565.6917082161216,standing_up,adl,6,real_hardware
38.19,-0.343,-0.556,0.367,11.25,0.625,-7.25,565.6917082161216,standing_up,adl,6,real_hardware
38.195,-0.365,-0.56,0.337,-9.25,-5.75,0.75,565.6917082161216,standing_up,adl,6,real_hardware
38.2,-0.382,-0.55,0.343,-10.875,1.625,-5.375,565.6917082161216,standing_up,adl,6,real_hardware
38.205,-0.396,-0.525,0.357,-9.75,2.75,-12.125,565.6966989249461,standing_up,adl,6,real_hardware
38.21,-0.39,-0.501,0.386,-17.375,12.25,-23.25,565.6812115346997,standing_up,adl,6,real_hardware
38.215,-0.378,-0.478,0.4,-21.0,14.0,-9.25,565.6812115346997,standing_up,adl,6,real_hardware
38.22,-0.349,-0.458,0.406,-22.25,14.5,-18.75,565.6812115346997,standing_up,adl,6,real_hardware
38.225,-0.312,-0.441,0.363,-20.125,17.0,-21.75,565.6862021621976,standing_up,adl,6,real_hardware
38.23,-0.308,-0.464,0.435,-28.0,16.875,-15.125,565.6862021621976,standing_up,adl,6,real_hardware
38.235,-0.296,-0.455,0.402,-30.625,14.625,-14.375,565.6862021621976,standing_up,adl,6,real_hardware
38.24,-0.279,-0.455,0.408,-36.875,20.625,-15.75,565.6966989249461,standing_up,adl,6,real_hardware
38.245,-0.253,-0.445,0.4,-34.0,22.25,-22.625,565.6862021621976,standing_up,adl,6,real_hardware
38.25,-0.255,-0.441,0.4,-30.625,15.625,-28.5,565.6862021621976,standing_up,adl,6,real_hardware
38.255,-0.255,-0.425,0.404,-41.125,14.375,-14.75,565.6862021621976,standing_up,adl,6,real_hardware
38.26,-0.248,-0.423,0.392,-37.375,20.625,-16.75,565.6862021621976,standing_up,adl,6,real_hardware
38.265,-0.255,-0.419,0.41,-37.25,17.5,-18.5,565.6812115346997,standing_up,adl,6,real_hardware
38.27,-0.251,-0.414,0.425,-31.875,28.0,-27.0,565.6862021621976,standing_up,adl,6,real_hardware
38.275,-0.257,-0.414,0.435,-28.25,26.125,-20.25,565.7016896890292,standing_up,adl,6,real_hardware
38.28,-0.259,-0.416,0.451,-34.875,15.125,-14.75,565.7016896890292,standing_up,adl,6,real_hardware
38.285,-0.242,-0.41,0.462,-25.25,14.25,-15.0,565.6862021621976,standing_up,adl,6,real_hardware
38.29,-0.226,-0.417,0.476,-22.25,7.125,-19.75,565.6862021621976,standing_up,adl,6,real_hardware
38.295,-0.207,-0.425,0.482,-23.875,9.5,-14.625,565.6862021621976,standing_up,adl,6,real_hardware
38.3,-0.179,-0.447,0.486,-27.25,3.25,-19.5,565.6966989249461,standing_up,adl,6,real_hardware
38.305,-0.171,-0.472,0.484,-22.25,1.625,-24.625,565.6966989249461,standing_up,adl,6,real_hardware
38.31,-0.166,-0.498,0.48,-26.5,5.625,-14.25,565.6812115346997,standing_up,adl,6,real_hardware
38.315,-0.169,-0.529,0.49,-24.25,0.0,-7.25,565.6862021621976,standing_up,adl,6,real_hardware
38.32,-0.181,-0.558,0.498,-29.25,-2.0,-9.875,565.6862021621976,standing_up,adl,6,real_hardware
38.325,-0.199,-0.57,0.521,-25.375,0.625,-19.125,565.6812115346997,standing_up,adl,6,real_hardware
38.33,-0.21,-0.574,0.533,-26.25,1.25,-13.0,565.6812115346997,standing_up,adl,6,real_hardware
38.335,-0.224,-0.58,0.544,-29.375,-1.5,-9.625,565.6966989249461,standing_up,adl,6,real_hardware
38.34,-0.242,-0.582,0.546,-35.625,3.375,-9.5,565.6966989249461,standing_up,adl,6,real_hardware
38.345,-0.263,-0.582,0.542,-37.0,-1.25,-22.875,565.6966989249461,standing_up,adl,6,real_hardware
38.35,-0.285,-0.57,0.535,-29.25,9.5,-20.5,565.6812115346997,standing_up,adl,6,real_hardware
38.355,-0.308,-0.566,0.527,-27.0,14.375,-18.75,565.6966989249461,standing_up,adl,6,real_hardware
38.36,-0.318,-0.564,0.519,-31.625,0.0,-14.25,565.6966989249461,standing_up,adl,6,real_hardware
38.365,-0.347,-0.554,0.519,-27.25,6.25,-9.125,565.686717562555,standing_up,adl,6,real_hardware
38.37,-0.363,-0.542,0.515,-27.75,10.75,-18.25,565.686717562555,standing_up,adl,6,real_hardware
38.375,-0.375,-0.548,0.519,-33.0,15.875,-19.75,565.686717562555,standing_up,adl,6,real_hardware
38.38,-0.384,-0.55,0.515,-28.625,13.75,-8.625,565.6917082161216,standing_up,adl,6,real_hardware
38.385,-0.384,-0.55,0.507,-23.125,15.5,-19.125,565.6917082161216,standing_up,adl,6,real_hardware
38.39,-0.388,-0.562,0.507,-32.5,14.125,-17.375,565.6917082161216,standing_up,adl,6,real_hardware
38.395,-0.38,-0.568,0.498,-36.0,11.5,-12.875,565.6917082161216,standing_up,adl,6,real_hardware
38.4,-0.386,-0.574,0.505,-36.625,18.375,-16.5,565.6917082161216,standing_up,adl,6,real_hardware
38.405,-0.39,-0.58,0.496,-31.75,12.25,-14.125,565.6917082161216,standing_up,adl,6,real_hardware
38.41,-0.384,-0.576,0.501,-30.375,5.75,-9.125,565.6917082161216,standing_up,adl,6,real_hardware
38.415,-0.373,-0.574,0.501,-30.5,9.5,-17.5,565.6762209624588,standing_up,adl,6,real_hardware
38.42,-0.369,-0.578,0.511,-34.0,-0.75,-9.875,565.6917082161216,standing_up,adl,6,real_hardware
38.425,-0.376,-0.597,0.513,-35.75,-2.875,-2.125,565.6966989249461,standing_up,adl,6,real_hardware
38.43,-0.365,-0.628,0.521,-26.625,-8.375,-13.375,565.6966989249461,standing_up,adl,6,real_hardware
38.435,-0.353,-0.644,0.525,-30.25,-4.125,-12.5,565.7121863237065,standing_up,adl,6,real_hardware
38.44,-0.326,-0.666,0.531,-27.375,-9.625,-6.5,565.6917082161216,standing_up,adl,6,real_hardware
38.445,-0.31,-0.679,0.541,-24.25,-8.25,-10.25,565.6662399837464,standing_up,adl,6,real_hardware
38.45,-0.304,-0.689,0.556,-32.875,-10.625,-5.75,565.6712304454746,standing_up,adl,6,real_hardware
38.455,-0.31,-0.701,0.562,-27.5,-11.25,-2.5,565.6712304454746,standing_up,adl,6,real_hardware
38.46,-0.318,-0.707,0.562,-26.125,-13.375,-10.75,565.6917082161216,standing_up,adl,6,real_hardware
38.465,-0.316,-0.705,0.57,-20.25,-13.25,-6.25,565.6762209624588,standing_up,adl,6,real_hardware
38.47,-0.324,-0.701,0.578,-30.5,-15.625,-10.375,565.6762209624588,standing_up,adl,6,real_hardware
38.475,-0.333,-0.689,0.578,-17.75,-23.25,-7.25,565.6762209624588,standing_up,adl,6,real_hardware
38.48,-0.328,-0.691,0.57,-32.25,-15.25,-7.25,565.6762209624588,standing_up,adl,6,real_hardware
38.485,-0.322,-0.697,0.568,-35.75,-21.75,-11.0,565.6762209624588,standing_up,adl,6,real_hardware
38.49,-0.328,-0.722,0.548,-27.0,-27.0,-12.0,565.6812115346997,standing_up,adl,6,real_hardware
38.495,-0.335,-0.736,0.541,-25.75,-31.625,-5.0,565.6812115346997,standing_up,adl,6,real_hardware
38.5,-0.351,-0.744,0.539,-29.25,-35.0,-6.875,565.6812115346997,standing_up,adl,6,real_hardware
38.505,-0.367,-0.751,0.542,-31.25,-33.0,-9.125,565.6762209624588,standing_up,adl,6,real_hardware
38.51,-0.382,-0.765,0.539,-31.375,-26.0,-11.25,565.6812115346997,standing_up,adl,6,real_hardware
38.515,-0.394,-0.769,0.546,-24.75,-35.875,-7.5,565.6812115346997,standing_up,adl,6,real_hardware
38.52,-0.421,-0.771,0.55,-34.125,-32.875,-0.25,565.6812115346997,standing_up,adl,6,real_hardware
38.525,-0.443,-0.769,0.542,-37.75,-25.75,-5.0,565.6812115346997,standing_up,adl,6,real_hardware
38.53,-0.46,-0.755,0.55,-34.375,-32.625,-7.625,565.6762209624588,standing_up,adl,6,real_hardware
38.535,-0.47,-0.748,0.558,-29.625,-25.5,-6.25,565.6712304454746,standing_up,adl,6,real_hardware
38.54,-0.472,-0.74,0.556,-32.625,-25.0,-3.125,565.6762209624588,standing_up,adl,6,real_hardware
38.545,-0.457,-0.73,0.554,-28.375,-21.5,-0.125,565.6762209624588,standing_up,adl,6,real_hardware
38.55,-0.447,-0.732,0.554,-31.125,-31.625,-4.375,565.6762209624588,standing_up,adl,6,real_hardware
38.555,-0.433,-0.74,0.55,-34.5,-26.75,3.75,565.6762209624588,standing_up,adl,6,real_hardware
38.56,-0.412,-0.734,0.542,-34.875,-22.125,6.75,565.6762209624588,standing_up,adl,6,real_hardware
38.565,-0.41,-0.722,0.56,-32.5,-25.875,0.375,565.6812115346997,standing_up,adl,6,real_hardware
38.57,-0.41,-0.703,0.587,-32.5,-28.5,5.5,565.6762209624588,standing_up,adl,6,real_hardware
38.575,-0.431,-0.675,0.679,-40.875,-30.625,8.25,565.6762209624588,standing_up,adl,6,real_hardware
38.58,-0.437,-0.658,0.746,-18.5,-27.75,8.5,565.6762209624588,standing_up,adl,6,real_hardware
38.585,-0.425,-0.652,0.789,-9.0,-24.125,4.125,565.6762209624588,standing_up,adl,6,real_hardware
38.59,-0.404,-0.683,0.808,-11.5,-14.25,16.0,565.6762209624588,standing_up,adl,6,real_hardware
38.595,-0.392,-0.755,0.769,0.25,-15.625,24.125,565.6812115346997,standing_up,adl,6,real_hardware
38.6,-0.398,-0.851,0.716,-6.375,-9.625,21.0,565.6812115346997,standing_up,adl,6,real_hardware
38.605,-0.419,-0.896,0.66,-6.5,5.625,26.75,565.6762209624588,standing_up,adl,6,real_hardware
38.61,-0.427,-0.882,0.623,-7.75,4.375,29.5,565.6762209624588,standing_up,adl,6,real_hardware
38.615,-0.404,-0.83,0.589,-12.875,9.25,26.125,565.6812115346997,standing_up,adl,6,real_hardware
38.62,-0.378,-0.787,0.582,-20.75,24.125,27.625,565.6812115346997,standing_up,adl,6,real_hardware
38.625,-0.347,-0.763,0.564,-24.625,8.75,30.0,565.6762209624588,standing_up,adl,6,real_hardware
38.63,-0.279,-0.763,0.558,-32.125,-4.25,40.875,565.6657241529671,standing_up,adl,6,real_hardware
38.635,-0.22,-0.775,0.548,-28.875,-2.0,25.375,565.6657241529671,standing_up,adl,6,real_hardware
38.64,-0.146,-0.781,0.556,-30.125,-10.875,29.5,565.6657241529671,standing_up,adl,6,real_hardware
38.645,-0.083,-0.781,0.564,-37.375,-12.75,29.625,565.6607337173099,standing_up,adl,6,real_hardware
38.65,-0.027,-0.775,0.574,-35.875,-27.875,36.125,565.6607337173099,standing_up,adl,6,real_hardware
38.655,0.005,-0.74,0.591,-35.0,-36.25,33.375,565.6607337173099,standing_up,adl,6,real_hardware
38.66,0.0,-0.707,0.605,-44.75,-38.875,31.0,565.6557433369078,standing_up,adl,6,real_hardware
38.665,-0.017,-0.689,0.603,-37.25,-43.125,32.625,565.6607337173099,standing_up,adl,6,real_hardware
38.67,-0.048,-0.693,0.583,-34.75,-48.0,32.0,565.6607337173099,standing_up,adl,6,real_hardware
38.675,-0.087,-0.712,0.568,-39.625,-51.625,41.75,565.6762209624588,standing_up,adl,6,real_hardware
38.68,-0.138,-0.724,0.566,-32.625,-46.25,38.875,565.6762209624588,standing_up,adl,6,real_hardware
38.685,-0.195,-0.746,0.55,-33.0,-55.5,42.375,565.6762209624588,standing_up,adl,6,real_hardware
38.69,-0.234,-0.763,0.546,-35.125,-62.375,38.25,565.6712304454746,standing_up,adl,6,real_hardware
38.695,-0.269,-0.785,0.531,-34.875,-45.75,36.25,565.6712304454746,standing_up,adl,6,real_hardware
38.7,-0.287,-0.804,0.525,-31.125,-50.5,25.875,565.6712304454746,standing_up,adl,6,real_hardware
38.705,-0.296,-0.822,0.513,-41.25,-45.0,36.0,565.6507530117603,standing_up,adl,6,real_hardware
38.71,-0.3,-0.845,0.503,-35.125,-46.5,38.75,565.6557433369078,standing_up,adl,6,real_hardware
38.715,-0.292,-0.863,0.5,-33.375,-37.125,28.25,565.6402562368546,standing_up,adl,6,real_hardware
38.72,-0.281,-0.871,0.496,-41.25,-38.5,32.875,565.6402562368546,standing_up,adl,6,real_hardware
38.725,-0.267,-0.869,0.501,-41.375,-42.75,36.125,565.6557433369078,standing_up,adl,6,real_hardware
38.73,-0.251,-0.865,0.525,-37.25,-32.5,43.625,565.6402562368546,standing_up,adl,6,real_hardware
38.735,-0.248,-0.841,0.529,-39.125,-36.5,35.375,565.6452464806746,standing_up,adl,6,real_hardware
38.74,-0.24,-0.804,0.552,-39.625,-37.0,42.375,565.6657241529671,standing_up,adl,6,real_hardware
38.745,-0.238,-0.791,0.55,-39.25,-38.25,40.625,565.6607337173099,standing_up,adl,6,real_hardware
38.75,-0.238,-0.783,0.546,-37.5,-32.125,39.375,565.6607337173099,standing_up,adl,6,real_hardware
38.755,-0.236,-0.775,0.546,-35.0,-38.25,32.0,565.6502367797484,standing_up,adl,6,real_hardware
38.76,-0.23,-0.765,0.556,-49.5,-31.5,46.0,565.6502367797484,standing_up,adl,6,real_hardware
38.765,-0.22,-0.765,0.558,-43.625,-33.625,35.375,565.6502367797484,standing_up,adl,6,real_hardware
38.77,-0.201,-0.757,0.558,-40.0,-41.0,31.875,565.6502367797484,standing_up,adl,6,real_hardware
38.775,-0.199,-0.755,0.562,-32.625,-46.5,35.125,565.6502367797484,standing_up,adl,6,real_hardware
38.78,-0.175,-0.757,0.562,-32.5,-41.5,32.125,565.6502367797484,standing_up,adl,6,real_hardware
38.785,-0.166,-0.763,0.56,-33.25,-46.0,26.5,565.6502367797484,standing_up,adl,6,real_hardware
38.79,-0.152,-0.767,0.552,-35.75,-50.75,39.5,565.6502367797484,standing_up,adl,6,real_hardware
38.795,-0.156,-0.771,0.548,-30.875,-45.5,25.375,565.6552271340767,standing_up,adl,6,real_hardware
38.8,-0.156,-0.773,0.55,-32.375,-49.375,35.625,565.6552271340767,standing_up,adl,6,real_hardware
38.805,-0.169,-0.779,0.546,-21.625,-43.375,38.875,565.6552271340767,standing_up,adl,6,real_hardware
38.81,-0.181,-0.783,0.55,-19.25,-46.625,18.5,565.6557433369078,fall_sitting,fall,6,real_hardware
38.815,-0.21,-0.794,0.548,-20.75,-44.5,26.875,565.6252858369123,fall_sitting,fall,6,real_hardware
38.82,-0.232,-0.806,0.546,-20.875,-37.25,27.625,565.6252858369123,fall_sitting,fall,6,real_hardware
38.825,-0.248,-0.81,0.544,-14.375,-40.25,22.75,565.6302759149738,fall_sitting,fall,6,real_hardware
38.83,-0.273,-0.802,0.542,-23.125,-43.875,23.25,565.6302759149738,fall_sitting,fall,6,real_hardware
38.835,-0.279,-0.82,0.531,-11.75,-37.875,22.0,565.6197790933286,fall_sitting,fall,6,real_hardware
38.84,-0.283,-0.832,0.521,-21.75,-36.625,10.75,565.6352660482877,fall_sitting,fall,6,real_hardware
38.845,-0.296,-0.832,0.525,-16.375,-37.0,17.25,565.6507530117603,fall_sitting,fall,6,real_hardware
38.85,-0.291,-0.837,0.517,-13.125,-34.625,9.25,565.6352660482877,fall_sitting,fall,6,real_hardware
38.855,-0.289,-0.828,0.525,-19.125,-40.75,8.0,565.6507530117603,fall_sitting,fall,6,real_hardware
38.86,-0.271,-0.824,0.521,-17.625,-27.0,6.875,565.6507530117603,fall_sitting,fall,6,real_hardware
38.865,-0.251,-0.826,0.525,-16.625,-29.0,10.875,565.6557433369078,fall_sitting,fall,6,real_hardware
38.87,-0.234,-0.826,0.541,-14.25,-25.625,10.5,565.6557433369078,fall_sitting,fall,6,real_hardware
38.875,-0.214,-0.82,0.541,-15.0,-21.125,4.75,565.6557433369078,fall_sitting,fall,6,real_hardware
38.88,-0.201,-0.816,0.542,-10.875,-34.875,10.375,565.6557433369078,fall_sitting,fall,6,real_hardware
38.885,-0.195,-0.816,0.542,-2.875,-33.25,5.0,565.6557433369078,fall_sitting,fall,6,real_hardware
38.89,-0.181,-0.822,0.527,-13.125,-29.625,6.125,565.6607337173099,fall_sitting,fall,6,real_hardware
38.895,-0.169,-0.83,0.533,-6.25,-35.0,1.875,565.6607337173099,fall_sitting,fall,6,real_hardware
38.9,-0.16,-0.843,0.521,-11.375,-33.25,5.75,565.6607337173099,fall_sitting,fall,6,real_hardware
38.905,-0.156,-0.849,0.511,-6.125,-40.75,3.875,565.6607337173099,fall_sitting,fall,6,real_hardware
38.91,-0.138,-0.853,0.519,-11.5,-29.625,10.25,565.6457627418672,fall_sitting,fall,6,real_hardware
38.915,-0.138,-0.863,0.519,-3.625,-23.125,-1.375,565.6457627418672,fall_sitting,fall,6,real_hardware
38.92,-0.13,-0.861,0.521,-10.625,-28.875,7.5,565.6457627418672,fall_sitting,fall,6,real_hardware
38.925,-0.14,-0.857,0.517,-9.625,-15.75,1.125,565.6352660482877,fall_sitting,fall,6,real_hardware
38.93,-0.14,-0.861,0.509,-15.125,-31.0,11.375,565.6402562368546,fall_sitting,fall,6,real_hardware
38.935,-0.156,-0.873,0.498,-12.125,-25.875,2.375,565.6452464806746,fall_sitting,fall,6,real_hardware
38.94,-0.167,-0.869,0.478,-7.125,-29.0,6.125,565.6607337173099,fall_sitting,fall,6,real_hardware
38.945,-0.166,-0.863,0.478,-7.375,-22.125,4.75,565.6607337173099,fall_sitting,fall,6,real_hardware
38.95,-0.166,-0.861,0.468,-9.5,-17.875,-3.5,565.6502367797484,fall_sitting,fall,6,real_hardware
38.955,-0.181,-0.855,0.462,-11.5,-23.25,10.25,565.6607337173099,fall_sitting,fall,6,real_hardware
38.96,-0.189,-0.847,0.453,-10.875,-18.75,-0.25,565.6452464806746,fall_sitting,fall,6,real_hardware
38.965,-0.193,-0.841,0.437,-8.75,-21.875,5.5,565.6452464806746,fall_sitting,fall,6,real_hardware
38.97,-0.199,-0.83,0.433,-0.25,-20.875,2.0,565.6657241529671,fall_sitting,fall,6,real_hardware
38.975,-0.207,-0.833,0.429,-2.375,-13.125,-2.375,565.6607337173099,fall_sitting,fall,6,real_hardware
38.98,-0.22,-0.83,0.427,6.75,-15.875,2.125,565.6607337173099,fall_sitting,fall,6,real_hardware
38.985,-0.244,-0.843,0.417,-3.75,-4.25,5.125,565.6502367797484,fall_sitting,fall,6,real_hardware
38.99,-0.259,-0.847,0.412,10.875,-10.0,2.25,565.6452464806746,fall_sitting,fall,6,real_hardware
38.995,-0.273,-0.857,0.41,1.625,-10.125,5.625,565.6452464806746,fall_sitting,fall,6,real_hardware
39.0,-0.291,-0.857,0.404,-2.125,-2.875,0.625,565.6607337173099,fall_sitting,fall,6,real_hardware
39.005,-0.298,-0.849,0.396,-0.625,-4.75,3.25,565.6657241529671,fall_sitting,fall,6,real_hardware
39.01,-0.306,-0.83,0.408,0.875,-0.75,-0.375,565.6762209624588,fall_sitting,fall,6,real_hardware
39.015,-0.292,-0.822,0.412,5.0,-0.25,9.0,565.6762209624588,fall_sitting,fall,6,real_hardware
39.02,-0.275,-0.798,0.423,-2.875,2.625,4.375,565.6762209624588,fall_sitting,fall,6,real_hardware
39.025,-0.246,-0.773,0.443,-1.875,-2.0,3.375,565.6762209624588,fall_sitting,fall,6,real_hardware
39.03,-0.222,-0.755,0.458,0.5,4.875,4.125,565.6762209624588,fall_sitting,fall,6,real_hardware
39.035,-0.203,-0.736,0.507,6.625,5.125,17.125,565.6607337173099,fall_sitting,fall,6,real_hardware
39.04,-0.201,-0.724,0.554,3.25,-0.25,13.625,565.6812115346997,fall_sitting,fall,6,real_hardware
39.045,-0.228,-0.722,0.57,16.375,9.75,4.25,565.6762209624588,fall_sitting,fall,6,real_hardware
39.05,-0.251,-0.73,0.558,16.125,16.0,8.375,565.6607337173099,fall_sitting,fall,6,real_hardware
39.055,-0.273,-0.742,0.562,25.25,9.625,9.75,565.6762209624588,fall_sitting,fall,6,real_hardware
39.06,-0.294,-0.785,0.562,26.125,10.25,10.375,565.6762209624588,fall_sitting,fall,6,real_hardware
39.065,-0.355,-0.861,0.56,17.625,2.375,2.625,565.6657241529671,fall_sitting,fall,6,real_hardware
39.07,-0.39,-0.882,0.564,11.375,-3.625,-3.125,565.6657241529671,fall_sitting,fall,6,real_hardware
39.075,-0.386,-0.886,0.562,18.375,-0.125,3.5,565.6607337173099,fall_sitting,fall,6,real_hardware
39.08,-0.382,-0.873,0.58,7.125,-2.0,-4.5,565.6607337173099,fall_sitting,fall,6,real_hardware
39.085,-0.367,-0.853,0.593,9.25,-0.625,0.0,565.6607337173099,fall_sitting,fall,6,real_hardware
39.09,-0.332,-0.839,0.613,6.25,-4.75,0.0,565.6657241529671,fall_sitting,fall,6,real_hardware
39.095,-0.318,-0.808,0.621,-1.25,-6.25,-0.125,565.6657241529671,fall_sitting,fall,6,real_hardware
39.1,-0.3,-0.777,0.613,1.875,-8.625,-3.25,565.6657241529671,fall_sitting,fall,6,real_hardware
39.105,-0.302,-0.746,0.595,0.875,-7.625,-6.125,565.6657241529671,fall_sitting,fall,6,real_hardware
39.11,-0.287,-0.74,0.572,0.5,-6.75,-9.0,565.6607337173099,fall_sitting,fall,6,real_hardware
39.115,-0.281,-0.74,0.55,12.5,2.125,-9.25,565.6607337173099,fall_sitting,fall,6,real_hardware
39.12,-0.277,-0.746,0.527,1.625,3.5,-3.375,565.6812115346997,fall_sitting,fall,6,real_hardware
39.125,-0.273,-0.753,0.513,-2.125,9.125,-6.25,565.6812115346997,fall_sitting,fall,6,real_hardware
39.13,-0.257,-0.763,0.498,3.25,5.875,-10.75,565.6657241529671,fall_sitting,fall,6,real_hardware
39.135,-0.234,-0.748,0.509,8.25,10.0,-15.125,565.6812115346997,fall_sitting,fall,6,real_hardware
39.14,-0.203,-0.736,0.515,4.375,10.25,-11.0,565.6762209624588,fall_sitting,fall,6,real_hardware
39.145,-0.179,-0.748,0.531,9.75,17.75,-17.0,565.6812115346997,fall_sitting,fall,6,real_hardware
39.15,-0.125,-0.761,0.537,1.625,12.0,-2.875,565.6812115346997,fall_sitting,fall,6,real_hardware
39.155,-0.13,-0.802,0.541,8.625,13.75,-12.75,565.6657241529671,fall_sitting,fall,6,real_hardware
39.16,-0.154,-0.847,0.533,7.0,10.625,-13.0,565.6657241529671,fall_sitting,fall,6,real_hardware
39.165,-0.158,-0.89,0.531,5.875,12.625,-12.5,565.6657241529671,fall_sitting,fall,6,real_hardware
39.17,-0.162,-0.921,0.531,5.75,7.75,-10.375,565.6552271340767,fall_sitting,fall,6,real_hardware
39.175,-0.152,-0.933,0.533,3.125,1.75,-15.125,565.6502367797484,fall_sitting,fall,6,real_hardware
39.18,-0.134,-0.917,0.541,8.5,7.25,-15.75,565.6607337173099,fall_sitting,fall,6,real_hardware
39.185,-0.134,-0.89,0.529,7.125,5.875,-8.0,565.6607337173099,fall_sitting,fall,6,real_hardware
39.19,-0.136,-0.865,0.513,14.5,3.375,-5.0,565.6762209624588,fall_sitting,fall,6,real_hardware
39.195,-0.144,-0.847,0.515,7.125,7.5,-1.125,565.6657241529671,fall_sitting,fall,6,real_hardware
39.2,-0.154,-0.841,0.498,6.5,-10.25,-7.875,565.6812115346997,fall_sitting,fall,6,real_hardware
39.205,-0.183,-0.849,0.478,9.125,2.875,0.25,565.6812115346997,fall_sitting,fall,6,real_hardware
39.21,-0.208,-0.871,0.457,11.625,6.625,0.0,565.6812115346997,fall_sitting,fall,6,real_hardware
39.215,-0.244,-0.894,0.439,11.375,10.375,2.375,565.6812115346997,fall_sitting,fall,6,real_hardware
39.22,-0.263,-0.91,0.433,11.375,0.375,-1.75,565.6812115346997,fall_sitting,fall,6,real_hardware
39.225,-0.285,-0.917,0.433,2.375,8.125,-7.5,565.6812115346997,fall_sitting,fall,6,real_hardware
39.23,-0.306,-0.921,0.439,0.25,4.75,1.5,565.6762209624588,fall_sitting,fall,6,real_hardware
39.235,-0.298,-0.921,0.451,-6.25,-2.375,2.375,565.6762209624588,fall_sitting,fall,6,real_hardware
39.24,-0.281,-0.91,0.462,-7.625,3.25,5.625,565.6762209624588,fall_sitting,fall,6,real_hardware
39.245,-0.259,-0.892,0.468,-1.75,4.875,1.625,565.6762209624588,fall_sitting,fall,6,real_hardware
39.25,-0.228,-0.875,0.455,-2.0,11.25,-1.375,565.6762209624588,fall_sitting,fall,6,real_hardware
39.255,-0.214,-0.855,0.447,-5.375,12.25,-4.75,565.6662399837464,fall_sitting,fall,6,real_hardware
39.26,-0.205,-0.828,0.445,1.625,9.25,0.5,565.6712304454746,fall_sitting,fall,6,real_hardware
39.265,-0.193,-0.812,0.437,-8.5,16.375,1.375,565.6712304454746,fall_sitting,fall,6,real_hardware
39.27,-0.169,-0.796,0.421,1.0,12.5,-4.25,565.6607337173099,fall_sitting,fall,6,real_hardware
39.275,-0.179,-0.798,0.421,1.5,5.125,1.25,565.6762209624588,fall_sitting,fall,6,real_hardware
39.28,-0.177,-0.81,0.435,1.375,11.75,6.75,565.6607337173099,fall_sitting,fall,6,real_hardware
39.285,-0.191,-0.82,0.445,-5.75,8.0,8.75,565.6657241529671,fall_sitting,fall,6,real_hardware
39.29,-0.199,-0.832,0.458,2.625,13.875,6.0,565.6657241529671,fall_sitting,fall,6,real_hardware
39.295,-0.216,-0.845,0.484,-1.75,6.75,7.5,565.6657241529671,fall_sitting,fall,6,real_hardware
39.3,-0.228,-0.855,0.509,6.625,4.125,8.0,565.6812115346997,fall_sitting,fall,6,real_hardware
39.305,-0.246,-0.873,0.535,10.375,5.0,-0.625,565.6812115346997,fall_sitting,fall,6,real_hardware
39.31,-0.248,-0.89,0.568,11.125,3.125,0.5,565.6812115346997,fall_sitting,fall,6,real_hardware
39.315,-0.25,-0.902,0.599,7.75,-10.5,-6.125,565.6812115346997,fall_sitting,fall,6,real_hardware
39.32,-0.238,-0.906,0.611,6.25,-4.375,1.625,565.6762209624588,fall_sitting,fall,6,real_hardware
39.325,-0.23,-0.902,0.605,3.875,-6.875,-2.5,565.6812115346997,fall_sitting,fall,6,real_hardware
39.33,-0.214,-0.892,0.601,3.25,-11.375,-0.25,565.6917082161216,fall_sitting,fall,6,real_hardware
39.335,-0.201,-0.876,0.587,2.75,-17.125,-8.125,565.6917082161216,fall_sitting,fall,6,real_hardware
39.34,-0.199,-0.871,0.57,1.0,-10.375,1.625,565.6917082161216,fall_sitting,fall,6,real_hardware
39.345,-0.199,-0.849,0.548,-7.5,-3.375,-0.625,565.6966989249461,fall_sitting,fall,6,real_hardware
39.35,-0.199,-0.828,0.525,-10.25,-6.5,-3.875,565.6966989249461,fall_sitting,fall,6,real_hardware
39.355,-0.208,-0.804,0.5,-1.75,-12.625,-3.0,565.6966989249461,fall_sitting,fall,6,real_hardware
39.36,-0.205,-0.787,0.492,-9.625,-7.625,-3.0,565.6762209624588,fall_sitting,fall,6,real_hardware
39.365,-0.214,-0.773,0.49,-6.75,-0.375,-6.25,565.6762209624588,fall_sitting,fall,6,real_hardware
39.37,-0.218,-0.765,0.49,-8.5,-1.0,-5.75,565.6762209624588,fall_sitting,fall,6,real_hardware
39.375,-0.224,-0.755,0.486,-13.375,-2.125,-8.0,565.6762209624588,fall_sitting,fall,6,real_hardware
39.38,-0.24,-0.742,0.484,-4.5,-1.0,-7.5,565.686717562555,fall_sitting,fall,6,real_hardware
39.385,-0.253,-0.736,0.486,-6.25,4.625,-4.875,565.6917082161216,fall_sitting,fall,6,real_hardware
39.39,-0.259,-0.722,0.49,-8.0,7.5,-10.875,565.6812115346997,fall_sitting,fall,6,real_hardware
39.395,-0.279,-0.716,0.484,0.75,7.625,-9.125,565.6812115346997,fall_sitting,fall,6,real_hardware
39.4,-0.294,-0.705,0.488,-12.875,8.375,-1.875,565.6762209624588,fall_sitting,fall,6,real_hardware
39.405,-0.31,-0.691,0.494,-2.375,12.625,-7.375,565.6712304454746,fall_sitting,fall,6,real_hardware
39.41,-0.335,-0.687,0.494,4.375,16.75,-6.125,565.681726964246,fall_sitting,fall,6,real_hardware
39.415,-0.369,-0.691,0.49,0.5,15.0,-13.0,565.686717562555,fall_sitting,fall,6,real_hardware
39.42,-0.39,-0.703,0.496,6.75,23.875,-20.75,565.686717562555,fall_sitting,fall,6,real_hardware
39.425,-0.398,-0.712,0.496,10.875,8.875,-11.5,565.6712304454746,fall_sitting,fall,6,real_hardware
39.43,-0.423,-0.716,0.509,9.375,19.0,-19.875,565.6917082161216,fall_sitting,fall,6,real_hardware
39.435,-0.435,-0.728,0.515,8.875,20.75,-20.25,565.6917082161216,fall_sitting,fall,6,real_hardware
39.44,-0.435,-0.738,0.521,11.25,19.875,-23.125,565.6917082161216,fall_sitting,fall,6,real_hardware
39.445,-0.431,-0.748,0.539,9.75,16.5,-27.75,565.6917082161216,fall_sitting,fall,6,real_hardware
39.45,-0.421,-0.75,0.542,5.75,10.625,-20.5,565.6966989249461,fall_sitting,fall,6,real_hardware
39.455,-0.404,-0.769,0.544,3.0,8.0,-22.625,565.6812115346997,fall_sitting,fall,6,real_hardware
39.46,-0.384,-0.783,0.546,2.25,6.875,-25.625,565.6762209624588,fall_sitting,fall,6,real_hardware
39.465,-0.361,-0.802,0.552,-0.375,10.75,-32.25,565.6762209624588,fall_sitting,fall,6,real_hardware
39.47,-0.337,-0.824,0.558,8.75,6.125,-34.75,565.6762209624588,fall_sitting,fall,6,real_hardware
39.475,-0.3,-0.839,0.556,0.125,7.875,-43.0,565.6712304454746,fall_sitting,fall,6,real_hardware
39.48,-0.271,-0.865,0.572,-3.0,8.875,-34.0,565.6712304454746,fall_sitting,fall,6,real_hardware
39.485,-0.257,-0.878,0.566,-5.875,17.5,-31.875,565.6712304454746,fall_sitting,fall,6,real_hardware
39.49,-0.248,-0.89,0.574,-2.0,17.75,-32.25,565.6712304454746,fall_sitting,fall,6,real_hardware
39.495,-0.251,-0.898,0.568,-8.125,16.5,-31.25,565.6662399837464,fall_sitting,fall,6,real_hardware
39.5,-0.253,-0.9,0.554,-2.875,26.0,-28.5,565.6662399837464,fall_sitting,fall,6,real_hardware
39.505,-0.263,-0.894,0.548,-0.5,16.5,-16.25,565.6662399837464,fall_sitting,fall,6,real_hardware
39.51,-0.273,-0.892,0.541,0.25,25.5,-17.75,565.6507530117603,fall_sitting,fall,6,real_hardware
39.515,-0.289,-0.873,0.525,-6.0,25.625,-13.625,565.6662399837464,fall_sitting,fall,6,real_hardware
39.52,-0.296,-0.869,0.523,5.75,24.75,-26.75,565.6662399837464,fall_sitting,fall,6,real_hardware
39.525,-0.314,-0.845,0.513,-0.25,28.75,-10.125,565.681726964246,fall_sitting,fall,6,real_hardware
39.53,-0.316,-0.837,0.515,5.25,33.875,-20.25,565.681726964246,fall_sitting,fall,6,real_hardware
39.535,-0.318,-0.832,0.515,3.5,31.625,-13.875,565.686717562555,fall_sitting,fall,6,real_hardware
39.54,-0.326,-0.808,0.523,2.375,25.25,-11.0,565.686717562555,fall_sitting,fall,6,real_hardware
39.545,-0.326,-0.791,0.513,7.0,32.0,-8.5,565.6712304454746,fall_sitting,fall,6,real_hardware
39.55,-0.335,-0.791,0.515,12.375,34.375,-14.75,565.6762209624588,fall_sitting,fall,6,real_hardware
39.555,-0.332,-0.785,0.505,4.125,33.375,-5.25,565.6762209624588,fall_sitting,fall,6,real_hardware
39.56,-0.335,-0.787,0.517,5.125,40.25,-4.875,565.6762209624588,fall_sitting,fall,6,real_hardware
39.565,-0.33,-0.785,0.515,6.625,38.0,-5.0,565.6762209624588,fall_sitting,fall,6,real_hardware
39.57,-0.33,-0.791,0.511,11.875,34.625,-5.125,565.6762209624588,fall_sitting,fall,6,real_hardware
39.575,-0.32,-0.792,0.505,7.5,43.125,-3.25,565.686717562555,fall_sitting,fall,6,real_hardware
39.58,-0.306,-0.794,0.501,12.625,27.5,-11.875,565.6762209624588,fall_sitting,fall,6,real_hardware
39.585,-0.302,-0.792,0.496,12.875,26.5,-4.75,565.6917082161216,fall_sitting,fall,6,real_hardware
39.59,-0.294,-0.787,0.501,11.875,22.75,2.25,565.6966989249461,fall_sitting,fall,6,real_hardware
39.595,-0.285,-0.789,0.503,13.625,25.375,1.375,565.6966989249461,fall_sitting,fall,6,real_hardware
39.6,-0.294,-0.791,0.503,9.0,26.375,-2.875,565.6966989249461,fall_sitting,fall,6,real_hardware
39.605,-0.294,-0.791,0.505,17.5,24.125,2.0,565.6966989249461,fall_sitting,fall,6,real_hardware
39.61,-0.294,-0.802,0.507,24.625,26.0,-2.375,565.6966989249461,fall_sitting,fall,6,real_hardware
39.615,-0.298,-0.806,0.511,16.875,29.125,-4.875,565.6917082161216,fall_sitting,fall,6,real_hardware
39.62,-0.316,-0.82,0.521,18.25,18.375,7.0,565.6762209624588,fall_sitting,fall,6,real_hardware
39.625,-0.322,-0.83,0.525,16.25,23.25,-2.125,565.6762209624588,fall_sitting,fall,6,real_hardware
39.63,-0.332,-0.835,0.525,18.625,16.75,3.0,565.6812115346997,fall_sitting,fall,6,real_hardware
39.635,-0.345,-0.843,0.533,13.75,24.5,-4.5,565.6966989249461,fall_sitting,fall,6,real_hardware
39.64,-0.347,-0.853,0.537,18.25,17.0,-2.375,565.6966989249461,fall_sitting,fall,6,real_hardware
39.645,-0.343,-0.851,0.527,16.5,18.375,-11.375,565.6966989249461,fall_sitting,fall,6,real_hardware
39.65,-0.332,-0.855,0.509,13.125,14.625,-5.75,565.6917082161216,fall_sitting,fall,6,real_hardware
39.655,-0.318,-0.849,0.507,13.875,16.625,-8.375,565.681726964246,fall_sitting,fall,6,real_hardware
39.66,-0.316,-0.837,0.509,8.75,13.25,-12.75,565.676736421194,fall_sitting,fall,6,real_hardware
39.665,-0.32,-0.826,0.513,17.25,11.125,-8.375,565.6662399837464,fall_sitting,fall,6,real_hardware
39.67,-0.333,-0.818,0.519,9.125,11.875,-7.375,565.6712304454746,fall_sitting,fall,6,real_hardware
39.675,-0.353,-0.787,0.55,4.875,8.125,-6.625,565.6712304454746,fall_sitting,fall,6,real_hardware
39.68,-0.357,-0.769,0.585,15.125,13.125,-10.0,565.681726964246,fall_sitting,fall,6,real_hardware
39.685,-0.337,-0.74,0.613,21.375,12.75,-6.25,565.686717562555,fall_sitting,fall,6,real_hardware
39.69,-0.333,-0.75,0.605,28.5,11.25,-13.5,565.6712304454746,fall_sitting,fall,6,real_hardware
39.695,-0.31,-0.787,0.572,18.75,4.625,-3.375,565.676736421194,fall_sitting,fall,6,real_hardware
39.7,-0.285,-0.841,0.55,26.625,9.625,-11.875,565.681726964246,fall_sitting,fall,6,real_hardware
39.705,-0.251,-0.878,0.546,15.625,4.25,-10.75,565.686717562555,fall_sitting,fall,6,real_hardware
39.71,-0.21,-0.9,0.566,17.875,-1.0,-13.75,565.686717562555,fall_sitting,fall,6,real_hardware
39.715,-0.164,-0.919,0.583,10.125,-0.375,-7.5,565.6917082161216,fall_sitting,fall,6,real_hardware
39.72,-0.132,-0.935,0.591,9.875,5.125,-10.5,565.6917082161216,fall_sitting,fall,6,real_hardware
39.725,-0.119,-0.949,0.597,14.5,7.625,0.25,565.686717562555,fall_sitting,fall,6,real_hardware
39.73,-0.125,-0.939,0.582,8.125,18.75,-3.0,565.6712304454746,fall_sitting,fall,6,real_hardware
39.735,-0.144,-0.916,0.566,8.75,16.0,2.875,565.6762209624588,fall_sitting,fall,6,real_hardware
39.74,-0.154,-0.886,0.552,10.625,15.0,-6.0,565.6762209624588,fall_sitting,fall,6,real_hardware
39.745,-0.177,-0.845,0.535,-4.25,16.0,-0.375,565.6812115346997,fall_sitting,fall,6,real_hardware
39.75,-0.195,-0.796,0.513,0.625,19.875,1.375,565.6812115346997,fall_sitting,fall,6,real_hardware
39.755,-0.212,-0.759,0.5,3.75,11.375,3.0,565.6966989249461,fall_sitting,fall,6,real_hardware
39.76,-0.222,-0.718,0.482,-3.375,18.5,-0.375,565.6812115346997,fall_sitting,fall,6,real_hardware
39.765,-0.242,-0.691,0.468,-3.25,12.625,1.25,565.6812115346997,fall_sitting,fall,6,real_hardware
39.77,-0.263,-0.666,0.462,4.875,6.5,-3.5,565.6812115346997,fall_sitting,fall,6,real_hardware
39.775,-0.285,-0.662,0.472,5.5,4.25,1.0,565.6812115346997,fall_sitting,fall,6,real_hardware
39.78,-0.306,-0.662,0.482,12.75,1.25,0.5,565.6812115346997,fall_sitting,fall,6,real_hardware
39.785,-0.326,-0.667,0.5,19.125,-7.375,7.5,565.6812115346997,fall_sitting,fall,6,real_hardware
39.79,-0.353,-0.689,0.519,21.125,-3.625,1.875,565.6762209624588,fall_sitting,fall,6,real_hardware
39.795,-0.38,-0.708,0.527,18.125,-4.75,5.625,565.6762209624588,fall_sitting,fall,6,real_hardware
39.8,-0.392,-0.742,0.544,20.875,-4.375,-4.625,565.6762209624588,fall_sitting,fall,6,real_hardware
39.805,-0.402,-0.781,0.554,15.25,3.375,3.875,565.6762209624588,fall_sitting,fall,6,real_hardware
39.81,-0.402,-0.822,0.564,17.125,-6.25,4.125,565.6762209624588,fall_sitting,fall,6,real_hardware
39.815,-0.394,-0.828,0.56,21.125,3.375,-3.5,565.6762209624588,fall_sitting,fall,6,real_hardware
39.82,-0.378,-0.855,0.556,20.375,-5.875,1.625,565.6812115346997,fall_sitting,fall,6,real_hardware
39.825,-0.349,-0.871,0.556,15.125,2.125,5.25,565.6812115346997,fall_sitting,fall,6,real_hardware
39.83,-0.322,-0.886,0.546,13.5,0.375,1.625,565.6812115346997,fall_sitting,fall,6,real_hardware
39.835,-0.285,-0.898,0.537,-1.75,-3.75,-4.0,565.6812115346997,fall_sitting,fall,6,real_hardware
39.84,-0.244,-0.898,0.541,0.125,-6.25,-1.875,565.6812115346997,fall_sitting,fall,6,real_hardware
39.845,-0.212,-0.89,0.541,0.25,-0.25,-2.375,565.6762209624588,fall_sitting,fall,6,real_hardware
39.85,-0.175,-0.853,0.542,-6.0,-5.0,4.5,565.6966989249461,fall_sitting,fall,6,real_hardware
39.855,-0.16,-0.826,0.544,-7.25,-4.5,1.875,565.6812115346997,fall_sitting,fall,6,real_hardware
39.86,-0.142,-0.806,0.554,-8.875,-7.375,-3.0,565.6812115346997,fall_sitting,fall,6,real_hardware
39.865,-0.148,-0.794,0.568,-5.875,-2.5,-4.0,565.6812115346997,fall_sitting,fall,6,real_hardware
39.87,-0.152,-0.781,0.578,-13.875,-2.125,-3.625,565.6966989249461,fall_sitting,fall,6,real_hardware
39.875,-0.154,-0.779,0.595,-4.375,-13.0,3.25,565.6917082161216,fall_sitting,fall,6,real_hardware
39.88,-0.166,-0.779,0.593,-4.0,-6.25,13.0,565.6762209624588,fall_sitting,fall,6,real_hardware
39.885,-0.169,-0.783,0.607,-3.125,-13.5,11.125,565.6917082161216,fall_sitting,fall,6,real_hardware
39.89,-0.177,-0.777,0.605,-6.125,-18.75,8.375,565.6762209624588,fall_sitting,fall,6,real_hardware
39.895,-0.197,-0.757,0.601,-9.75,-19.75,18.625,565.6812115346997,fall_sitting,fall,6,real_hardware
39.9,-0.216,-0.742,0.599,-6.375,-20.0,13.5,565.6762209624588,fall_sitting,fall,6,real_hardware
39.905,-0.23,-0.732,0.583,-0.375,-22.0,16.875,565.6762209624588,fall_sitting,fall,6,real_hardware
39.91,-0.244,-0.732,0.576,-1.125,-31.375,8.875,565.6712304454746,fall_sitting,fall,6,real_hardware
39.915,-0.261,-0.74,0.56,2.75,-21.0,3.625,565.6712304454746,fall_sitting,fall,6,real_hardware
39.92,-0.271,-0.738,0.562,-3.125,-19.875,7.375,565.6712304454746,fall_sitting,fall,6,real_hardware
39.925,-0.281,-0.751,0.558,-0.5,-28.25,10.0,565.661249577274,fall_sitting,fall,6,real_hardware
39.93,-0.287,-0.761,0.564,-3.375,-27.25,9.625,565.661249577274,fall_sitting,fall,6,real_hardware
39.935,-0.291,-0.757,0.576,-2.75,-28.0,7.875,565.6662399837464,fall_sitting,fall,6,real_hardware
39.94,-0.292,-0.757,0.58,-5.25,-26.375,9.375,565.6712304454746,fall_sitting,fall,6,real_hardware
39.945,-0.302,-0.765,0.583,-2.5,-19.625,8.125,565.6712304454746,fall_sitting,fall,6,real_hardware
39.95,-0.312,-0.775,0.576,-0.25,-21.75,4.375,565.6662399837464,fall_sitting,fall,6,real_hardware
39.955,-0.314,-0.789,0.58,-3.0,-13.5,7.875,565.6712304454746,fall_sitting,fall,6,real_hardware
39.96,-0.312,-0.787,0.578,-4.875,-29.0,1.625,565.686717562555,fall_sitting,fall,6,real_hardware
39.965,-0.324,-0.806,0.58,-6.75,-23.25,16.625,565.6762209624588,fall_sitting,fall,6,real_hardware
39.97,-0.316,-0.804,0.58,-8.0,-21.625,4.375,565.6917082161216,fall_sitting,fall,6,real_hardware
39.975,-0.292,-0.818,0.583,-14.5,-19.75,11.125,565.686717562555,fall_sitting,fall,6,real_hardware
39.98,-0.271,-0.82,0.574,-22.125,-24.375,12.875,565.6917082161216,fall_sitting,fall,6,real_hardware
39.985,-0.257,-0.816,0.568,-14.625,-22.75,15.75,565.6917082161216,fall_sitting,fall,6,real_hardware
39.99,-0.24,-0.806,0.568,-11.0,-20.875,9.875,565.6917082161216,fall_sitting,fall,6,real_hardware
39.995,-0.23,-0.798,0.566,-10.0,-18.0,11.5,565.6917082161216,fall_sitting,fall,6,real_hardware
40.0,-0.222,-0.789,0.558,-16.875,-26.375,5.625,565.6917082161216,fall_sitting,fall,6,real_hardware
40.005,-0.22,-0.781,0.556,-14.5,-26.0,11.375,565.6762209624588,fall_sitting,fall,6,real_hardware
40.01,-0.22,-0.771,0.566,-0.875,-30.5,8.875,565.6917082161216,fall_sitting,fall,6,real_hardware
40.015,-0.222,-0.763,0.564,-6.0,-23.625,6.875,565.6917082161216,fall_sitting,fall,6,real_hardware
40.02,-0.222,-0.755,0.566,-7.25,-38.625,12.375,565.6917082161216,fall_sitting,fall,6,real_hardware
40.025,-0.226,-0.746,0.58,-10.125,-29.25,12.5,565.6917082161216,fall_sitting,fall,6,real_hardware
40.03,-0.23,-0.748,0.582,-8.75,-40.125,21.125,565.6917082161216,fall_sitting,fall,6,real_hardware
40.035,-0.238,-0.746,0.583,-11.75,-37.375,12.625,565.6812115346997,fall_sitting,fall,6,real_hardware
40.04,-0.238,-0.748,0.583,-6.125,-31.375,15.5,565.6966989249461,fall_sitting,fall,6,real_hardware
40.045,-0.248,-0.753,0.593,-3.875,-29.375,9.125,565.6966989249461,fall_sitting,fall,6,real_hardware
40.05,-0.259,-0.753,0.591,3.75,-31.25,17.5,565.6966989249461,fall_sitting,fall,6,real_hardware
40.055,-0.267,-0.763,0.593,2.5,-36.875,10.25,565.6812115346997,fall_sitting,fall,6,real_hardware
40.06,-0.271,-0.779,0.597,-2.25,-36.5,13.5,565.6812115346997,fall_sitting,fall,6,real_hardware
40.065,-0.269,-0.792,0.593,-5.75,-32.5,17.125,565.6812115346997,fall_sitting,fall,6,real_hardware
40.07,-0.277,-0.814,0.58,-11.125,-30.625,16.0,565.6812115346997,fall_sitting,fall,6,real_hardware
40.075,-0.269,-0.837,0.556,0.5,-38.375,21.25,565.6812115346997,fall_sitting,fall,6,real_hardware
40.08,-0.265,-0.853,0.554,-6.0,-33.0,18.0,565.6812115346997,fall_sitting,fall,6,real_hardware
40.085,-0.25,-0.867,0.546,-13.75,-35.25,17.75,565.6812115346997,fall_sitting,fall,6,real_hardware
40.09,-0.248,-0.876,0.546,-9.125,-31.0,9.875,565.6657241529671,fall_sitting,fall,6,real_hardware
40.095,-0.236,-0.876,0.541,-11.75,-41.875,16.375,565.6812115346997,fall_sitting,fall,6,real_hardware
40.1,-0.226,-0.873,0.521,-12.875,-26.125,14.0,565.6812115346997,fall_sitting,fall,6,real_hardware
40.105,-0.216,-0.861,0.5,-13.25,-35.5,9.625,565.6762209624588,fall_sitting,fall,6,real_hardware
40.11,-0.22,-0.861,0.472,-14.375,-26.375,11.25,565.6762209624588,fall_sitting,fall,6,real_hardware
40.115,-0.23,-0.849,0.447,-17.625,-21.875,16.375,565.6762209624588,fall_sitting,fall,6,real_hardware
40.12,-0.246,-0.832,0.408,-24.375,-11.625,11.875,565.6762209624588,fall_sitting,fall,6,real_hardware
40.125,-0.257,-0.814,0.376,-16.25,-14.75,15.875,565.6762209624588,fall_sitting,fall,6,real_hardware
40.13,-0.263,-0.791,0.365,-20.5,-5.25,24.5,565.6762209624588,fall_sitting,fall,6,real_hardware
40.135,-0.273,-0.769,0.351,-18.75,-2.0,25.0,565.6762209624588,fall_sitting,fall,6,real_hardware
40.14,-0.294,-0.748,0.361,-9.625,7.5,14.625,565.6762209624588,fall_sitting,fall,6,real_hardware
40.145,-0.3,-0.732,0.371,-16.5,3.875,20.5,565.6762209624588,fall_sitting,fall,6,real_hardware
40.15,-0.314,-0.716,0.402,-10.125,7.375,24.375,565.6762209624588,fall_sitting,fall,6,real_hardware
40.155,-0.326,-0.73,0.417,0.125,20.25,30.875,565.6507530117603,fall_sitting,fall,6,real_hardware
40.16,-0.341,-0.734,0.435,-5.375,16.25,29.375,565.6507530117603,fall_sitting,fall,6,real_hardware
40.165,-0.351,-0.753,0.46,-2.25,27.625,18.0,565.6507530117603,fall_sitting,fall,6,real_hardware
40.17,-0.349,-0.779,0.488,-4.625,22.875,23.125,565.6402562368546,fall_sitting,fall,6,real_hardware
40.175,-0.351,-0.818,0.513,6.125,22.625,23.375,565.6557433369078,fall_sitting,fall,6,real_hardware
40.18,-0.363,-0.876,0.564,6.0,25.75,11.875,565.6507530117603,fall_sitting,fall,6,real_hardware
40.185,-0.371,-0.927,0.615,1.25,10.875,22.125,565.6557433369078,fall_sitting,fall,6,real_hardware
40.19,-0.382,-0.966,0.658,4.5,5.875,14.25,565.6557433369078,fall_sitting,fall,6,real_hardware
40.195,-0.388,-0.99,0.666,6.75,4.375,15.75,565.6712304454746,fall_sitting,fall,6,real_hardware
40.2,-0.361,-1.011,0.671,5.0,-6.625,5.5,565.6712304454746,fall_sitting,fall,6,real_hardware
40.205,-0.333,-1.011,0.65,-4.875,-6.5,1.375,565.6762209624588,fall_sitting,fall,6,real_hardware
40.21,-0.304,-1.007,0.632,-3.375,-14.5,3.0,565.6812115346997,fall_sitting,fall,6,real_hardware
40.215,-0.273,-0.968,0.619,-15.875,-11.75,-7.5,565.6812115346997,fall_sitting,fall,6,real_hardware
40.22,-0.234,-0.912,0.603,-18.625,-12.75,-2.625,565.6657241529671,fall_sitting,fall,6,real_hardware
40.225,-0.173,-0.824,0.558,-20.0,-18.0,-8.75,565.6657241529671,fall_sitting,fall,6,real_hardware
40.23,-0.136,-0.759,0.523,-18.25,-17.25,-3.25,565.6657241529671,fall_sitting,fall,6,real_hardware
40.235,-0.105,-0.724,0.492,-19.125,-9.75,-14.75,565.6762209624588,fall_sitting,fall,6,real_hardware
40.24,-0.099,-0.701,0.458,-26.375,-8.75,-16.375,565.6812115346997,fall_sitting,fall,6,real_hardware
40.245,-0.103,-0.689,0.439,-25.0,-10.5,-4.625,565.6812115346997,fall_sitting,fall,6,real_hardware
40.25,-0.107,-0.701,0.439,-19.0,-14.75,-7.5,565.6657241529671,fall_sitting,fall,6,real_hardware
40.255,-0.128,-0.703,0.445,-10.875,-16.875,-8.25,565.6657241529671,fall_sitting,fall,6,real_hardware
40.26,-0.16,-0.714,0.445,-13.25,-14.625,-5.875,565.6607337173099,fall_sitting,fall,6,real_hardware
40.265,-0.199,-0.748,0.451,-20.25,-16.5,-4.625,565.6452464806746,fall_sitting,fall,6,real_hardware
40.27,-0.226,-0.773,0.472,-8.75,-8.875,-0.625,565.6607337173099,fall_sitting,fall,6,real_hardware
40.275,-0.251,-0.798,0.47,2.5,-12.125,-4.125,565.6607337173099,fall_sitting,fall,6,real_hardware
40.28,-0.271,-0.822,0.478,-7.875,-10.25,-2.375,565.6607337173099,fall_sitting,fall,6,real_hardware
40.285,-0.294,-0.847,0.48,-6.875,-1.25,-7.375,565.6712304454746,fall_sitting,fall,6,real_hardware
40.29,-0.3,-0.853,0.486,-11.5,3.25,-4.375,565.6712304454746,fall_sitting,fall,6,real_hardware
40.295,-0.32,-0.863,0.49,-5.875,9.25,-2.875,565.6712304454746,fall_sitting,fall,6,real_hardware
40.3,-0.328,-0.853,0.496,-14.25,-0.125,-2.75,565.6712304454746,fall_sitting,fall,6,real_hardware
40.305,-0.333,-0.849,0.494,-7.75,0.25,-8.5,565.6712304454746,fall_sitting,fall,6,real_hardware
40.31,-0.328,-0.847,0.488,-16.125,4.875,-1.375,565.6662399837464,fall_sitting,fall,6,real_hardware
40.315,-0.318,-0.843,0.478,-8.5,3.875,-7.875,565.6662399837464,fall_sitting,fall,6,real_hardware
40.32,-0.314,-0.832,0.484,-22.25,8.5,-4.25,565.6507530117603,fall_sitting,fall,6,real_hardware
40.325,-0.304,-0.81,0.478,-14.0,3.25,-3.125,565.6507530117603,fall_sitting,fall,6,real_hardware
40.33,-0.3,-0.791,0.472,-22.125,2.75,-0.625,565.6662399837464,fall_sitting,fall,6,real_hardware
40.335,-0.292,-0.779,0.457,-11.25,3.5,-15.875,565.6662399837464,fall_sitting,fall,6,real_hardware
40.34,-0.289,-0.759,0.453,-24.75,3.375,-5.5,565.6662399837464,fall_sitting,fall,6,real_hardware
40.345,-0.281,-0.74,0.447,-15.5,5.0,-8.25,565.6662399837464,fall_sitting,fall,6,real_hardware
40.35,-0.259,-0.726,0.435,-21.625,-2.0,-6.875,565.6712304454746,fall_sitting,fall,6,real_hardware
40.355,-0.253,-0.732,0.427,-19.5,5.375,-3.25,565.6662399837464,fall_sitting,fall,6,real_hardware
40.36,-0.253,-0.746,0.429,-27.25,0.0,0.25,565.6662399837464,fall_sitting,fall,6,real_hardware
40.365,-0.246,-0.761,0.443,-13.875,1.125,-9.25,565.6712304454746,fall_sitting,fall,6,real_hardware
40.37,-0.242,-0.769,0.451,-21.625,-1.875,-11.125,565.6557433369078,fall_sitting,fall,6,real_hardware
40.375,-0.224,-0.769,0.453,-16.0,-5.75,-4.0,565.6712304454746,fall_sitting,fall,6,real_hardware
40.38,-0.218,-0.771,0.464,-15.25,-4.875,-14.875,565.6762209624588,fall_sitting,fall,6,real_hardware
40.385,-0.208,-0.769,0.472,-18.0,-3.875,-11.625,565.6762209624588,fall_sitting,fall,6,real_hardware
40.39,-0.197,-0.761,0.486,-16.0,-4.125,-8.625,565.6762209624588,fall_sitting,fall,6,real_hardware
40.395,-0.193,-0.751,0.484,-21.375,-4.75,-14.0,565.6762209624588,fall_sitting,fall,6,real_hardware
40.4,-0.195,-0.742,0.478,-15.25,-2.875,-16.875,565.6762209624588,fall_sitting,fall,6,real_hardware
40.405,-0.199,-0.72,0.462,-23.625,-3.75,-4.75,565.6712304454746,fall_sitting,fall,6,real_hardware
40.41,-0.205,-0.703,0.447,-17.75,1.375,-7.125,565.6662399837464,fall_sitting,fall,6,real_hardware
40.415,-0.212,-0.699,0.423,-17.875,2.75,-1.875,565.6662399837464,fall_sitting,fall,6,real_hardware
40.42,-0.22,-0.699,0.394,-15.5,-12.75,-3.5,565.681726964246,fall_sitting,fall,6,real_hardware
40.425,-0.224,-0.687,0.369,-26.625,-7.5,-5.75,565.676736421194,fall_sitting,fall,6,real_hardware
40.43,-0.226,-0.667,0.349,-19.5,-5.875,3.625,565.6562592260566,fall_sitting,fall,6,real_hardware
40.435,-0.216,-0.638,0.339,-26.625,-3.875,-4.0,565.661249577274,fall_sitting,fall,6,real_hardware
40.44,-0.203,-0.623,0.32,-21.5,2.75,-10.875,565.6662399837464,fall_sitting,fall,6,real_hardware
40.445,-0.193,-0.611,0.316,-34.5,1.125,0.25,565.6712304454746,fall_sitting,fall,6,real_hardware
40.45,-0.183,-0.609,0.304,-18.25,2.5,-0.25,565.6762209624588,fall_sitting,fall,6,real_hardware
40.455,-0.171,-0.593,0.296,-29.625,-2.375,-8.125,565.6762209624588,fall_sitting,fall,6,real_hardware
40.46,-0.175,-0.583,0.289,-25.875,-3.625,-1.25,565.6607337173099,fall_sitting,fall,6,real_hardware
40.465,-0.181,-0.574,0.285,-25.625,-0.5,1.0,565.6557433369078,fall_sitting,fall,6,real_hardware
40.47,-0.183,-0.566,0.281,-23.625,-0.375,-5.75,565.6557433369078,fall_sitting,fall,6,real_hardware
40.475,-0.181,-0.552,0.285,-23.0,-2.0,3.5,565.6712304454746,fall_sitting,fall,6,real_hardware
40.48,-0.181,-0.55,0.302,-29.25,-1.0,0.125,565.686717562555,fall_sitting,fall,6,real_hardware
40.485,-0.175,-0.541,0.3,-26.625,-5.875,-6.375,565.686717562555,fall_sitting,fall,6,real_hardware
40.49,-0.158,-0.552,0.3,-24.625,-6.0,-9.75,565.6712304454746,fall_sitting,fall,6,real_hardware
40.495,-0.138,-0.552,0.292,-20.75,-8.375,-6.5,565.686717562555,fall_sitting,fall,6,real_hardware
40.5,-0.134,-0.554,0.277,-27.25,-3.875,-7.875,565.686717562555,fall_sitting,fall,6,real_hardware
40.505,-0.13,-0.562,0.269,-34.125,-8.875,-6.25,565.686717562555,fall_sitting,fall,6,real_hardware
40.51,-0.134,-0.564,0.248,-25.375,-5.375,-10.125,565.6917082161216,fall_sitting,fall,6,real_hardware
40.515,-0.138,-0.566,0.238,-32.625,-9.875,-10.25,565.686717562555,fall_sitting,fall,6,real_hardware
40.52,-0.136,-0.574,0.228,-40.0,-1.5,-9.875,565.686717562555,fall_sitting,fall,6,real_hardware
40.525,-0.138,-0.566,0.216,-42.0,-5.5,-2.375,565.6712304454746,fall_sitting,fall,6,real_hardware
40.53,-0.136,-0.566,0.23,-41.375,-14.25,0.5,565.686717562555,fall_sitting,fall,6,real_hardware
40.535,-0.134,-0.57,0.232,-41.0,-6.875,-0.375,565.686717562555,fall_sitting,fall,6,real_hardware
40.54,-0.128,-0.585,0.244,-46.375,-9.375,-5.75,565.686717562555,fall_sitting,fall,6,real_hardware
40.545,-0.138,-0.601,0.25,-43.25,-14.375,5.0,565.6712304454746,fall_sitting,fall,6,real_hardware
40.55,-0.146,-0.619,0.253,-38.625,-4.875,-3.25,565.686717562555,fall_sitting,fall,6,real_hardware
40.555,-0.152,-0.667,0.277,-38.125,-7.125,6.125,565.7022046881491,fall_sitting,fall,6,real_hardware
40.56,-0.154,-0.697,0.296,-32.375,-13.5,-6.125,565.6917082161216,fall_sitting,fall,6,real_hardware
40.565,-0.154,-0.73,0.318,-31.875,-8.375,-3.625,565.6917082161216,fall_sitting,fall,6,real_hardware
40.57,-0.154,-0.775,0.337,-36.625,-10.75,-4.25,565.6762209624588,fall_sitting,fall,6,real_hardware
40.575,-0.164,-0.814,0.349,-37.0,-7.875,2.625,565.6712304454746,fall_sitting,fall,6,real_hardware
40.58,-0.164,-0.845,0.369,-25.25,-8.125,13.5,565.6762209624588,fall_sitting,fall,6,real_hardware
40.585,-0.167,-0.861,0.392,-30.5,-7.375,0.125,565.6762209624588,fall_sitting,fall,6,real_hardware
40.59,-0.164,-0.876,0.423,-21.875,-2.625,5.0,565.6712304454746,fall_sitting,fall,6,real_hardware
40.595,-0.183,-0.892,0.435,-21.75,-8.75,6.75,565.681726964246,fall_sitting,fall,6,real_hardware
40.6,-0.201,-0.904,0.431,-28.125,-0.125,5.75,565.681726964246,fall_sitting,fall,6,real_hardware
40.605,-0.236,-0.912,0.4,-24.125,6.125,-13.75,565.6662399837464,fall_sitting,fall,6,real_hardware
40.61,-0.285,-0.943,0.361,-22.75,-1.75,-2.625,565.6712304454746,fall_sitting,fall,6,real_hardware
40.615,-0.328,-0.976,0.328,-18.375,10.0,1.625,565.661249577274,fall_sitting,fall,6,real_hardware
40.62,-0.363,-1.0,0.298,-20.0,6.25,-1.625,565.6662399837464,fall_sitting,fall,6,real_hardware
40.625,-0.371,-1.023,0.285,-30.25,2.75,2.75,565.6712304454746,fall_sitting,fall,6,real_hardware
40.63,-0.367,-1.031,0.277,-27.625,6.375,-6.0,565.686717562555,fall_sitting,fall,6,real_hardware
40.635,-0.341,-1.035,0.263,-43.5,0.625,-2.375,565.686717562555,fall_sitting,fall,6,real_hardware
40.64,-0.306,-1.037,0.242,-37.125,14.625,-7.625,565.7022046881491,fall_sitting,fall,6,real_hardware
40.645,-0.281,-1.05,0.228,-44.25,11.125,0.25,565.7022046881491,fall_sitting,fall,6,real_hardware
40.65,-0.277,-1.042,0.201,-35.75,18.75,-4.0,565.7022046881491,fall_sitting,fall,6,real_hardware
40.655,-0.275,-1.042,0.193,-32.375,24.375,-4.125,565.7022046881491,fall_sitting,fall,6,real_hardware
40.66,-0.291,-1.031,0.193,-43.5,26.5,-0.25,565.7022046881491,fall_sitting,fall,6,real_hardware
40.665,-0.332,-1.017,0.191,-34.25,30.75,-2.875,565.7022046881491,fall_sitting,fall,6,real_hardware
40.67,-0.367,-1.0,0.177,-39.5,26.625,-0.625,565.681726964246,fall_sitting,fall,6,real_hardware
40.675,-0.404,-0.986,0.154,-36.125,28.75,3.75,565.681726964246,fall_sitting,fall,6,real_hardware
40.68,-0.427,-0.964,0.14,-36.125,34.125,4.375,565.676736421194,fall_sitting,fall,6,real_hardware
40.685,-0.445,-0.957,0.136,-30.25,37.875,0.5,565.681726964246,fall_sitting,fall,6,real_hardware
40.69,-0.447,-0.953,0.123,-25.75,31.375,-7.125,565.681726964246,fall_sitting,fall,6,real_hardware
40.695,-0.429,-0.931,0.134,-15.75,31.75,1.375,565.6712304454746,fall_sitting,fall,6,real_hardware
40.7,-0.394,-0.919,0.162,-18.375,33.75,-2.25,565.6712304454746,fall_sitting,fall,6,real_hardware
40.705,-0.351,-0.939,0.175,-14.0,28.625,1.75,565.6762209624588,fall_sitting,fall,6,real_hardware
40.71,-0.304,-0.955,0.177,-14.625,31.875,-8.5,565.6762209624588,fall_sitting,fall,6,real_hardware
40.715,-0.267,-0.992,0.187,-22.125,34.875,-3.125,565.6762209624588,fall_sitting,fall,6,real_hardware
40.72,-0.24,-1.048,0.189,-15.375,31.5,-13.25,565.6762209624588,fall_sitting,fall,6,real_hardware
40.725,-0.246,-1.099,0.191,-11.625,31.625,-13.625,565.6762209624588,fall_sitting,fall,6,real_hardware
40.73,-0.246,-1.138,0.193,-23.875,28.875,-18.375,565.6812115346997,fall_sitting,fall,6,real_hardware
40.735,-0.255,-1.154,0.193,-11.125,39.875,-27.5,565.6966989249461,fall_sitting,fall,6,real_hardware
40.74,-0.271,-1.162,0.191,-21.625,34.5,-9.875,565.6966989249461,fall_sitting,fall,6,real_hardware
40.745,-0.275,-1.148,0.199,-30.125,45.0,-21.5,565.6966989249461,fall_sitting,fall,6,real_hardware
40.75,-0.269,-1.156,0.214,-34.875,38.75,-15.0,565.6966989249461,fall_sitting,fall,6,real_hardware
40.755,-0.253,-1.144,0.236,-31.5,43.75,-23.375,565.6812115346997,fall_sitting,fall,6,real_hardware
40.76,-0.25,-1.123,0.263,-44.25,47.25,-19.5,565.6762209624588,fall_sitting,fall,6,real_hardware
40.765,-0.228,-1.099,0.281,-50.75,50.875,-15.625,565.6812115346997,fall_sitting,fall,6,real_hardware
40.77,-0.191,-1.074,0.271,-47.5,48.375,-14.25,565.6812115346997,fall_sitting,fall,6,real_hardware
40.775,-0.138,-1.031,0.236,-66.625,47.25,-18.125,565.6812115346997,fall_sitting,fall,6,real_hardware
40.78,-0.072,-0.992,0.193,-63.625,38.75,-17.625,565.6812115346997,fall_sitting,fall,6,real_hardware
40.785,-0.013,-0.945,0.164,-59.625,40.125,-12.25,565.6657241529671,fall_sitting,fall,6,real_hardware
40.79,0.021,-0.888,0.13,-51.25,34.0,-9.0,565.6607337173099,fall_sitting,fall,6,real_hardware
40.795,0.025,-0.849,0.101,-45.875,24.5,-7.125,565.6607337173099,fall_sitting,fall,6,real_hardware
40.8,0.023,-0.826,0.093,-36.75,18.5,-1.25,565.6657241529671,fall_sitting,fall,6,real_hardware
40.805,0.019,-0.843,0.126,-26.5,17.0,-6.0,565.6657241529671,fall_sitting,fall,6,real_hardware
40.81,-0.037,-0.859,0.07,-31.375,14.875,-0.625,565.6812115346997,fall_sitting,fall,6,real_hardware
40.815,-0.06,-0.878,0.06,-32.375,10.125,0.875,565.6762209624588,fall_sitting,fall,6,real_hardware
40.82,-0.091,-0.882,0.062,-23.875,13.25,5.125,565.6812115346997,fall_sitting,fall,6,real_hardware
40.825,-0.126,-0.888,0.054,-17.75,18.875,0.0,565.6812115346997,fall_sitting,fall,6,real_hardware
40.83,-0.16,-0.886,0.066,-20.25,17.75,9.5,565.6966989249461,fall_sitting,fall,6,real_hardware
40.835,-0.185,-0.871,0.082,-15.75,20.875,15.25,565.6966989249461,fall_sitting,fall,6,real_hardware
40.84,-0.207,-0.843,0.099,-19.75,31.375,14.625,565.6966989249461,fall_sitting,fall,6,real_hardware
40.845,-0.244,-0.791,0.107,-10.375,31.875,11.75,565.7071954782982,fall_sitting,fall,6,real_hardware
40.85,-0.273,-0.755,0.103,-7.0,34.5,10.875,565.6966989249461,fall_sitting,fall,6,real_hardware
40.855,-0.302,-0.716,0.105,-11.125,38.0,8.625,565.7071954782982,fall_sitting,fall,6,real_hardware
40.86,-0.353,-0.707,0.132,-0.375,40.875,10.0,565.6917082161216,fall_sitting,fall,6,real_hardware
40.865,-0.384,-0.716,0.142,-5.25,42.75,5.75,565.6917082161216,fall_sitting,fall,6,real_hardware
40.87,-0.414,-0.738,0.152,0.25,38.375,-5.375,565.6917082161216,fall_sitting,fall,6,real_hardware
40.875,-0.423,-0.74,0.15,0.25,43.375,0.875,565.6917082161216,fall_sitting,fall,6,real_hardware
40.88,-0.408,-0.722,0.158,8.875,44.375,-7.625,565.6917082161216,fall_sitting,fall,6,real_hardware
40.885,-0.363,-0.699,0.167,11.625,42.75,-6.25,565.6917082161216,fall_sitting,fall,6,real_hardware
40.89,-0.312,-0.669,0.167,14.875,42.0,-4.75,565.6917082161216,fall_sitting,fall,6,real_hardware
40.895,-0.263,-0.638,0.152,17.375,41.375,-10.75,565.686717562555,fall_sitting,fall,6,real_hardware
40.9,-0.214,-0.609,0.14,19.875,45.625,1.625,565.686717562555,fall_sitting,fall,6,real_hardware
40.905,-0.175,-0.578,0.115,21.25,42.75,-2.875,565.681726964246,fall_sitting,fall,6,real_hardware
40.91,-0.121,-0.554,0.05,38.25,40.25,1.5,565.676736421194,fall_sitting,fall,6,real_hardware
40.915,-0.089,-0.546,0.0,42.375,39.125,-3.625,565.676736421194,fall_sitting,fall,6,real_hardware
40.92,-0.078,-0.523,-0.035,42.5,42.375,4.875,565.681726964246,fall_sitting,fall,6,real_hardware
40.925,-0.08,-0.533,-0.019,55.25,43.0,9.625,565.681726964246,fall_sitting,fall,6,real_hardware
40.93,-0.103,-0.57,0.005,66.25,48.875,7.875,565.686717562555,fall_sitting,fall,6,real_hardware
40.935,-0.134,-0.621,0.046,73.125,48.25,7.875,565.686717562555,fall_sitting,fall,6,real_hardware
40.94,-0.148,-0.666,0.093,58.5,38.875,22.5,565.6917082161216,fall_sitting,fall,6,real_hardware
40.945,-0.16,-0.699,0.15,69.375,47.25,17.75,565.6917082161216,fall_sitting,fall,6,real_hardware
40.95,-0.16,-0.726,0.193,61.25,29.0,22.25,565.6917082161216,fall_sitting,fall,6,real_hardware
40.955,-0.16,-0.736,0.222,58.875,30.125,18.25,565.6917082161216,fall_sitting,fall,6,real_hardware
40.96,-0.173,-0.73,0.277,54.875,13.375,24.375,565.6917082161216,fall_sitting,fall,6,real_hardware
40.965,-0.208,-0.695,0.431,66.75,24.5,17.375,565.6917082161216,fall_sitting,fall,6,real_hardware
40.97,-0.25,-0.64,0.634,79.875,5.375,20.125,565.7071954782982,fall_sitting,fall,6,real_hardware
40.975,-0.351,-0.572,1.05,106.0,5.5,10.375,565.7226827489884,fall_sitting,fall,6,real_hardware
40.98,-0.583,-0.525,1.666,143.125,-6.0,11.75,565.7176918222569,fall_sitting,fall,6,real_hardware
40.985,-0.976,-0.763,2.462,178.125,-39.625,24.75,565.7176918222569,fall_sitting,fall,6,real_hardware
40.99,-1.218,-1.595,3.207,208.125,-73.75,7.75,565.7022046881491,fall_sitting,fall,6,real_hardware
40.995,-1.134,-2.847,3.257,190.5,-78.875,21.625,565.7176918222569,fall_sitting,fall,6,real_hardware
41.0,-1.015,-3.886,2.662,161.75,-55.75,25.5,565.7071954782982,fall_sitting,fall,6,real_hardware
41.005,-0.859,-4.117,2.187,117.25,-14.25,31.0,565.6917082161216,fall_sitting,fall,6,real_hardware
41.01,-0.738,-3.384,1.73,54.625,14.0,41.5,565.686717562555,fall_sitting,fall,6,real_hardware
41.015,-0.574,-2.884,1.519,13.375,16.125,32.375,565.6762209624588,fall_sitting,fall,6,real_hardware
41.02,-0.234,-2.509,1.326,-33.625,-1.875,25.625,565.6762209624588,fall_sitting,fall,6,real_hardware
41.025,0.05,-2.121,1.226,-40.625,-10.625,18.875,565.6607337173099,fall_sitting,fall,6,real_hardware
41.03,0.195,-1.74,1.087,-40.125,-16.125,23.625,565.6607337173099,fall_sitting,fall,6,real_hardware
41.035,0.138,-1.412,0.906,-41.75,-18.75,28.25,565.6607337173099,fall_sitting,fall,6,real_hardware
41.04,-0.001,-1.136,0.683,-40.5,-11.0,22.375,565.6607337173099,fall_sitting,fall,6,real_hardware
41.045,-0.076,-0.937,0.429,-45.25,-9.5,23.625,565.6762209624588,fall_sitting,fall,6,real_hardware
41.05,-0.14,-0.714,0.175,-36.375,-1.0,19.0,565.6457627418672,fall_sitting,fall,6,real_hardware
41.055,-0.259,-0.546,0.035,-21.125,7.5,16.75,565.6507530117603,fall_sitting,fall,6,real_hardware
41.06,-0.388,-0.439,-0.078,-4.125,16.25,23.25,565.6662399837464,fall_sitting,fall,6,real_hardware
41.065,-0.462,-0.447,-0.111,5.5,15.5,32.0,565.6712304454746,fall_sitting,fall,6,real_hardware
41.07,-0.486,-0.509,-0.074,22.25,11.125,34.0,565.6557433369078,fall_sitting,fall,6,real_hardware
41.075,-0.47,-0.57,-0.064,31.375,4.5,36.5,565.6452464806746,fall_sitting,fall,6,real_hardware
41.08,-0.423,-0.599,-0.076,40.5,-18.125,40.5,565.6297592525531,fall_sitting,fall,6,real_hardware
41.085,-0.333,-0.599,-0.06,60.25,-29.125,37.125,565.6452464806746,fall_sitting,fall,6,real_hardware
41.09,-0.257,-0.541,-0.023,64.875,-48.125,38.25,565.6402562368546,fall_sitting,fall,6,real_hardware
41.095,-0.259,-0.466,0.033,89.125,-55.5,36.0,565.6402562368546,fall_sitting,fall,6,real_hardware
41.1,-0.298,-0.425,0.111,104.25,-65.75,43.0,565.6402562368546,fall_sitting,fall,6,real_hardware
41.105,-0.355,-0.433,0.187,131.5,-59.0,37.375,565.6402562368546,fall_sitting,fall,6,real_hardware
41.11,-0.421,-0.496,0.25,149.75,-59.75,38.75,565.6402562368546,fall_sitting,fall,6,real_hardware
41.115,-0.498,-0.599,0.359,165.25,-57.875,41.0,565.6352660482877,fall_sitting,fall,6,real_hardware
41.12,-0.578,-0.722,0.474,162.0,-31.625,43.5,565.6352660482877,fall_sitting,fall,6,real_hardware
41.125,-0.671,-0.845,0.546,163.875,-24.375,34.75,565.6352660482877,fall_sitting,fall,6,real_hardware
41.13,-0.748,-0.953,0.595,150.625,-12.375,30.875,565.6507530117603,fall_sitting,fall,6,real_hardware
41.135,-0.777,-1.05,0.638,137.25,-11.125,31.125,565.6507530117603,fall_sitting,fall,6,real_hardware
41.14,-0.732,-1.087,0.669,106.25,2.5,26.5,565.6507530117603,fall_sitting,fall,6,real_hardware
41.145,-0.683,-1.091,0.695,100.875,-0.5,12.875,565.6412885039308,fall_sitting,fall,6,real_hardware
41.15,-0.648,-1.076,0.699,79.125,14.875,15.625,565.6462786893856,fall_sitting,fall,6,real_hardware
41.155,-0.611,-1.021,0.71,64.25,15.375,9.5,565.6407725272278,fall_sitting,fall,6,real_hardware
41.16,-0.574,-0.943,0.708,49.125,19.5,3.125,565.6407725272278,fall_sitting,fall,6,real_hardware
41.165,-0.517,-0.859,0.683,33.5,23.0,5.75,565.661249577274,fall_sitting,fall,6,real_hardware
41.17,-0.498,-0.812,0.664,28.375,25.375,5.375,565.661249577274,fall_sitting,fall,6,real_hardware
41.175,-0.425,-0.707,0.613,22.75,18.0,-3.25,565.6662399837464,fall_sitting,fall,6,real_hardware
41.18,-0.369,-0.654,0.589,27.125,18.625,-4.0,565.6662399837464,fall_sitting,fall,6,real_hardware
41.185,-0.333,-0.648,0.57,27.75,21.25,0.375,565.6712304454746,fall_sitting,fall,6,real_hardware
41.19,-0.3,-0.654,0.55,30.375,19.0,-1.125,565.6557433369078,fall_sitting,fall,6,real_hardware
41.195,-0.279,-0.664,0.529,21.5,16.75,7.0,565.6712304454746,fall_sitting,fall,6,real_hardware
41.2,-0.271,-0.671,0.521,34.125,18.125,2.875,565.6762209624588,fall_sitting,fall,6,real_hardware
41.205,-0.283,-0.673,0.521,30.5,11.5,6.125,565.6762209624588,fall_sitting,fall,6,real_hardware
41.21,-0.31,-0.667,0.527,39.25,6.375,1.125,565.6812115346997,fall_sitting,fall,6,real_hardware
41.215,-0.332,-0.667,0.541,49.5,7.375,2.625,565.6812115346997,fall_sitting,fall,6,real_hardware
41.22,-0.373,-0.683,0.55,40.5,-5.25,3.375,565.6812115346997,fall_sitting,fall,6,real_hardware
41.225,-0.38,-0.699,0.564,52.25,-8.875,2.25,565.6862021621976,fall_sitting,fall,6,real_hardware
41.23,-0.398,-0.697,0.566,47.875,-10.75,8.25,565.6812115346997,fall_sitting,fall,6,real_hardware
41.235,-0.414,-0.685,0.57,53.125,-9.0,2.125,565.6762209624588,fall_sitting,fall,6,real_hardware
41.24,-0.419,-0.689,0.582,59.0,-17.375,3.125,565.6762209624588,fall_sitting,fall,6,real_hardware
41.245,-0.419,-0.689,0.589,62.375,-18.375,6.5,565.6762209624588,fall_sitting,fall,6,real_hardware
41.25,-0.412,-0.703,0.593,56.875,-22.75,8.625,565.6657241529671,fall_sitting,fall,6,real_hardware
41.255,-0.408,-0.712,0.585,64.125,-23.25,9.625,565.6657241529671,fall_sitting,fall,6,real_hardware
41.26,-0.396,-0.718,0.578,63.375,-24.25,9.0,565.6502367797484,fall_sitting,fall,6,real_hardware
41.265,-0.376,-0.726,0.583,64.625,-26.125,10.5,565.6502367797484,fall_sitting,fall,6,real_hardware
41.27,-0.357,-0.732,0.585,64.75,-27.25,13.375,565.6452464806746,fall_sitting,fall,6,real_hardware
41.275,-0.333,-0.742,0.591,64.75,-28.5,17.25,565.6607337173099,fall_sitting,fall,6,real_hardware
41.28,-0.318,-0.753,0.593,75.125,-21.125,4.875,565.6402562368546,fall_sitting,fall,6,real_hardware
41.285,-0.298,-0.763,0.605,56.625,-26.125,14.625,565.6557433369078,fall_sitting,fall,6,real_hardware
41.29,-0.277,-0.759,0.603,64.75,-17.125,16.875,565.6507530117603,fall_sitting,fall,6,real_hardware
41.295,-0.263,-0.763,0.617,63.5,-20.875,10.625,565.6557433369078,fall_sitting,fall,6,real_hardware
41.3,-0.265,-0.757,0.632,55.25,-17.875,14.5,565.6557433369078,fall_sitting,fall,6,real_hardware
41.305,-0.277,-0.757,0.642,49.625,-19.375,17.5,565.6557433369078,fall_sitting,fall,6,real_hardware
41.31,-0.291,-0.751,0.662,45.0,-15.25,16.625,565.6557433369078,fall_sitting,fall,6,real_hardware
41.315,-0.31,-0.74,0.664,36.875,-15.375,19.625,565.6557433369078,fall_sitting,fall,6,real_hardware
41.32,-0.335,-0.714,0.667,42.625,-11.875,15.25,565.6402562368546,fall_sitting,fall,6,real_hardware
41.325,-0.353,-0.695,0.675,36.75,-22.875,15.25,565.6402562368546,fall_sitting,fall,6,real_hardware
41.33,-0.359,-0.679,0.677,35.0,-19.5,9.0,565.6402562368546,fall_sitting,fall,6,real_hardware
41.335,-0.363,-0.669,0.677,36.0,-23.375,18.625,565.624769145315,fall_sitting,fall,6,real_hardware
41.34,-0.367,-0.66,0.671,37.0,-14.625,12.875,565.6402562368546,fall_sitting,fall,6,real_hardware
41.345,-0.361,-0.658,0.673,37.0,-21.25,18.625,565.6402562368546,fall_sitting,fall,6,real_hardware
41.35,-0.355,-0.662,0.667,28.25,-28.375,26.75,565.6402562368546,fall_sitting,fall,6,real_hardware
41.355,-0.349,-0.662,0.667,37.0,-22.125,11.0,565.6452464806746,fall_sitting,fall,6,real_hardware
41.36,-0.357,-0.669,0.66,33.75,-20.25,15.125,565.6452464806746,fall_sitting,fall,6,real_hardware
41.365,-0.369,-0.667,0.664,34.0,-17.375,14.875,565.6452464806746,fall_sitting,fall,6,real_hardware
41.37,-0.38,-0.656,0.664,32.625,-17.25,18.5,565.6452464806746,fall_sitting,fall,6,real_hardware
41.375,-0.39,-0.646,0.66,41.625,-21.25,22.125,565.6607337173099,fall_sitting,fall,6,real_hardware
41.38,-0.392,-0.626,0.666,34.125,-19.0,13.125,565.6452464806746,fall_sitting,fall,6,real_hardware
41.385,-0.402,-0.611,0.66,33.375,-20.375,15.25,565.6452464806746,fall_sitting,fall,6,real_hardware
41.39,-0.39,-0.593,0.666,41.375,-19.75,23.75,565.6607337173099,fall_sitting,fall,6,real_hardware
41.395,-0.378,-0.589,0.667,44.5,-24.5,15.75,565.6452464806746,fall_sitting,fall,6,real_hardware
41.4,-0.365,-0.583,0.664,42.875,-24.5,18.0,565.6607337173099,fall_sitting,fall,6,real_hardware
41.405,-0.343,-0.576,0.669,45.625,-21.875,26.625,565.6452464806746,fall_sitting,fall,6,real_hardware
41.41,-0.322,-0.564,0.667,47.5,-22.75,10.375,565.6452464806746,fall_sitting,fall,6,real_hardware
41.415,-0.308,-0.558,0.667,43.625,-20.875,24.125,565.6607337173099,fall_sitting,fall,6,real_hardware
41.42,-0.296,-0.544,0.667,44.5,-24.875,25.125,565.6657241529671,fall_sitting,fall,6,real_hardware
41.425,-0.281,-0.525,0.671,52.75,-35.375,9.875,565.6657241529671,fall_sitting,fall,6,real_hardware
41.43,-0.273,-0.513,0.679,56.125,-36.375,19.75,565.6657241529671,fall_sitting,fall,6,real_hardware
41.435,-0.281,-0.501,0.679,50.25,-23.0,11.0,565.6657241529671,fall_sitting,fall,6,real_hardware
41.44,-0.304,-0.484,0.697,53.625,-27.125,14.375,565.6657241529671,fall_sitting,fall,6,real_hardware
41.445,-0.332,-0.476,0.697,56.75,-24.875,10.875,565.6607337173099,fall_sitting,fall,6,real_hardware
41.45,-0.365,-0.458,0.703,56.0,-23.5,6.375,565.6507530117603,fall_sitting,fall,6,real_hardware
41.455,-0.398,-0.447,0.72,54.0,-25.25,9.625,565.6507530117603,fall_sitting,fall,6,real_hardware
41.46,-0.421,-0.441,0.73,57.25,-27.125,9.25,565.6557433369078,fall_sitting,fall,6,real_hardware
41.465,-0.451,-0.431,0.742,62.75,-20.25,6.0,565.6557433369078,fall_sitting,fall,6,real_hardware
41.47,-0.458,-0.437,0.751,72.5,-15.375,4.5,565.6557433369078,fall_sitting,fall,6,real_hardware
41.475,-0.462,-0.47,0.748,70.75,-12.5,-1.25,565.6557433369078,fall_sitting,fall,6,real_hardware
41.48,-0.46,-0.49,0.755,71.375,-9.75,2.25,565.6557433369078,fall_sitting,fall,6,real_hardware
41.485,-0.449,-0.509,0.769,65.125,-14.625,10.125,565.6607337173099,fall_sitting,fall,6,real_hardware
41.49,-0.419,-0.525,0.777,67.75,-10.5,1.125,565.6452464806746,fall_sitting,fall,6,real_hardware
41.495,-0.394,-0.544,0.794,73.5,-10.0,4.5,565.6452464806746,fall_sitting,fall,6,real_hardware
41.5,-0.355,-0.568,0.804,77.75,-6.25,0.375,565.6402562368546,fall_sitting,fall,6,real_hardware
41.505,-0.326,-0.578,0.8,66.25,-5.75,7.0,565.624769145315,fall_sitting,fall,6,real_hardware
41.51,-0.291,-0.583,0.808,72.25,1.5,0.25,565.624769145315,fall_sitting,fall,6,real_hardware
41.515,-0.263,-0.585,0.802,69.75,-5.75,9.75,565.6297592525531,fall_sitting,fall,6,real_hardware
41.52,-0.248,-0.582,0.791,69.375,2.0,7.0,565.6297592525531,fall_sitting,fall,6,real_hardware
41.525,-0.232,-0.572,0.794,66.125,2.375,16.5,565.6297592525531,fall_sitting,fall,6,real_hardware
41.53,-0.222,-0.55,0.789,71.25,-10.0,18.375,565.6452464806746,fall_sitting,fall,6,real_hardware
41.535,-0.218,-0.529,0.775,70.125,-9.375,16.5,565.6402562368546,fall_sitting,fall,6,real_hardware
41.54,-0.222,-0.505,0.775,68.125,-12.625,27.75,565.6402562368546,fall_sitting,fall,6,real_hardware
41.545,-0.23,-0.47,0.771,67.375,-11.0,22.375,565.6402562368546,fall_sitting,fall,6,real_hardware
41.55,-0.238,-0.439,0.757,79.0,-15.875,22.875,565.6352660482877,fall_sitting,fall,6,real_hardware
41.555,-0.251,-0.414,0.761,75.375,-11.625,14.625,565.6352660482877,fall_sitting,fall,6,real_hardware
41.56,-0.253,-0.392,0.753,76.25,-14.75,25.125,565.6147890965938,fall_sitting,fall,6,real_hardware
41.565,-0.261,-0.363,0.753,80.875,-23.75,21.375,565.6197790933286,fall_sitting,fall,6,real_hardware
41.57,-0.265,-0.345,0.744,79.875,-25.875,20.75,565.6197790933286,fall_sitting,fall,6,real_hardware
41.575,-0.265,-0.339,0.74,83.625,-25.375,26.5,565.6352660482877,fall_sitting,fall,6,real_hardware
41.58,-0.265,-0.326,0.732,88.0,-27.0,20.0,565.6352660482877,fall_sitting,fall,6,real_hardware
41.585,-0.261,-0.324,0.722,89.5,-31.75,25.5,565.6352660482877,fall_sitting,fall,6,real_hardware
41.59,-0.273,-0.316,0.72,93.625,-24.375,25.375,565.6402562368546,fall_sitting,fall,6,real_hardware
41.595,-0.302,-0.326,0.732,104.625,-24.25,9.0,565.624769145315,fall_sitting,fall,6,real_hardware
41.6,-0.326,-0.332,0.744,99.25,-17.25,16.625,565.624769145315,fall_sitting,fall,6,real_hardware
41.605,-0.351,-0.335,0.763,100.5,-23.125,14.75,565.624769145315,fall_sitting,fall,6,real_hardware
41.61,-0.375,-0.341,0.791,101.5,-18.5,11.5,565.6402562368546,fall_sitting,fall,6,real_hardware
41.615,-0.396,-0.349,0.816,100.625,-21.625,12.375,565.6402562368546,fall_sitting,fall,6,real_hardware
41.62,-0.417,-0.363,0.851,100.375,-23.5,13.375,565.6402562368546,fall_sitting,fall,6,real_hardware
41.625,-0.429,-0.373,0.878,113.0,-25.375,8.75,565.6402562368546,fall_sitting,fall,6,real_hardware
41.63,-0.433,-0.394,0.906,102.375,-13.75,11.5,565.6452464806746,fall_sitting,fall,6,real_hardware
41.635,-0.423,-0.421,0.923,112.875,-22.125,6.625,565.6452464806746,fall_sitting,fall,6,real_hardware
41.64,-0.406,-0.437,0.912,107.875,-14.75,9.5,565.624769145315,fall_sitting,fall,6,real_hardware
41.645,-0.384,-0.457,0.88,103.125,-18.125,11.125,565.624769145315,fall_sitting,fall,6,real_hardware
41.65,-0.347,-0.462,0.837,106.0,-17.625,9.125,565.624769145315,fall_sitting,fall,6,real_hardware
41.655,-0.306,-0.474,0.8,100.375,-14.75,4.375,565.624769145315,fall_sitting,fall,6,real_hardware
41.66,-0.259,-0.46,0.751,97.125,-11.25,7.875,565.6197790933286,fall_sitting,fall,6,real_hardware
41.665,-0.23,-0.457,0.72,96.125,-18.5,11.25,565.6197790933286,fall_sitting,fall,6,real_hardware
41.67,-0.205,-0.445,0.701,99.0,-18.0,4.75,565.6147890965938,fall_sitting,fall,6,real_hardware
41.675,-0.181,-0.417,0.689,100.5,-22.125,12.625,565.6147890965938,fall_sitting,fall,6,real_hardware
41.68,-0.167,-0.392,0.683,100.125,-13.5,10.875,565.6147890965938,fall_sitting,fall,6,real_hardware
41.685,-0.148,-0.363,0.679,107.0,-10.625,4.75,565.6197790933286,fall_sitting,fall,6,real_hardware
41.69,-0.14,-0.355,0.685,114.75,-12.625,11.0,565.6352660482877,fall_sitting,fall,6,real_hardware
41.695,-0.142,-0.347,0.693,113.75,-16.875,11.75,565.6352660482877,fall_sitting,fall,6,real_hardware
41.7,-0.152,-0.332,0.699,113.25,-28.5,15.375,565.6402562368546,fall_sitting,fall,6,real_hardware
41.705,-0.177,-0.32,0.708,128.0,-18.25,7.125,565.6402562368546,fall_sitting,fall,6,real_hardware
41.71,-0.195,-0.306,0.699,121.75,-21.625,20.25,565.624769145315,fall_sitting,fall,6,real_hardware
41.715,-0.236,-0.316,0.681,131.25,-20.75,15.0,565.624769145315,fall_sitting,fall,6,real_hardware
41.72,-0.265,-0.32,0.664,134.75,-22.25,20.75,565.6297592525531,fall_sitting,fall,6,real_hardware
41.725,-0.296,-0.33,0.66,128.75,-15.25,23.5,565.6297592525531,fall_sitting,fall,6,real_hardware
41.73,-0.328,-0.351,0.64,142.125,-13.75,21.0,565.6297592525531,fall_sitting,fall,6,real_hardware
41.735,-0.359,-0.363,0.626,140.75,-18.5,25.875,565.6142720329453,fall_sitting,fall,6,real_hardware
41.74,-0.388,-0.369,0.605,141.75,-14.0,24.5,565.6297592525531,fall_sitting,fall,6,real_hardware
41.745,-0.41,-0.371,0.609,141.75,-2.0,22.25,565.6297592525531,fall_sitting,fall,6,real_hardware
41.75,-0.433,-0.357,0.603,139.375,-7.375,21.25,565.6297592525531,fall_sitting,fall,6,real_hardware
41.755,-0.441,-0.341,0.591,141.125,-1.0,28.625,565.6142720329453,fall_sitting,fall,6,real_hardware
41.76,-0.431,-0.326,0.576,141.25,-1.375,19.875,565.6142720329453,fall_sitting,fall,6,real_hardware
41.765,-0.416,-0.298,0.582,141.625,9.125,19.125,565.6142720329453,fall_sitting,fall,6,real_hardware
41.77,-0.396,-0.277,0.583,141.25,10.875,24.0,565.6142720329453,fall_sitting,fall,6,real_hardware
41.775,-0.38,-0.269,0.597,141.125,15.375,17.125,565.6142720329453,fall_sitting,fall,6,real_hardware
41.78,-0.363,-0.267,0.619,139.25,17.375,20.375,565.6142720329453,fall_sitting,fall,6,real_hardware
41.785,-0.347,-0.279,0.646,129.125,33.375,23.25,565.624769145315,fall_sitting,fall,6,real_hardware
41.79,-0.332,-0.271,0.662,129.25,31.625,15.0,565.624769145315,fall_sitting,fall,6,real_hardware
41.795,-0.318,-0.257,0.65,122.875,46.625,9.0,565.6297592525531,fall_sitting,fall,6,real_hardware
41.8,-0.279,-0.22,0.642,116.0,44.5,14.625,565.6297592525531,fall_sitting,fall,6,real_hardware
41.805,-0.265,-0.191,0.636,110.5,43.875,23.125,565.6297592525531,fall_sitting,fall,6,real_hardware
41.81,-0.263,-0.144,0.636,110.875,44.5,14.0,565.6297592525531,fall_sitting,fall,6,real_hardware
41.815,-0.257,-0.095,0.628,107.5,53.5,19.75,565.6297592525531,fall_sitting,fall,6,real_hardware
41.82,-0.257,-0.041,0.625,113.375,59.5,7.25,565.6297592525531,fall_sitting,fall,6,real_hardware
41.825,-0.255,0.0,0.628,103.375,58.125,9.5,565.6297592525531,fall_sitting,fall,6,real_hardware
41.83,-0.238,0.023,0.652,101.625,63.5,13.75,565.6297592525531,fall_sitting,fall,6,real_hardware
41.835,-0.234,0.05,0.712,101.375,66.25,14.125,565.6452464806746,fall_sitting,fall,6,real_hardware
41.84,-0.232,0.111,0.791,103.875,64.25,1.25,565.6452464806746,fall_sitting,fall,6,real_hardware
41.845,-0.248,0.134,0.839,95.25,63.75,2.125,565.6452464806746,fall_sitting,fall,6,real_hardware
41.85,-0.289,0.167,0.882,89.875,63.375,5.875,565.6502367797484,fall_sitting,fall,6,real_hardware
41.855,-0.339,0.207,0.953,88.625,68.375,-7.125,565.6452464806746,fall_sitting,fall,6,real_hardware
41.86,-0.376,0.261,1.013,78.5,66.875,-10.0,565.6452464806746,fall_sitting,fall,6,real_hardware
41.865,-0.419,0.283,1.08,66.75,65.875,-13.75,565.6452464806746,fall_sitting,fall,6,real_hardware
41.87,-0.441,0.304,1.158,55.0,73.75,-17.25,565.6452464806746,fall_sitting,fall,6,real_hardware
41.875,-0.437,0.359,1.226,49.125,78.5,-15.625,565.6452464806746,fall_sitting,fall,6,real_hardware
41.88,-0.41,0.507,1.267,40.5,67.5,-20.0,565.6607337173099,fall_sitting,fall,6,real_hardware
41.885,-0.398,0.615,1.253,31.0,68.375,-24.125,565.6607337173099,fall_sitting,fall,6,real_hardware
41.89,-0.408,0.71,1.183,22.375,61.625,-20.25,565.6607337173099,fall_sitting,fall,6,real_hardware
41.895,-0.427,0.761,1.091,26.0,69.75,-22.375,565.6452464806746,fall_sitting,fall,6,real_hardware
41.9,-0.464,0.767,1.009,3.375,65.0,-35.25,565.6607337173099,fall_sitting,fall,6,real_hardware
41.905,-0.488,0.724,0.927,0.375,58.875,-22.0,565.6607337173099,fall_sitting,fall,6,real_hardware
41.91,-0.501,0.656,0.824,-5.875,55.625,-36.75,565.6607337173099,fall_sitting,fall,6,real_hardware
41.915,-0.482,0.58,0.74,-9.0,61.875,-34.25,565.6452464806746,fall_sitting,fall,6,real_hardware
41.92,-0.412,0.501,0.691,-8.625,51.5,-27.125,565.6452464806746,fall_sitting,fall,6,real_hardware
41.925,-0.339,0.496,0.712,-5.5,56.5,-34.5,565.6452464806746,fall_sitting,fall,6,real_hardware
41.93,-0.292,0.537,0.746,1.0,52.0,-28.5,565.6607337173099,fall_sitting,fall,6,real_hardware
41.935,-0.281,0.615,0.763,6.5,52.25,-35.25,565.6452464806746,fall_sitting,fall,6,real_hardware
41.94,-0.285,0.703,0.781,10.625,44.5,-34.125,565.6452464806746,fall_sitting,fall,6,real_hardware
41.945,-0.296,0.773,0.812,24.125,35.0,-17.25,565.6452464806746,fall_sitting,fall,6,real_hardware
41.95,-0.283,0.826,0.876,39.0,35.75,-9.125,565.6452464806746,fall_sitting,fall,6,real_hardware
41.955,-0.263,0.8,0.978,51.375,22.5,-1.0,565.6452464806746,fall_sitting,fall,6,real_hardware
41.96,-0.279,0.666,1.029,47.5,15.375,7.0,565.6452464806746,fall_sitting,fall,6,real_hardware
41.965,-0.287,0.544,1.031,45.875,-4.25,4.125,565.6252858369123,fall_sitting,fall,6,real_hardware
41.97,-0.304,0.482,1.023,40.125,-8.375,-4.75,565.6302759149738,fall_sitting,fall,6,real_hardware
41.975,-0.3,0.455,0.968,27.25,-9.5,-3.75,565.6457627418672,fall_sitting,fall,6,real_hardware
41.98,-0.324,0.435,0.91,17.25,1.5,5.625,565.6457627418672,fall_sitting,fall,6,real_hardware
41.985,-0.353,0.441,0.875,1.25,-7.375,7.125,565.6507530117603,fall_sitting,fall,6,real_hardware
41.99,-0.367,0.443,0.832,-1.625,0.375,7.25,565.6507530117603,fall_sitting,fall,6,real_hardware
41.995,-0.396,0.496,0.789,-8.875,5.5,11.625,565.6557433369078,fall_sitting,fall,6,real_hardware
42.0,-0.431,0.55,0.771,-2.0,21.875,2.0,565.6557433369078,fall_sitting,fall,6,real_hardware
42.005,-0.445,0.605,0.742,-3.25,13.875,1.75,565.6557433369078,fall_sitting,fall,6,real_hardware
42.01,-0.453,0.652,0.708,-4.875,5.75,9.25,565.6712304454746,fall_sitting,fall,6,real_hardware
42.015,-0.535,0.736,0.675,-0.625,8.375,-1.375,565.6762209624588,fall_sitting,fall,6,real_hardware
42.02,-0.578,0.769,0.634,6.625,-3.125,8.875,565.6762209624588,fall_sitting,fall,6,real_hardware
42.025,-0.595,0.757,0.623,18.875,-15.625,17.625,565.6712304454746,fall_sitting,fall,6,real_hardware
42.03,-0.583,0.746,0.613,28.875,-19.25,8.125,565.6712304454746,fall_sitting,fall,6,real_hardware
42.035,-0.574,0.728,0.626,42.375,-26.875,19.125,565.6712304454746,fall_sitting,fall,6,real_hardware
42.04,-0.56,0.689,0.64,47.875,-26.375,17.75,565.6607337173099,fall_sitting,fall,6,real_hardware
42.045,-0.562,0.644,0.689,60.375,-30.0,25.25,565.6762209624588,fall_sitting,fall,6,real_hardware
42.05,-0.593,0.587,0.722,63.375,-35.75,33.625,565.6917082161216,fall_sitting,fall,6,real_hardware
42.055,-0.613,0.542,0.738,60.875,-41.25,26.5,565.6917082161216,fall_sitting,fall,6,real_hardware
42.06,-0.611,0.515,0.775,60.5,-40.5,19.0,565.6917082161216,fall_sitting,fall,6,real_hardware
42.065,-0.576,0.535,0.814,64.25,-43.875,18.0,565.6917082161216,fall_sitting,fall,6,real_hardware
42.07,-0.58,0.57,0.839,66.25,-52.375,22.0,565.6917082161216,fall_sitting,fall,6,real_hardware
42.075,-0.521,0.568,0.869,48.0,-52.25,29.25,565.6917082161216,fall_sitting,fall,6,real_hardware
42.08,-0.443,0.562,0.869,41.375,-57.625,37.375,565.6917082161216,fall_sitting,fall,6,real_hardware
42.085,-0.41,0.552,0.824,57.375,-54.375,33.875,565.6917082161216,fall_sitting,fall,6,real_hardware
42.09,-0.341,0.498,0.789,52.375,-40.5,35.375,565.6917082161216,fall_sitting,fall,6,real_hardware
42.095,-0.324,0.455,0.732,48.875,-43.375,38.75,565.6917082161216,fall_sitting,fall,6,real_hardware
42.1,-0.314,0.414,0.722,44.0,-51.75,44.125,565.6917082161216,fall_sitting,fall,6,real_hardware
42.105,-0.304,0.404,0.763,49.5,-47.125,50.75,565.686717562555,fall_sitting,fall,6,real_hardware
42.11,-0.291,0.39,0.761,49.875,-51.625,48.5,565.686717562555,fall_sitting,fall,6,real_hardware
42.115,-0.287,0.435,0.763,43.5,-60.25,51.875,565.6917082161216,fall_sitting,fall,6,real_hardware
42.12,-0.269,0.496,0.798,49.125,-56.0,55.25,565.686717562555,fall_sitting,fall,6,real_hardware
42.125,-0.248,0.521,0.816,49.125,-66.0,54.75,565.686717562555,fall_sitting,fall,6,real_hardware
42.13,-0.265,0.58,0.869,53.625,-71.0,41.5,565.6762209624588,fall_sitting,fall,6,real_hardware
42.135,-0.347,0.699,1.009,56.75,-95.0,52.875,565.6712304454746,fall_sitting,fall,6,real_hardware
42.14,-0.441,0.718,1.142,58.625,-110.75,66.125,565.6917082161216,fall_sitting,fall,6,real_hardware
42.145,-0.468,0.597,1.097,46.5,-108.25,60.0,565.6966989249461,fall_sitting,fall,6,real_hardware
42.15,-0.523,0.482,1.035,34.875,-93.375,58.5,565.6917082161216,fall_sitting,fall,6,real_hardware
42.155,-0.582,0.373,1.021,21.5,-100.0,57.875,565.6917082161216,fall_sitting,fall,6,real_hardware
42.16,-0.669,0.396,1.048,7.75,-97.0,57.875,565.6917082161216,fall_sitting,fall,6,real_hardware
42.165,-0.697,0.447,1.044,-2.875,-92.875,51.375,565.6966989249461,fall_sitting,fall,6,real_hardware
42.17,-0.691,0.509,1.007,-6.625,-100.625,45.625,565.6917082161216,fall_sitting,fall,6,real_hardware
42.175,-0.664,0.462,1.113,-35.625,-97.0,49.375,565.6717459333986,fall_sitting,fall,6,real_hardware
42.18,-0.605,0.496,1.044,-37.375,-83.5,36.125,565.676736421194,fall_sitting,fall,6,real_hardware
42.185,-0.595,0.529,0.984,-43.625,-82.625,36.125,565.6662399837464,fall_sitting,fall,6,real_hardware
42.19,-0.55,0.576,0.947,-53.375,-77.0,31.25,565.6712304454746,fall_sitting,fall,6,real_hardware
42.195,-0.482,0.583,0.912,-62.875,-76.25,27.625,565.6712304454746,fall_sitting,fall,6,real_hardware
42.2,-0.449,0.548,0.89,-71.0,-73.625,23.125,565.6557433369078,fall_sitting,fall,6,real_hardware
42.205,-0.335,0.597,0.951,-76.375,-65.625,22.125,565.6557433369078,fall_sitting,fall,6,real_hardware
42.21,-0.24,0.609,1.019,-85.5,-54.5,15.0,565.6452464806746,fall_sitting,fall,6,real_hardware
42.215,-0.144,0.66,1.027,-80.125,-49.75,23.0,565.6452464806746,fall_sitting,fall,6,real_hardware
42.22,-0.107,0.658,1.017,-75.5,-61.375,27.25,565.6452464806746,fall_sitting,fall,6,real_hardware
42.225,-0.064,0.664,1.052,-77.5,-56.125,30.625,565.6092820622889,fall_sitting,fall,6,real_hardware
42.23,-0.035,0.677,1.033,-67.25,-51.875,33.125,565.6092820622889,fall_sitting,fall,6,real_hardware
42.235,-0.044,0.671,1.076,-58.375,-47.375,33.5,565.6092820622889,fall_sitting,fall,6,real_hardware
42.24,-0.066,0.603,1.085,-51.25,-61.75,33.0,565.6042921468829,fall_sitting,fall,6,real_hardware
42.245,-0.056,0.636,1.121,-55.875,-56.0,30.125,565.5937949877766,fall_sitting,fall,6,real_hardware
42.25,-0.066,0.585,1.148,-39.75,-57.125,30.375,565.5937949877766,fall_sitting,fall,6,real_hardware
42.255,-0.066,0.533,1.123,-44.625,-59.875,29.5,565.5937949877766,fall_sitting,fall,6,real_hardware
42.26,-0.105,0.509,1.126,-48.625,-62.25,34.375,565.5783079217779,fall_sitting,fall,6,real_hardware
42.265,-0.08,0.501,1.169,-49.0,-58.25,30.0,565.5832976192713,fall_sitting,fall,6,real_hardware
42.27,-0.068,0.513,1.162,-38.75,-53.0,26.5,565.5678104252049,fall_sitting,fall,6,real_hardware
42.275,-0.07,0.507,1.177,-39.25,-57.0,29.375,565.5473338153213,fall_sitting,fall,6,real_hardware
42.28,-0.072,0.496,1.158,-46.625,-62.5,22.5,565.5013926208621,fall_sitting,fall,6,real_hardware
42.285,-0.074,0.488,1.146,-42.0,-52.125,29.75,565.4859060071652,fall_sitting,fall,6,real_hardware
42.29,-0.039,0.509,1.183,-46.875,-51.125,37.25,565.4549328053109,fall_sitting,fall,6,real_hardware
42.295,-0.021,0.517,1.183,-37.625,-52.375,23.625,565.4394462171534,fall_sitting,fall,6,real_hardware
42.3,-0.013,0.521,1.193,-36.0,-40.75,16.5,565.4239596375093,fall_sitting,fall,6,real_hardware
42.305,-0.011,0.505,1.173,-36.5,-32.75,26.375,565.4084730663782,fall_sitting,fall,6,real_hardware
42.31,-0.019,0.501,1.152,-32.125,-36.875,29.25,565.3824878424921,fall_sitting,fall,6,real_hardware
42.315,-0.046,0.46,1.154,-27.75,-37.5,22.375,565.3670011603253,fall_sitting,fall,6,real_hardware
42.32,-0.042,0.439,1.121,-32.25,-34.25,19.5,565.3360278215316,fall_sitting,fall,6,real_hardware
42.325,-0.052,0.421,1.103,-23.5,-38.25,13.25,565.3205411649047,fall_sitting,fall,6,real_hardware
42.33,-0.058,0.406,1.109,-27.375,-28.625,17.875,565.3050545167912,fall_sitting,fall,6,real_hardware
42.335,-0.054,0.392,1.093,-24.0,-28.125,10.125,565.3050545167912,fall_sitting,fall,6,real_hardware
42.34,-0.042,0.378,1.08,-25.75,-27.375,24.0,565.289567877191,fall_sitting,fall,6,real_hardware
42.345,-0.041,0.363,1.039,-26.75,-29.5,24.75,565.2740812461042,fall_sitting,fall,6,real_hardware
42.35,-0.046,0.353,1.021,-21.125,-26.125,17.625,565.2740812461042,fall_sitting,fall,6,real_hardware
42.355,-0.031,0.335,1.009,-16.75,-31.625,21.125,565.2436343884712,fall_sitting,fall,6,real_hardware
42.36,-0.042,0.337,0.998,-19.875,-25.375,15.125,565.2331347373596,fall_sitting,fall,6,real_hardware
42.365,-0.046,0.333,0.976,-16.25,-26.625,20.625,565.2226348768336,fall_sitting,fall,6,real_hardware
42.37,-0.033,0.322,0.98,-17.5,-28.875,15.125,565.2226348768336,fall_sitting,fall,6,real_hardware
42.375,-0.041,0.324,0.984,-8.875,-27.0,5.0,565.2226348768336,fall_sitting,fall,6,real_hardware
42.38,-0.044,0.322,0.97,-22.0,-29.25,23.625,565.2121348068899,fall_sitting,fall,6,real_hardware
42.385,-0.031,0.308,0.974,-18.125,-21.375,20.125,565.1966482183698,fall_sitting,fall,6,real_hardware
42.39,-0.023,0.314,0.968,-9.625,-26.125,29.125,565.176175520994,fall_sitting,fall,6,real_hardware
42.395,-0.011,0.312,0.964,-13.5,-27.25,22.375,565.1711894588366,fall_sitting,fall,6,real_hardware
42.4,-0.021,0.306,0.964,-8.375,-28.75,12.75,565.1711894588366,fall_sitting,fall,6,real_hardware
42.405,-0.003,0.296,0.962,-17.125,-14.375,17.5,565.1557031604884,fall_sitting,fall,6,real_hardware
42.41,-0.007,0.285,0.957,-20.625,-28.0,26.0,565.1402168706533,fall_sitting,fall,6,real_hardware
42.415,-0.001,0.277,0.939,-20.125,-16.5,19.75,565.135231136848,fall_sitting,fall,6,real_hardware
42.42,-0.001,0.281,0.945,-12.125,-26.625,25.0,565.1402168706533,fall_sitting,fall,6,real_hardware
42.425,0.005,0.259,0.939,-16.375,-31.125,22.0,565.1452026596669,fall_sitting,fall,6,real_hardware
42.43,0.009,0.265,0.925,-17.625,-28.875,16.875,565.1452026596669,fall_sitting,fall,6,real_hardware
42.435,0.017,0.257,0.921,-11.375,-24.625,18.125,565.1452026596669,fall_sitting,fall,6,real_hardware
42.44,0.021,0.257,0.917,-11.75,-27.375,20.25,565.1452026596669,fall_sitting,fall,6,real_hardware
42.445,0.021,0.259,0.916,-6.125,-22.75,16.0,565.1452026596669,fall_sitting,fall,6,real_hardware
42.45,0.025,0.251,0.904,-15.125,-21.625,15.75,565.1452026596669,fall_sitting,fall,6,real_hardware
42.455,0.023,0.246,0.9,-15.0,-21.5,11.875,565.150188503889,fall_sitting,fall,6,real_hardware
42.46,0.025,0.232,0.902,-4.75,-13.25,6.25,565.150188503889,fall_sitting,fall,6,real_hardware
42.465,0.025,0.22,0.896,-20.0,-11.75,11.75,565.150188503889,fall_sitting,fall,6,real_hardware
42.47,0.023,0.228,0.896,-6.5,-9.0,11.375,565.150188503889,fall_sitting,fall,6,real_hardware
42.475,0.025,0.234,0.898,-1.0,-9.375,8.375,565.150188503889,fall_sitting,fall,6,real_hardware
42.48,0.025,0.224,0.896,1.0,-13.5,7.25,565.1551744033201,fall_sitting,fall,6,real_hardware
42.485,0.027,0.234,0.894,-12.0,-13.5,13.5,565.1551744033201,fall_sitting,fall,6,real_hardware
42.49,0.025,0.244,0.9,-7.75,-7.875,2.0,565.170661102875,fall_sitting,fall,6,real_hardware
42.495,0.025,0.236,0.894,-0.375,-3.625,1.875,565.1551744033201,fall_sitting,fall,6,real_hardware
42.5,0.023,0.248,0.908,-6.875,1.375,-0.875,565.1601603579608,fall_sitting,fall,6,real_hardware
42.505,0.025,0.257,0.912,-5.0,-0.75,-6.875,565.1601603579608,fall_sitting,fall,6,real_hardware
42.51,0.021,0.253,0.908,-6.125,0.0,6.5,565.1446735303434,fall_sitting,fall,6,real_hardware
42.515,0.023,0.255,0.91,-7.75,1.625,6.0,565.1446735303434,fall_sitting,fall,6,real_hardware
42.52,0.023,0.257,0.906,-0.625,-1.0,7.25,565.1446735303434,fall_sitting,fall,6,real_hardware
42.525,0.025,0.253,0.916,-1.75,2.625,3.125,565.1496594036167,fall_sitting,fall,6,real_hardware
42.53,0.025,0.255,0.931,2.5,2.875,-2.875,565.1496594036167,fall_sitting,fall,6,real_hardware
42.535,0.025,0.253,0.937,-2.625,9.125,1.125,565.1496594036167,fall_sitting,fall,6,real_hardware
42.54,0.023,0.246,0.945,-0.125,7.125,4.5,565.1496594036167,fall_sitting,fall,6,real_hardware
42.545,0.023,0.253,0.957,-7.875,7.5,-4.625,565.1496594036167,fall_sitting,fall,6,real_hardware
42.55,0.023,0.259,0.957,4.5,7.0,-3.25,565.1496594036167,fall_sitting,fall,6,real_hardware
42.555,0.023,0.263,0.96,1.125,6.25,-2.25,565.1496594036167,fall_sitting,fall,6,real_hardware
42.56,0.023,0.265,0.955,-1.5,11.75,-2.375,565.1496594036167,fall_sitting,fall,6,real_hardware
42.565,0.023,0.261,0.962,-9.875,9.125,-6.5,565.1496594036167,fall_sitting,fall,6,real_hardware
42.57,0.021,0.273,0.962,4.0,12.75,-5.5,565.1341724479358,fall_sitting,fall,6,real_hardware
42.575,0.021,0.259,0.964,1.375,9.625,-6.875,565.1341724479358,fall_sitting,fall,6,real_hardware
42.58,0.023,0.273,0.972,1.75,11.25,-2.125,565.1341724479358,fall_sitting,fall,6,real_hardware
42.585,0.023,0.271,0.966,-7.0,9.5,-0.5,565.1341724479358,fall_sitting,fall,6,real_hardware
42.59,0.021,0.263,0.964,-1.375,11.5,-8.25,565.1341724479358,fall_sitting,fall,6,real_hardware
42.595,0.021,0.267,0.96,0.25,13.625,6.125,565.1341724479358,fall_sitting,fall,6,real_hardware
42.6,0.023,0.263,0.953,5.875,7.125,-2.625,565.1496594036167,fall_sitting,fall,6,real_hardware
42.605,0.019,0.267,0.951,7.75,15.5,0.0,565.1496594036167,fall_sitting,fall,6,real_hardware
42.61,0.019,0.269,0.957,-0.875,7.125,-8.875,565.1496594036167,fall_sitting,fall,6,real_hardware
42.615,0.021,0.259,0.964,3.25,8.0,3.75,565.1496594036167,fall_sitting,fall,6,real_hardware
42.62,0.019,0.265,0.966,2.25,7.125,4.25,565.1546453320991,fall_sitting,fall,6,real_hardware
42.625,0.019,0.267,0.964,1.875,7.75,-7.375,565.1496594036167,fall_sitting,fall,6,real_hardware
42.63,0.015,0.265,0.957,0.0,15.0,0.25,565.1546453320991,fall_sitting,fall,6,real_hardware
42.635,0.019,0.265,0.951,2.75,14.5,-8.125,565.1341724479358,fall_sitting,fall,6,real_hardware
42.64,0.017,0.259,0.955,-0.25,11.375,-5.25,565.1496594036167,fall_sitting,fall,6,real_hardware
42.645,0.017,0.265,0.947,1.75,3.25,-5.625,565.1291867112398,fall_sitting,fall,6,real_hardware
42.65,0.015,0.261,0.953,4.625,13.25,-8.375,565.1446735303434,fall_sitting,fall,6,real_hardware
42.655,0.019,0.261,0.951,-2.875,8.25,-8.875,565.1242010297507,fall_sitting,fall,6,real_hardware
42.66,0.015,0.261,0.955,-2.25,15.375,-4.0,565.1396877122787,fall_sitting,fall,6,real_hardware
42.665,0.015,0.261,0.951,0.5,12.625,-8.5,565.1242010297507,fall_sitting,fall,6,real_hardware
42.67,0.011,0.253,0.955,-8.125,19.375,-9.125,565.1291867112398,fall_sitting,fall,6,real_hardware
42.675,0.007,0.255,0.955,0.0,9.5,-3.5,565.1291867112398,fall_sitting,fall,6,real_hardware
42.68,0.011,0.261,0.951,-0.25,14.375,-10.75,565.1291867112398,fall_sitting,fall,6,real_hardware
42.685,0.013,0.259,0.953,-1.5,9.125,-2.375,565.1291867112398,fall_sitting,fall,6,real_hardware
42.69,0.009,0.263,0.951,-5.5,15.125,-2.75,565.1446735303434,fall_sitting,fall,6,real_hardware
42.695,0.007,0.259,0.949,-0.75,11.5,-2.875,565.1446735303434,fall_sitting,fall,6,real_hardware
42.7,0.009,0.259,0.951,4.125,6.75,-1.875,565.1446735303434,fall_sitting,fall,6,real_hardware
42.705,0.003,0.265,0.949,3.375,19.0,-5.0,565.1446735303434,fall_sitting,fall,6,real_hardware
42.71,0.003,0.263,0.955,-0.375,13.75,-2.875,565.1601603579608,fall_sitting,fall,6,real_hardware
42.715,0.0,0.261,0.955,-4.5,-0.625,2.25,565.1601603579608,fall_sitting,fall,6,real_hardware
42.72,-0.001,0.261,0.957,-3.125,9.125,-6.5,565.1496594036167,fall_sitting,fall,6,real_hardware
42.725,0.003,0.261,0.96,-3.25,7.75,-7.375,565.1496594036167,fall_sitting,fall,6,real_hardware
42.73,-0.001,0.261,0.957,-3.625,3.75,3.375,565.1446735303434,fall_sitting,fall,6,real_hardware
42.735,-0.003,0.261,0.951,-3.875,9.0,-5.375,565.1341724479358,fall_sitting,fall,6,real_hardware
42.74,-0.005,0.257,0.953,2.25,9.0,-1.25,565.1341724479358,fall_sitting,fall,6,real_hardware
42.745,-0.009,0.261,0.951,-3.25,2.5,-7.375,565.1341724479358,fall_sitting,fall,6,real_hardware
42.75,-0.007,0.263,0.957,-1.5,12.25,0.5,565.1341724479358,fall_sitting,fall,6,real_hardware
42.755,-0.009,0.259,0.958,-2.375,10.375,-4.875,565.1496594036167,fall_sitting,fall,6,real_hardware
42.76,-0.015,0.263,0.953,-1.625,12.25,-6.875,565.1341724479358,fall_sitting,fall,6,real_hardware
42.765,-0.021,0.263,0.96,-1.125,8.5,-3.375,565.1496594036167,fall_sitting,fall,6,real_hardware
42.77,-0.023,0.261,0.958,-2.5,15.25,1.0,565.1546453320991,fall_sitting,fall,6,real_hardware
42.775,-0.015,0.269,0.955,-6.0,2.0,2.625,565.1391582398396,fall_sitting,fall,6,real_hardware
42.78,-0.023,0.259,0.958,-2.875,9.125,3.0,565.1341724479358,fall_sitting,fall,6,real_hardware
42.785,-0.027,0.265,0.957,0.125,4.625,-2.0,565.1186855007688,fall_sitting,fall,6,real_hardware
42.79,-0.017,0.265,0.962,-10.625,0.0,0.5,565.1236711560941,fall_sitting,fall,6,real_hardware
42.795,-0.023,0.267,0.958,-3.75,3.125,-2.875,565.1236711560941,fall_sitting,fall,6,real_hardware
42.8,-0.021,0.263,0.958,4.5,6.0,-0.125,565.1236711560941,fall_sitting,fall,6,real_hardware
42.805,-0.025,0.265,0.958,-2.625,2.875,1.125,565.1186855007688,fall_sitting,fall,6,real_hardware
42.81,-0.025,0.261,0.96,6.625,4.25,-8.25,565.1186855007688,fall_sitting,fall,6,real_hardware
42.815,-0.021,0.265,0.955,0.75,-2.375,2.25,565.1236711560941,fall_sitting,fall,6,real_hardware
42.82,-0.023,0.261,0.953,1.375,-2.125,-5.125,565.1236711560941,fall_sitting,fall,6,real_hardware
42.825,-0.021,0.265,0.96,6.0,5.375,2.875,565.1236711560941,fall_sitting,fall,6,real_hardware
42.83,-0.023,0.259,0.953,-9.125,-3.125,6.25,565.1186855007688,fall_sitting,fall,6,real_hardware
42.835,-0.023,0.263,0.955,-2.0,-6.875,-2.875,565.1031985621154,fall_sitting,fall,6,real_hardware
42.84,-0.023,0.267,0.957,-7.875,1.875,7.5,565.1031985621154,fall_sitting,fall,6,real_hardware
42.845,-0.023,0.263,0.958,0.125,6.25,-1.25,565.1031985621154,fall_sitting,fall,6,real_hardware
42.85,-0.025,0.257,0.955,-8.75,1.0,-3.25,565.1031985621154,fall_sitting,fall,6,real_hardware
42.855,-0.025,0.259,0.953,-2.75,3.0,3.375,565.1031985621154,fall_sitting,fall,6,real_hardware
42.86,-0.023,0.263,0.953,-2.875,-6.875,4.625,565.1031985621154,fall_sitting,fall,6,real_hardware
42.865,-0.021,0.259,0.953,1.75,-2.0,-0.625,565.1031985621154,fall_sitting,fall,6,real_hardware
42.87,-0.021,0.267,0.951,1.625,-4.25,-3.375,565.0877116319758,fall_sitting,fall,6,real_hardware
42.875,-0.019,0.257,0.953,0.25,2.75,6.75,565.0827263050103,fall_sitting,fall,6,real_hardware
42.88,-0.021,0.259,0.953,0.5,-2.125,1.625,565.0877116319758,fall_sitting,fall,6,real_hardware
42.885,-0.017,0.263,0.949,-0.75,3.0,1.5,565.1031985621154,fall_sitting,fall,6,real_hardware
42.89,-0.017,0.265,0.951,0.125,-4.75,3.5,565.0877116319758,fall_sitting,fall,6,real_hardware
42.895,-0.013,0.261,0.951,-1.125,3.5,-3.875,565.1031985621154,fall_sitting,fall,6,real_hardware
42.9,-0.025,0.257,0.951,-3.0,-4.875,1.375,565.0877116319758,fall_sitting,fall,6,real_hardware
42.905,-0.021,0.259,0.957,3.75,3.25,-0.125,565.0877116319758,fall_sitting,fall,6,real_hardware
42.91,-0.021,0.255,0.957,0.25,4.875,2.125,565.0877116319758,fall_sitting,fall,6,real_hardware
42.915,-0.021,0.255,0.949,-0.125,-5.875,2.625,565.1031985621154,fall_sitting,fall,6,real_hardware
42.92,-0.017,0.253,0.955,-3.375,-3.625,0.25,565.1031985621154,fall_sitting,fall,6,real_hardware
42.925,-0.023,0.257,0.951,0.125,-4.75,2.125,565.1031985621154,fall_sitting,fall,6,real_hardware
42.93,-0.013,0.253,0.957,2.625,-3.75,-9.125,565.1081840808627,fall_sitting,fall,6,real_hardware
42.935,-0.017,0.259,0.955,-2.5,-3.375,-0.75,565.0932276902353,fall_sitting,fall,6,real_hardware
42.94,-0.015,0.259,0.955,-2.25,-0.5,-8.125,565.0932276902353,fall_sitting,fall,6,real_hardware
42.945,-0.017,0.255,0.953,-0.625,-4.5,-6.125,565.1037288660283,fall_sitting,fall,6,real_hardware
42.95,-0.011,0.255,0.957,-4.375,-1.0,1.125,565.0882423371013,fall_sitting,fall,6,real_hardware
42.955,-0.013,0.257,0.955,5.25,-3.0,3.75,565.0932276902353,fall_sitting,fall,6,real_hardware
42.96,-0.017,0.257,0.96,-6.75,-7.125,-2.75,565.0932276902353,fall_sitting,fall,6,real_hardware
42.965,-0.011,0.251,0.955,-7.25,-3.25,7.25,565.0932276902353,fall_sitting,fall,6,real_hardware
42.97,-0.017,0.255,0.955,3.0,2.625,-3.25,565.0932276902353,fall_sitting,fall,6,real_hardware
42.975,-0.011,0.253,0.951,-1.75,-4.375,6.75,565.0982130985732,fall_sitting,fall,6,real_hardware
42.98,-0.011,0.255,0.949,0.375,3.625,6.25,565.0982130985732,fall_sitting,fall,6,real_hardware
42.985,-0.011,0.255,0.953,-0.5,0.0,2.25,565.1031985621154,fall_sitting,fall,6,real_hardware
42.99,-0.011,0.257,0.945,3.5,-1.875,1.625,565.0982130985732,fall_sitting,fall,6,real_hardware
42.995,-0.015,0.255,0.951,0.5,3.75,2.875,565.0982130985732,fall_sitting,fall,6,real_hardware
43.0,-0.011,0.257,0.957,-5.0,-4.125,7.875,565.1031985621154,fall_sitting,fall,6,real_hardware
43.005,-0.013,0.255,0.96,-2.75,-1.375,3.875,565.1031985621154,fall_sitting,fall,6,real_hardware
43.01,-0.011,0.259,0.955,2.875,7.625,-5.75,565.1031985621154,fall_sitting,fall,6,real_hardware
43.015,-0.003,0.261,0.951,9.125,0.0,1.5,565.1031985621154,fall_sitting,fall,6,real_hardware
43.02,-0.013,0.255,0.953,-1.875,-3.75,-2.875,565.1031985621154,fall_sitting,fall,6,real_hardware
43.025,-0.005,0.251,0.949,1.625,-3.125,-3.375,565.0832570391708,fall_sitting,fall,6,real_hardware
43.03,-0.009,0.253,0.947,-5.875,-6.0,0.0,565.0932276902353,fall_sitting,fall,6,real_hardware
43.035,-0.009,0.253,0.951,0.375,-0.25,-3.375,565.0932276902353,fall_sitting,fall,6,real_hardware
43.04,-0.007,0.253,0.949,2.0,-0.625,0.625,565.0932276902353,fall_sitting,fall,6,real_hardware
43.045,-0.007,0.253,0.949,-3.125,-5.5,5.0,565.1136999006496,fall_sitting,fall,6,real_hardware
43.05,-0.009,0.251,0.949,4.375,-0.375,0.0,565.1136999006496,fall_sitting,fall,6,real_hardware
43.055,-0.007,0.251,0.951,-5.0,1.125,8.375,565.1136999006496,fall_sitting,fall,6,real_hardware
43.06,-0.005,0.25,0.957,-4.625,-1.75,-4.625,565.1136999006496,fall_sitting,fall,6,real_hardware
43.065,-0.011,0.255,0.957,-1.5,-6.75,2.5,565.1136999006496,fall_sitting,fall,6,real_hardware
43.07,-0.009,0.259,0.951,1.125,-5.0,1.0,565.1136999006496,fall_sitting,fall,6,real_hardware
43.075,-0.009,0.253,0.945,-2.0,-1.875,-2.75,565.1186855007688,fall_sitting,fall,6,real_hardware
43.08,-0.003,0.253,0.957,0.25,9.625,-5.125,565.1186855007688,fall_sitting,fall,6,real_hardware
43.085,-0.007,0.25,0.953,-0.375,-0.25,1.625,565.1136999006496,fall_sitting,fall,6,real_hardware
43.09,-0.009,0.251,0.949,-2.5,-3.125,-7.5,565.1136999006496,fall_sitting,fall,6,real_hardware
43.095,-0.007,0.261,0.949,5.0,2.125,-0.125,565.1136999006496,fall_sitting,fall,6,real_hardware
43.1,-0.011,0.253,0.958,2.125,5.875,-6.875,565.1136999006496,fall_sitting,fall,6,real_hardware
43.105,-0.011,0.259,0.953,2.875,-1.875,2.75,565.1087143557362,fall_sitting,fall,6,real_hardware
43.11,-0.009,0.251,0.947,5.125,-0.375,-5.0,565.1136999006496,fall_sitting,fall,6,real_hardware
43.115,-0.007,0.248,0.947,0.75,5.375,-3.0,565.1136999006496,fall_sitting,fall,6,real_hardware
43.12,-0.011,0.255,0.957,3.625,0.125,-0.625,565.1087143557362,fall_sitting,fall,6,real_hardware
43.125,-0.015,0.259,0.953,1.5,-0.625,-6.5,565.1087143557362,fall_sitting,fall,6,real_hardware
43.13,-0.009,0.255,0.953,1.875,1.625,1.625,565.1087143557362,fall_sitting,fall,6,real_hardware
43.135,-0.007,0.253,0.945,-2.125,1.875,-1.125,565.0887727281313,fall_sitting,fall,6,real_hardware
43.14,-0.009,0.255,0.953,5.125,-0.5,2.125,565.0782717964432,fall_sitting,fall,6,real_hardware
43.145,-0.011,0.253,0.951,-3.5,-0.875,4.875,565.0782717964432,fall_sitting,fall,6,real_hardware
43.15,-0.009,0.255,0.953,4.125,7.0,3.25,565.0782717964432,fall_sitting,fall,6,real_hardware
43.155,-0.011,0.255,0.951,5.375,0.5,-0.75,565.0782717964432,fall_sitting,fall,6,real_hardware
43.16,-0.007,0.257,0.958,-3.875,-0.375,1.375,565.0937580522262,fall_sitting,fall,6,real_hardware
43.165,-0.005,0.253,0.951,-1.75,-0.5,2.875,565.098743431525,fall_sitting,fall,6,real_hardware
43.17,-0.009,0.255,0.957,2.25,-3.25,-1.875,565.0832570391708,fall_sitting,fall,6,real_hardware
43.175,-0.009,0.25,0.957,4.25,2.125,-1.25,565.0832570391708,fall_sitting,fall,6,real_hardware
43.18,-0.015,0.253,0.951,-0.75,5.375,-2.375,565.0882423371013,fall_sitting,fall,6,real_hardware
43.185,-0.013,0.259,0.953,2.5,-4.125,2.25,565.0882423371013,fall_sitting,fall,6,real_hardware
43.19,-0.009,0.253,0.951,-9.0,-3.75,5.625,565.0882423371013,fall_sitting,fall,6,real_hardware
43.195,-0.011,0.259,0.953,-2.875,-3.125,6.5,565.0932276902353,fall_sitting,fall,6,real_hardware
43.2,-0.007,0.255,0.953,-3.125,3.0,-2.375,565.0982130985732,fall_sitting,fall,6,real_hardware
43.205,-0.005,0.25,0.955,-1.5,-2.25,12.0,565.0827263050103,fall_sitting,fall,6,real_hardware
43.21,-0.011,0.255,0.958,-6.125,-3.125,2.5,565.0982130985732,fall_sitting,fall,6,real_hardware
43.215,-0.009,0.259,0.955,-7.125,-3.375,-2.375,565.0827263050103,fall_sitting,fall,6,real_hardware
43.22,-0.011,0.253,0.953,0.25,7.375,-1.375,565.0877116319758,fall_sitting,fall,6,real_hardware
43.225,-0.009,0.25,0.953,-2.75,-0.125,-0.625,565.0877116319758,fall_sitting,fall,6,real_hardware
43.23,-0.013,0.257,0.953,1.25,2.125,2.25,565.0877116319758,fall_sitting,fall,6,real_hardware
43.235,-0.013,0.255,0.955,-0.375,6.0,9.75,565.0877116319758,fall_sitting,fall,6,real_hardware
43.24,-0.011,0.257,0.96,-7.0,3.375,4.25,565.0877116319758,fall_sitting,fall,6,real_hardware
43.245,-0.009,0.257,0.958,-1.75,-0.875,6.125,565.0926970141448,fall_sitting,fall,6,real_hardware
43.25,-0.017,0.25,0.957,-0.125,8.0,3.375,565.0877116319758,fall_sitting,fall,6,real_hardware
43.255,-0.011,0.255,0.957,-7.625,-1.75,3.0,565.1031985621154,fall_sitting,fall,6,real_hardware
43.26,-0.015,0.257,0.951,-5.125,0.25,1.0,565.0877116319758,fall_sitting,fall,6,real_hardware
43.265,-0.013,0.255,0.951,-5.375,-8.375,-5.5,565.0877116319758,fall_sitting,fall,6,real_hardware
43.27,-0.015,0.257,0.955,-6.75,2.0,-4.5,565.0877116319758,fall_sitting,fall,6,real_hardware
43.275,-0.017,0.253,0.953,-9.375,2.375,7.25,565.0877116319758,fall_sitting,fall,6,real_hardware
43.28,-0.015,0.257,0.947,-5.5,-2.75,6.875,565.0827263050103,fall_sitting,fall,6,real_hardware
43.285,-0.013,0.263,0.951,0.125,-2.625,5.625,565.0877116319758,fall_sitting,fall,6,real_hardware
43.29,-0.011,0.255,0.955,0.5,-0.625,-3.25,565.0877116319758,fall_sitting,fall,6,real_hardware
43.295,-0.015,0.257,0.957,2.125,-0.5,0.125,565.1031985621154,fall_sitting,fall,6,real_hardware
43.3,-0.011,0.257,0.951,-1.0,1.5,0.5,565.0877116319758,fall_sitting,fall,6,real_hardware
43.305,-0.011,0.255,0.947,1.625,2.0,-2.875,565.0877116319758,fall_sitting,fall,6,real_hardware
43.31,-0.007,0.257,0.951,-0.375,-3.625,4.375,565.0877116319758,fall_sitting,fall,6,real_hardware
43.315,-0.013,0.259,0.951,-5.25,2.375,2.875,565.0722247103502,fall_sitting,fall,6,real_hardware
43.32,-0.007,0.255,0.957,-4.375,2.875,2.5,565.0722247103502,fall_sitting,fall,6,real_hardware
43.325,-0.009,0.253,0.953,-6.375,-6.875,7.5,565.067239519961,fall_sitting,fall,6,real_hardware
43.33,-0.011,0.25,0.957,7.125,0.375,-1.75,565.067239519961,fall_sitting,fall,6,real_hardware
43.335,-0.009,0.259,0.957,-3.5,1.125,4.625,565.0722247103502,fall_sitting,fall,6,real_hardware
43.34,-0.015,0.253,0.949,-0.75,-2.875,3.375,565.0722247103502,fall_sitting,fall,6,real_hardware
43.345,-0.015,0.259,0.951,1.875,-5.75,-6.125,565.0722247103502,fall_sitting,fall,6,real_hardware
43.35,-0.009,0.251,0.955,-4.75,0.625,0.25,565.0722247103502,fall_sitting,fall,6,real_hardware
43.355,-0.013,0.25,0.947,7.75,-2.625,-2.0,565.0827263050103,fall_sitting,fall,6,real_hardware
43.36,-0.007,0.257,0.957,-4.125,-6.625,10.375,565.0827263050103,fall_sitting,fall,6,real_hardware
43.365,-0.015,0.259,0.958,-1.5,-3.375,3.375,565.0827263050103,fall_sitting,fall,6,real_hardware
43.37,-0.009,0.257,0.949,-6.25,-1.5,3.125,565.0827263050103,fall_sitting,fall,6,real_hardware
43.375,-0.013,0.255,0.945,-0.5,-10.75,4.625,565.0827263050103,fall_sitting,fall,6,real_hardware
43.38,-0.005,0.251,0.953,2.25,-1.0,2.5,565.0722247103502,fall_sitting,fall,6,real_hardware
43.385,-0.011,0.255,0.958,-9.5,-5.5,4.5,565.0722247103502,fall_sitting,fall,6,real_hardware
43.39,-0.013,0.253,0.951,0.0,-5.75,0.0,565.0877116319758,fall_sitting,fall,6,real_hardware
43.395,-0.009,0.251,0.951,3.375,1.625,-6.25,565.0926970141448,fall_sitting,fall,6,real_hardware
43.4,-0.007,0.255,0.955,3.5,-1.875,1.125,565.0772099559412,fall_sitting,fall,6,real_hardware
43.405,-0.011,0.257,0.96,5.125,-4.25,-2.875,565.0926970141448,fall_sitting,fall,6,real_hardware
43.41,-0.007,0.255,0.958,-1.5,3.125,2.625,565.0877116319758,fall_sitting,fall,6,real_hardware
43.415,-0.007,0.255,0.957,1.625,-3.5,-3.75,565.0877116319758,fall_sitting,fall,6,real_hardware
43.42,-0.009,0.253,0.955,-3.375,0.0,-0.125,565.0572693047874,standing_up,adl,6,real_hardware
43.425,-0.005,0.255,0.949,1.125,7.5,-1.25,565.0622543847736,standing_up,adl,6,real_hardware
43.43,-0.011,0.25,0.955,1.5,3.625,-2.0,565.0622543847736,standing_up,adl,6,real_hardware
43.435,-0.009,0.251,0.949,7.375,-0.125,2.5,565.0622543847736,standing_up,adl,6,real_hardware
43.44,-0.011,0.257,0.955,-4.125,-0.5,-2.75,565.067239519961,standing_up,adl,6,real_hardware
43.445,-0.011,0.255,0.953,4.125,-1.125,3.375,565.0517527434255,standing_up,adl,6,real_hardware
43.45,-0.005,0.255,0.951,-5.125,-5.0,6.0,565.0517527434255,standing_up,adl,6,real_hardware
43.455,-0.013,0.257,0.949,-4.375,0.0,7.625,565.0517527434255,standing_up,adl,6,real_hardware
43.46,-0.005,0.253,0.949,1.125,2.625,-3.25,565.0517527434255,standing_up,adl,6,real_hardware
43.465,-0.013,0.257,0.953,0.0,2.75,6.0,565.056737797238,standing_up,adl,6,real_hardware
43.47,-0.015,0.253,0.958,1.0,0.75,2.5,565.0722247103502,standing_up,adl,6,real_hardware
43.475,-0.005,0.257,0.955,-8.25,2.75,5.25,565.067239519961,standing_up,adl,6,real_hardware
43.48,-0.015,0.253,0.96,-6.375,-2.75,-0.875,565.0074215408827,standing_up,adl,6,real_hardware
43.485,-0.011,0.255,0.951,2.75,2.75,-2.375,565.0223752904753,standing_up,adl,6,real_hardware
43.49,-0.013,0.248,0.957,6.25,-1.625,2.75,565.0478305619087,standing_up,adl,6,real_hardware
43.495,-0.011,0.251,0.949,-3.875,4.25,-4.625,565.057800498218,standing_up,adl,6,real_hardware
43.5,-0.013,0.25,0.953,2.875,5.875,-3.25,565.0627855491733,standing_up,adl,6,real_hardware
43.505,-0.011,0.253,0.957,-10.875,-7.625,-0.625,565.0572693047874,standing_up,adl,6,real_hardware
43.51,-0.015,0.257,0.951,3.0,-2.375,-0.375,565.046767744813,standing_up,adl,6,real_hardware
43.515,-0.007,0.253,0.953,0.875,2.875,-1.5,565.046767744813,standing_up,adl,6,real_hardware
43.52,-0.009,0.251,0.949,-4.375,2.375,-0.875,565.0517527434255,standing_up,adl,6,real_hardware
43.525,-0.011,0.259,0.953,-2.375,8.625,0.0,565.0362659754035,standing_up,adl,6,real_hardware
43.53,-0.007,0.259,0.951,2.75,0.0,3.0,565.056737797238,standing_up,adl,6,real_hardware
43.535,-0.009,0.257,0.955,-8.0,4.25,2.75,565.056737797238,standing_up,adl,6,real_hardware
43.54,-0.011,0.251,0.951,0.875,1.125,-6.625,565.0617229062512,standing_up,adl,6,real_hardware
43.545,-0.015,0.257,0.953,-2.125,0.375,-3.375,565.0722247103502,standing_up,adl,6,real_hardware
43.55,-0.009,0.251,0.951,-0.75,-3.625,-2.375,565.0722247103502,standing_up,adl,6,real_hardware
43.555,-0.009,0.257,0.953,4.125,7.5,-3.75,565.0722247103502,standing_up,adl,6,real_hardware
43.56,-0.009,0.259,0.953,-1.875,0.25,2.625,565.0722247103502,standing_up,adl,6,real_hardware
43.565,-0.007,0.261,0.951,0.375,1.125,0.875,565.056737797238,standing_up,adl,6,real_hardware
43.57,-0.011,0.253,0.949,-1.125,1.125,-1.125,565.0323447328562,standing_up,adl,6,real_hardware
43.575,-0.009,0.251,0.953,-1.875,6.875,0.25,565.0268283023561,standing_up,adl,6,real_hardware
43.58,-0.013,0.253,0.953,5.0,0.625,-8.5,565.0522842800018,standing_up,adl,6,real_hardware
43.585,-0.011,0.259,0.949,3.25,-3.625,3.375,565.0417828014004,standing_up,adl,6,real_hardware
43.59,-0.009,0.257,0.955,-8.875,-3.0,0.5,565.0572693047874,standing_up,adl,6,real_hardware
43.595,-0.013,0.259,0.953,-2.5,0.75,2.0,565.046767744813,standing_up,adl,6,real_hardware
43.6,-0.007,0.257,0.953,-6.5,1.625,4.625,565.046767744813,standing_up,adl,6,real_hardware
43.605,-0.013,0.253,0.958,1.625,0.375,1.75,565.0362659754035,standing_up,adl,6,real_hardware
43.61,-0.011,0.251,0.957,2.625,1.125,-4.0,565.0517527434255,standing_up,adl,6,real_hardware
43.615,-0.011,0.257,0.947,-0.75,2.75,-0.625,565.0517527434255,standing_up,adl,6,real_hardware
43.62,-0.015,0.259,0.957,-6.0,1.375,1.625,565.0517527434255,standing_up,adl,6,real_hardware
43.625,-0.007,0.255,0.955,3.5,5.375,0.125,565.067239519961,standing_up,adl,6,real_hardware
43.63,-0.009,0.255,0.955,-2.875,-3.875,0.375,565.067239519961,standing_up,adl,6,real_hardware
43.635,-0.011,0.253,0.957,0.625,-5.75,-4.375,565.067239519961,standing_up,adl,6,real_hardware
43.64,-0.009,0.261,0.951,5.125,-0.625,0.375,565.056737797238,standing_up,adl,6,real_hardware
43.645,-0.015,0.255,0.951,2.25,1.625,-7.625,565.0722247103502,standing_up,adl,6,real_hardware
43.65,-0.009,0.251,0.953,1.125,-7.25,-0.25,565.056737797238,standing_up,adl,6,real_hardware
43.655,-0.013,0.259,0.953,-9.0,-3.125,0.0,565.056737797238,standing_up,adl,6,real_hardware
43.66,-0.011,0.261,0.951,-3.625,-6.625,0.5,565.056737797238,standing_up,adl,6,real_hardware
43.665,-0.011,0.248,0.951,1.875,0.625,2.25,565.056737797238,standing_up,adl,6,real_hardware
43.67,-0.009,0.257,0.949,-2.125,6.875,-2.625,565.0617229062512,standing_up,adl,6,real_hardware
43.675,-0.009,0.251,0.953,0.25,6.375,-6.5,565.0617229062512,standing_up,adl,6,real_hardware
43.68,-0.007,0.255,0.955,4.375,-0.625,-0.875,565.056737797238,standing_up,adl,6,real_hardware
43.685,-0.007,0.255,0.951,1.5,6.0,0.25,565.056737797238,standing_up,adl,6,real_hardware
43.69,-0.007,0.261,0.947,4.75,-1.5,-2.25,565.0517527434255,standing_up,adl,6,real_hardware
43.695,-0.009,0.251,0.955,6.125,-2.875,-6.875,565.0412508926398,standing_up,adl,6,real_hardware
43.7,-0.013,0.257,0.955,3.0,2.75,-5.75,565.0362659754035,standing_up,adl,6,real_hardware
43.705,-0.011,0.251,0.955,2.125,-1.75,2.875,565.0312811133659,standing_up,adl,6,real_hardware
43.71,-0.009,0.259,0.955,0.5,-0.25,1.125,565.0312811133659,standing_up,adl,6,real_hardware
43.715,-0.015,0.253,0.951,-2.125,-5.25,-3.5,565.0312811133659,standing_up,adl,6,real_hardware
43.72,-0.007,0.253,0.953,0.375,0.875,0.5,565.0362659754035,standing_up,adl,6,real_hardware
43.725,-0.011,0.253,0.951,2.75,-2.625,1.25,565.0362659754035,standing_up,adl,6,real_hardware
43.73,-0.015,0.251,0.949,-1.375,6.0,-6.875,565.0362659754035,standing_up,adl,6,real_hardware
43.735,-0.013,0.253,0.951,-0.375,3.75,-6.0,565.0517527434255,standing_up,adl,6,real_hardware
43.74,-0.013,0.257,0.951,-3.0,-2.125,5.25,565.056737797238,standing_up,adl,6,real_hardware
43.745,-0.009,0.253,0.947,6.375,1.75,-4.0,565.0412508926398,standing_up,adl,6,real_hardware
43.75,-0.011,0.253,0.949,-3.5,-1.125,4.25,565.056737797238,standing_up,adl,6,real_hardware
43.755,-0.015,0.255,0.955,-0.125,1.375,-2.625,565.0412508926398,standing_up,adl,6,real_hardware
43.76,-0.011,0.257,0.953,3.125,-1.125,-8.125,565.0412508926398,standing_up,adl,6,real_hardware
43.765,-0.009,0.257,0.953,3.375,-6.75,-3.125,565.0362659754035,standing_up,adl,6,real_hardware
43.77,-0.011,0.259,0.953,5.875,3.0,-3.875,565.0362659754035,standing_up,adl,6,real_hardware
43.775,-0.015,0.257,0.955,3.0,6.75,3.375,565.046767744813,standing_up,adl,6,real_hardware
43.78,-0.007,0.253,0.945,7.75,-0.5,-4.0,565.0312811133659,standing_up,adl,6,real_hardware
43.785,-0.011,0.257,0.947,0.0,-0.625,1.0,565.0362659754035,standing_up,adl,6,real_hardware
43.79,-0.011,0.255,0.947,-2.0,2.625,3.625,565.056737797238,standing_up,adl,6,real_hardware
43.795,-0.013,0.255,0.957,-0.375,-0.375,-0.75,565.056737797238,standing_up,adl,6,real_hardware
43.8,-0.013,0.253,0.962,1.625,-5.25,-3.25,565.0412508926398,standing_up,adl,6,real_hardware
43.805,-0.013,0.257,0.955,-1.125,-8.25,3.125,565.0412508926398,standing_up,adl,6,real_hardware
43.81,-0.009,0.263,0.957,4.125,0.0,1.625,565.0362659754035,standing_up,adl,6,real_hardware
43.815,-0.011,0.257,0.949,-6.0,6.625,-1.75,565.0362659754035,standing_up,adl,6,real_hardware
43.82,-0.013,0.251,0.943,5.0,3.25,5.625,565.0312811133659,standing_up,adl,6,real_hardware
43.825,-0.007,0.261,0.947,-2.125,-4.25,-7.375,565.0262963065268,standing_up,adl,6,real_hardware
43.83,-0.011,0.259,0.953,1.375,8.5,1.125,565.0262963065268,standing_up,adl,6,real_hardware
43.835,-0.015,0.261,0.941,-5.75,0.75,8.5,565.0157944904323,standing_up,adl,6,real_hardware
43.84,-0.007,0.257,0.941,-0.75,-0.5,2.375,565.0157944904323,standing_up,adl,6,real_hardware
43.845,-0.011,0.257,0.941,0.75,5.125,-7.125,565.0157944904323,standing_up,adl,6,real_hardware
43.85,-0.011,0.257,0.949,0.5,7.375,-6.625,565.0157944904323,standing_up,adl,6,real_hardware
43.855,-0.007,0.259,0.951,-2.875,-1.875,1.25,565.0108098201665,standing_up,adl,6,real_hardware
43.86,-0.001,0.261,0.962,-2.25,3.25,9.875,565.0157944904323,standing_up,adl,6,real_hardware
43.865,-0.005,0.261,0.937,-6.875,1.0,6.875,565.0207792158951,standing_up,adl,6,real_hardware
43.87,-0.007,0.259,0.933,-1.375,4.25,4.0,565.0207792158951,standing_up,adl,6,real_hardware
43.875,-0.011,0.261,0.927,2.75,-1.125,2.875,565.0207792158951,standing_up,adl,6,real_hardware
43.88,-0.007,0.263,0.925,-0.875,0.125,-2.5,565.0207792158951,standing_up,adl,6,real_hardware
43.885,-0.007,0.265,0.912,-5.25,-1.25,-3.75,565.0207792158951,standing_up,adl,6,real_hardware
43.89,-0.003,0.251,0.906,9.5,4.625,-2.625,565.0207792158951,standing_up,adl,6,real_hardware
43.895,-0.003,0.244,0.859,4.75,-5.5,-3.0,565.0207792158951,standing_up,adl,6,real_hardware
43.9,0.009,0.261,0.906,5.75,-1.125,-5.25,565.0052924649004,standing_up,adl,6,real_hardware
43.905,0.009,0.257,0.91,-1.375,-1.875,2.25,565.0052924649004,standing_up,adl,6,real_hardware
43.91,0.011,0.253,0.919,4.0,3.125,2.5,564.9898057224193,standing_up,adl,6,real_hardware
43.915,0.009,0.244,0.923,-1.875,4.75,-3.5,564.9743189884517,standing_up,adl,6,real_hardware
43.92,0.005,0.255,0.941,0.75,9.125,-3.375,564.9793033593844,standing_up,adl,6,real_hardware
43.925,0.001,0.251,0.968,-0.875,0.75,1.125,564.9483296438394,standing_up,adl,6,real_hardware
43.93,-0.007,0.259,0.986,2.375,2.5,3.375,564.9328427988374,standing_up,adl,6,real_hardware
43.935,-0.025,0.267,1.013,8.0,-0.5,-2.75,564.912372137718,standing_up,adl,6,real_hardware
43.94,-0.037,0.273,1.029,9.0,8.125,-2.625,564.9173559623493,standing_up,adl,6,real_hardware
43.945,-0.046,0.275,1.025,-0.375,0.625,-1.125,564.901869134375,standing_up,adl,6,real_hardware
43.95,-0.042,0.269,1.023,-1.125,5.25,-1.5,564.8863823149145,standing_up,adl,6,real_hardware
43.955,-0.042,0.273,1.011,1.25,-3.125,0.25,564.8708955039676,standing_up,adl,6,real_hardware
43.96,-0.027,0.271,1.003,-1.375,-3.25,-2.25,564.8708955039676,standing_up,adl,6,real_hardware
43.965,-0.021,0.269,0.978,-1.875,-6.375,0.0,564.8554087015347,standing_up,adl,6,real_hardware
43.97,-0.009,0.263,0.976,-1.125,-1.625,1.625,564.8554087015347,standing_up,adl,6,real_hardware
43.975,0.001,0.259,0.958,-1.875,4.25,3.5,564.8554087015347,standing_up,adl,6,real_hardware
43.98,0.0,0.259,0.953,-1.0,2.125,2.5,564.8399219076153,standing_up,adl,6,real_hardware
43.985,0.0,0.251,0.953,-6.25,0.625,-4.25,564.8349387658573,standing_up,adl,6,real_hardware
43.99,-0.007,0.257,0.953,-7.625,-1.5,3.25,564.8349387658573,standing_up,adl,6,real_hardware
43.995,-0.005,0.261,0.949,9.5,-0.5,-4.0,564.8349387658573,standing_up,adl,6,real_hardware
44.0,-0.003,0.261,0.955,-6.375,2.0,1.375,564.8349387658573,standing_up,adl,6,real_hardware
44.005,-0.001,0.261,0.953,2.875,1.25,-2.875,564.8349387658573,standing_up,adl,6,real_hardware
44.01,-0.003,0.257,0.957,11.5,1.75,10.25,564.8194521170259,standing_up,adl,6,real_hardware
44.015,0.001,0.261,0.951,0.375,3.75,4.875,564.8194521170259,standing_up,adl,6,real_hardware
44.02,-0.003,0.267,0.955,9.375,4.25,0.5,564.8349387658573,standing_up,adl,6,real_hardware
44.025,-0.003,0.259,0.945,3.0,8.75,-4.0,564.8349387658573,standing_up,adl,6,real_hardware
44.03,-0.003,0.259,0.951,-3.25,3.625,-0.625,564.8349387658573,standing_up,adl,6,real_hardware
44.035,-0.007,0.265,0.958,1.5,3.375,-0.25,564.8299556792797,standing_up,adl,6,real_hardware
44.04,-0.011,0.257,0.957,12.0,4.875,2.75,564.8194521170259,standing_up,adl,6,real_hardware
44.045,-0.003,0.259,0.957,-6.75,1.125,10.0,564.8194521170259,standing_up,adl,6,real_hardware
44.05,-0.003,0.261,0.96,4.5,4.875,6.5,564.8194521170259,standing_up,adl,6,real_hardware
44.055,-0.005,0.263,0.957,-2.0,5.5,-4.0,564.8039654767083,standing_up,adl,6,real_hardware
44.06,-0.011,0.263,0.945,-3.625,9.625,-1.25,564.8039654767083,standing_up,adl,6,real_hardware
44.065,-0.009,0.257,0.945,10.625,9.25,-6.5,564.8039654767083,standing_up,adl,6,real_hardware
44.07,-0.007,0.259,0.943,-0.375,5.5,-0.25,564.8039654767083,standing_up,adl,6,real_hardware
44.075,-0.009,0.263,0.939,2.125,5.0,1.125,564.8039654767083,standing_up,adl,6,real_hardware
44.08,-0.009,0.265,0.951,-9.125,7.0,-5.75,564.8089483453181,standing_up,adl,6,real_hardware
44.085,-0.005,0.257,0.96,0.0,8.375,2.625,564.8089483453181,standing_up,adl,6,real_hardware
44.09,0.0,0.263,0.951,6.75,11.75,-2.125,564.8089483453181,standing_up,adl,6,real_hardware
44.095,-0.003,0.257,0.951,-3.625,7.375,-6.75,564.8039654767083,standing_up,adl,6,real_hardware
44.1,-0.011,0.267,0.949,2.875,9.25,0.25,564.7884788449043,standing_up,adl,6,real_hardware
44.105,-0.015,0.265,0.949,-2.25,10.125,2.0,564.7884788449043,standing_up,adl,6,real_hardware
44.11,-0.019,0.263,0.953,4.25,5.5,-6.0,564.7884788449043,standing_up,adl,6,real_hardware
44.115,-0.019,0.265,0.947,-1.375,7.5,-5.875,564.8089483453181,standing_up,adl,6,real_hardware
44.12,-0.027,0.261,0.949,-0.5,9.0,-2.625,564.8089483453181,standing_up,adl,6,real_hardware
44.125,-0.031,0.261,0.949,-4.875,13.875,2.625,564.7934615769402,standing_up,adl,6,real_hardware
44.13,-0.025,0.259,0.955,-0.625,4.875,-2.125,564.7934615769402,standing_up,adl,6,real_hardware
44.135,-0.027,0.261,0.949,-4.875,6.125,1.0,564.7934615769402,standing_up,adl,6,real_hardware
44.14,-0.035,0.259,0.953,2.125,8.5,-2.25,564.7884788449043,standing_up,adl,6,real_hardware
44.145,-0.033,0.255,0.945,-2.125,6.375,-4.25,564.7735309798531,standing_up,adl,6,real_hardware
44.15,-0.033,0.261,0.947,0.125,9.625,-2.125,564.7785135463613,standing_up,adl,6,real_hardware
44.155,-0.039,0.253,0.945,-5.75,5.75,-7.625,564.7680096813266,standing_up,adl,6,real_hardware
44.16,-0.037,0.257,0.945,-4.0,6.0,1.125,564.7834961680446,standing_up,adl,6,real_hardware
44.165,-0.042,0.255,0.949,-3.125,11.125,-12.0,564.7680096813266,standing_up,adl,6,real_hardware
44.17,-0.046,0.259,0.941,-1.25,10.875,-4.75,564.7525232031221,standing_up,adl,6,real_hardware
44.175,-0.048,0.259,0.939,3.875,12.0,-5.375,564.7525232031221,standing_up,adl,6,real_hardware
44.18,-0.041,0.263,0.935,-0.875,-0.875,-1.25,564.7525232031221,standing_up,adl,6,real_hardware
44.185,-0.041,0.259,0.937,4.25,5.25,-6.125,564.7525232031221,standing_up,adl,6,real_hardware
44.19,-0.035,0.257,0.943,5.125,16.375,-1.625,564.7525232031221,standing_up,adl,6,real_hardware
44.195,-0.042,0.257,0.958,-3.75,6.25,-3.875,564.7525232031221,standing_up,adl,6,real_hardware
44.2,-0.033,0.251,0.958,-3.75,7.875,-2.375,564.7475408545804,standing_up,adl,6,real_hardware
44.205,-0.029,0.255,0.953,-1.875,-0.25,2.625,564.7475408545804,standing_up,adl,6,real_hardware
44.21,-0.029,0.251,0.947,5.125,3.125,2.75,564.7475408545804,standing_up,adl,6,real_hardware
44.215,-0.031,0.257,0.941,-1.75,12.875,5.125,564.7370367334311,standing_up,adl,6,real_hardware
44.22,-0.033,0.257,0.941,-1.0,-1.5,8.375,564.73205452146,standing_up,adl,6,real_hardware
44.225,-0.037,0.257,0.945,1.75,8.5,4.125,564.7370367334311,standing_up,adl,6,real_hardware
44.23,-0.037,0.259,0.947,-1.875,3.125,2.375,564.73205452146,standing_up,adl,6,real_hardware
44.235,-0.044,0.253,0.949,0.125,1.0,0.25,564.73205452146,standing_up,adl,6,real_hardware
44.24,-0.052,0.259,0.953,-2.125,9.125,2.75,564.73205452146,standing_up,adl,6,real_hardware
44.245,-0.05,0.263,0.951,-1.75,2.0,6.5,564.73205452146,standing_up,adl,6,real_hardware
44.25,-0.052,0.261,0.951,-4.125,3.375,2.875,564.73205452146,standing_up,adl,6,real_hardware
44.255,-0.05,0.255,0.951,-5.375,6.0,4.0,564.7115861766224,standing_up,adl,6,real_hardware
44.26,-0.05,0.259,0.947,2.0,2.25,2.375,564.716568196853,standing_up,adl,6,real_hardware
44.265,-0.052,0.267,0.955,1.75,3.75,1.375,564.7115861766224,standing_up,adl,6,real_hardware
44.27,-0.05,0.259,0.947,0.75,1.875,-2.375,564.7115861766224,standing_up,adl,6,real_hardware
44.275,-0.044,0.263,0.953,-3.0,2.5,0.0,564.7270723646602,standing_up,adl,6,real_hardware
44.28,-0.042,0.259,0.949,-2.875,-0.375,0.0,564.6966404469454,standing_up,adl,6,real_hardware
44.285,-0.035,0.263,0.947,-9.625,-2.625,4.75,564.7171082165729,standing_up,adl,6,real_hardware
44.29,-0.037,0.259,0.937,6.375,-2.625,-3.625,564.7220902630314,standing_up,adl,6,real_hardware
44.295,-0.042,0.253,0.943,-3.875,8.5,-3.125,564.7220902630314,standing_up,adl,6,real_hardware
44.3,-0.039,0.251,0.943,1.375,0.0,4.625,564.7220902630314,standing_up,adl,6,real_hardware
44.305,-0.048,0.242,0.955,-1.5,1.125,-4.5,564.7270723646602,standing_up,adl,6,real_hardware
44.31,-0.052,0.244,0.97,-2.0,5.375,-3.375,564.7270723646602,standing_up,adl,6,real_hardware
44.315,-0.062,0.248,0.978,2.75,0.5,-6.875,564.7270723646602,standing_up,adl,6,real_hardware
44.32,-0.068,0.259,0.986,-1.625,-0.5,-0.75,564.7270723646602,standing_up,adl,6,real_hardware
44.325,-0.068,0.259,0.986,2.25,2.875,-3.25,564.73205452146,standing_up,adl,6,real_hardware
44.33,-0.066,0.265,0.994,4.125,-1.0,-3.875,564.73205452146,standing_up,adl,6,real_hardware
44.335,-0.068,0.271,1.001,-0.75,1.375,2.0,564.73205452146,standing_up,adl,6,real_hardware
44.34,-0.06,0.265,0.988,-4.25,-5.25,3.75,564.73205452146,standing_up,adl,6,real_hardware
44.345,-0.05,0.259,0.97,1.25,-10.25,-4.5,564.7215502722534,standing_up,adl,6,real_hardware
44.35,-0.037,0.261,0.964,1.375,-5.875,-0.875,564.7215502722534,standing_up,adl,6,real_hardware
44.355,-0.027,0.265,0.949,0.5,0.375,2.5,564.7370367334311,standing_up,adl,6,real_hardware
44.36,-0.027,0.253,0.941,-0.625,0.625,-2.375,564.7265324028243,standing_up,adl,6,real_hardware
44.365,-0.023,0.251,0.931,0.375,-0.5,0.5,564.7265324028243,standing_up,adl,6,real_hardware
44.37,-0.019,0.255,0.923,3.625,3.5,-5.375,564.7265324028243,standing_up,adl,6,real_hardware
44.375,-0.027,0.253,0.921,-8.625,4.25,-0.25,564.731514588566,standing_up,adl,6,real_hardware
44.38,-0.031,0.257,0.935,-0.375,4.5,5.375,564.7110458135883,standing_up,adl,6,real_hardware
44.385,-0.035,0.259,0.939,-6.25,5.875,-1.25,564.7265324028243,standing_up,adl,6,real_hardware
44.39,-0.035,0.259,0.947,5.0,2.625,2.0,564.7265324028243,standing_up,adl,6,real_hardware
44.395,-0.035,0.257,0.951,2.125,3.375,-7.0,564.7265324028243,standing_up,adl,6,real_hardware
44.4,-0.037,0.259,0.951,0.25,6.125,0.0,564.7265324028243,standing_up,adl,6,real_hardware
44.405,-0.039,0.261,0.955,1.5,9.375,0.0,564.7265324028243,standing_up,adl,6,real_hardware
44.41,-0.039,0.25,0.955,9.0,6.125,2.5,564.7265324028243,standing_up,adl,6,real_hardware
44.415,-0.041,0.259,0.96,-1.75,2.625,-2.25,564.7115861766224,standing_up,adl,6,real_hardware
44.42,-0.044,0.253,0.964,2.75,1.0,3.25,564.7010818807591,standing_up,adl,6,real_hardware
44.425,-0.044,0.261,0.972,-1.0,12.25,-2.0,564.7060638195893,standing_up,adl,6,real_hardware
44.43,-0.041,0.265,0.966,-2.5,-2.875,1.625,564.7060638195893,standing_up,adl,6,real_hardware
44.435,-0.042,0.259,0.976,2.75,8.125,-8.5,564.7110458135883,standing_up,adl,6,real_hardware
44.44,-0.039,0.269,0.982,-1.25,1.375,-3.5,564.7160278627568,standing_up,adl,6,real_hardware
44.445,-0.041,0.261,0.97,0.625,9.375,-1.875,564.695559232866,standing_up,adl,6,real_hardware
44.45,-0.042,0.265,0.98,-0.25,4.875,-0.25,564.6606873893768,standing_up,adl,6,real_hardware
44.455,-0.044,0.267,0.98,1.0,19.0,-1.875,564.6606873893768,standing_up,adl,6,real_hardware
44.46,-0.042,0.265,0.978,1.5,14.125,-2.875,564.6557059181126,standing_up,adl,6,real_hardware
44.465,-0.046,0.261,0.978,-2.125,8.375,-1.375,564.6656689158058,standing_up,adl,6,real_hardware
44.47,-0.054,0.269,0.976,2.875,9.625,-4.0,564.6656689158058,standing_up,adl,6,real_hardware
44.475,-0.052,0.263,0.968,6.75,16.875,-5.75,564.6706504974,standing_up,adl,6,real_hardware
44.48,-0.054,0.257,0.949,6.125,15.125,-8.25,564.6601461082288,standing_up,adl,6,real_hardware
44.485,-0.058,0.257,0.962,10.0,12.25,0.0,564.6446600908107,standing_up,adl,6,real_hardware
44.49,-0.062,0.257,0.962,8.375,13.25,0.0,564.6446600908107,standing_up,adl,6,real_hardware
44.495,-0.07,0.265,0.97,10.375,10.625,-7.375,564.6446600908107,standing_up,adl,6,real_hardware
44.5,-0.064,0.316,1.0,4.25,12.0,-14.75,564.6341553641303,standing_up,adl,6,real_hardware
44.505,-0.078,0.283,0.994,4.75,7.25,-8.375,564.6341553641303,standing_up,adl,6,real_hardware
44.51,-0.082,0.287,1.001,9.25,9.125,-4.75,564.6341553641303,standing_up,adl,6,real_hardware
44.515,-0.087,0.294,1.005,2.25,7.625,-11.875,564.6341553641303,standing_up,adl,6,real_hardware
44.52,-0.083,0.291,1.009,0.375,4.25,-11.25,564.6341553641303,standing_up,adl,6,real_hardware
44.525,-0.085,0.285,1.001,-0.125,6.125,-9.125,564.6341553641303,standing_up,adl,6,real_hardware
44.53,-0.082,0.275,1.001,-8.625,3.0,-10.125,564.6341553641303,standing_up,adl,6,real_hardware
44.535,-0.085,0.275,0.998,-1.875,5.875,-15.0,564.6341553641303,standing_up,adl,6,real_hardware
44.54,-0.082,0.294,1.001,4.5,3.25,-3.875,564.6546229835578,standing_up,adl,6,real_hardware
44.545,-0.087,0.302,1.007,-8.5,9.625,-11.625,564.6701092741117,standing_up,adl,6,real_hardware
44.55,-0.091,0.298,1.013,-11.75,7.75,-9.125,564.6855955731787,standing_up,adl,6,real_hardware
44.555,-0.082,0.283,0.996,-14.125,12.375,-2.875,564.6662098536406,standing_up,adl,6,real_hardware
44.56,-0.085,0.253,0.988,-2.625,8.75,-8.0,564.7121262252842,standing_up,adl,6,real_hardware
44.565,-0.085,0.3,1.003,-7.75,15.25,-7.75,564.7325941399897,standing_up,adl,6,real_hardware
44.57,-0.048,0.017,0.888,-22.125,12.5,-14.125,564.753062391511,standing_up,adl,6,real_hardware
44.575,-0.097,0.296,1.035,-29.25,10.875,-16.875,564.7735309798531,standing_up,adl,6,real_hardware
44.58,-0.087,0.337,1.025,-30.75,8.875,-12.875,564.7939999050217,standing_up,adl,6,real_hardware
44.585,-0.099,0.261,0.994,-33.0,10.5,-21.625,564.8299556792797,standing_up,adl,6,real_hardware
44.59,-0.111,0.25,1.087,-38.0,8.375,-11.875,564.8504254232021,standing_up,adl,6,real_hardware
44.595,-0.113,0.255,1.054,-39.375,10.375,-20.125,564.8813987634328,standing_up,adl,6,real_hardware
44.6,-0.101,0.234,1.046,-37.0,10.75,-12.375,564.912372137718,standing_up,adl,6,real_hardware
44.605,-0.089,0.244,1.048,-46.0,11.0,-17.0,564.9433455460576,standing_up,adl,6,real_hardware
44.61,-0.113,0.271,1.052,-44.5,7.875,-12.375,564.9588322629979,standing_up,adl,6,real_hardware
44.615,-0.103,0.279,1.039,-45.5,9.125,-14.0,564.9793033593844,standing_up,adl,6,real_hardware
44.62,-0.107,0.291,1.041,-50.25,4.125,-5.0,564.9947902299276,standing_up,adl,6,real_hardware
44.625,-0.117,0.238,1.033,-50.375,8.625,-13.375,565.0257639965553,standing_up,adl,6,real_hardware
44.63,-0.107,0.335,1.035,-48.5,7.125,-12.125,565.0517527434255,standing_up,adl,6,real_hardware
44.635,-0.134,0.271,1.046,-55.0,5.75,-5.875,565.0722247103502,standing_up,adl,6,real_hardware
44.64,-0.142,0.3,1.054,-44.0,3.375,-21.625,565.0877116319758,standing_up,adl,6,real_hardware
44.645,-0.14,0.228,1.041,-45.875,5.5,-5.5,565.1031985621154,standing_up,adl,6,real_hardware
44.65,-0.167,0.269,1.062,-42.0,4.5,-10.5,565.0982130985732,standing_up,adl,6,real_hardware
44.655,-0.166,0.265,1.076,-43.75,3.125,-4.875,565.1136999006496,standing_up,adl,6,real_hardware
44.66,-0.144,0.294,1.082,-38.25,3.25,-14.25,565.1291867112398,standing_up,adl,6,real_hardware
44.665,-0.156,0.296,1.085,-38.125,7.0,-15.0,565.1291867112398,standing_up,adl,6,real_hardware
44.67,-0.158,0.255,1.101,-47.25,1.75,-16.0,565.1291867112398,standing_up,adl,6,real_hardware
44.675,-0.183,0.267,1.083,-44.75,4.5,-12.875,565.1446735303434,standing_up,adl,6,real_hardware
44.68,-0.162,0.218,1.082,-43.5,12.0,-8.0,565.1446735303434,standing_up,adl,6,real_hardware
44.685,-0.171,0.271,1.062,-45.125,7.0,-13.25,565.134701949422,standing_up,adl,6,real_hardware
44.69,-0.169,0.242,1.066,-44.375,11.5,-18.75,565.1297162417732,standing_up,adl,6,real_hardware
44.695,-0.173,0.246,1.068,-35.625,16.625,-23.75,565.1452026596669,standing_up,adl,6,real_hardware
44.7,-0.167,0.22,1.07,-34.625,29.125,-21.25,565.1452026596669,standing_up,adl,6,real_hardware
44.705,-0.164,0.203,1.083,-31.5,23.75,-23.625,565.1452026596669,standing_up,adl,6,real_hardware
44.71,-0.173,0.199,1.089,-36.625,22.125,-18.75,565.1606890860738,standing_up,adl,6,real_hardware
44.715,-0.177,0.181,1.074,-40.0,26.125,-22.0,565.1606890860738,standing_up,adl,6,real_hardware
44.72,-0.179,0.191,1.085,-32.0,16.25,-15.5,565.1656750668692,standing_up,adl,6,real_hardware
44.725,-0.181,0.187,1.097,-45.375,16.75,-9.875,565.1811616383628,standing_up,adl,6,real_hardware
44.73,-0.185,0.199,1.113,-28.75,20.75,-16.5,565.1811616383628,standing_up,adl,6,real_hardware
44.735,-0.187,0.185,1.111,-35.5,15.375,-3.25,565.1966482183698,standing_up,adl,6,real_hardware
44.74,-0.195,0.179,1.103,-28.125,17.25,-12.125,565.1966482183698,standing_up,adl,6,real_hardware
44.745,-0.181,0.162,1.089,-37.875,10.375,-9.625,565.1966482183698,standing_up,adl,6,real_hardware
44.75,-0.162,0.15,1.076,-23.625,12.25,-11.0,565.2121348068899,standing_up,adl,6,real_hardware
44.755,-0.14,0.148,1.08,-29.625,9.375,-0.875,565.2171212526206,standing_up,adl,6,real_hardware
44.76,-0.113,0.136,1.066,-27.5,12.875,-11.625,565.2171212526206,standing_up,adl,6,real_hardware
44.765,-0.097,0.132,1.068,-31.875,9.125,-16.125,565.2171212526206,standing_up,adl,6,real_hardware
44.77,-0.083,0.14,1.046,-27.5,7.625,-4.875,565.2375946237518,standing_up,adl,6,real_hardware
44.775,-0.07,0.132,1.015,-31.25,3.125,-9.5,565.2375946237518,standing_up,adl,6,real_hardware
44.78,-0.072,0.126,1.007,-23.875,8.125,-3.375,565.2375946237518,standing_up,adl,6,real_hardware
44.785,-0.089,0.125,1.003,-20.75,13.25,-4.0,565.2375946237518,standing_up,adl,6,real_hardware
44.79,-0.101,0.121,0.994,-28.25,3.625,-4.0,565.2375946237518,standing_up,adl,6,real_hardware
44.795,-0.123,0.115,0.988,-21.25,5.125,2.125,565.2375946237518,standing_up,adl,6,real_hardware
44.8,-0.144,0.109,0.998,-19.0,4.875,1.25,565.2375946237518,standing_up,adl,6,real_hardware
44.805,-0.171,0.107,1.009,-34.125,-2.0,-4.0,565.2530815024509,standing_up,adl,6,real_hardware
44.81,-0.187,0.109,1.005,-25.625,0.875,0.125,565.2530815024509,standing_up,adl,6,real_hardware
44.815,-0.199,0.109,1.005,-35.125,4.25,2.875,565.2530815024509,standing_up,adl,6,real_hardware
44.82,-0.212,0.117,0.994,-26.625,-0.125,-4.0,565.2530815024509,standing_up,adl,6,real_hardware
44.825,-0.226,0.115,0.99,-26.0,0.375,-4.5,565.2685683896636,standing_up,adl,6,real_hardware
44.83,-0.228,0.111,0.988,-23.375,-3.25,-6.5,565.2685683896636,standing_up,adl,6,real_hardware
44.835,-0.224,0.107,0.982,-25.0,-0.5,1.125,565.2685683896636,standing_up,adl,6,real_hardware
44.84,-0.222,0.099,0.982,-28.5,1.875,-5.5,565.2635814789874,standing_up,adl,6,real_hardware
44.845,-0.203,0.097,0.978,-24.75,1.625,-6.5,565.2685683896636,standing_up,adl,6,real_hardware
44.85,-0.185,0.103,0.97,-21.5,-0.5,-5.75,565.2685683896636,standing_up,adl,6,real_hardware
44.855,-0.173,0.097,0.984,-25.375,11.375,1.625,565.2685683896636,standing_up,adl,6,real_hardware
44.86,-0.166,0.101,1.001,-22.75,12.25,3.625,565.28405528539,standing_up,adl,6,real_hardware
44.865,-0.16,0.085,1.003,-15.625,8.375,-2.125,565.2790682381366,standing_up,adl,6,real_hardware
44.87,-0.152,0.083,1.011,-23.625,15.25,1.125,565.2995421896298,standing_up,adl,6,real_hardware
44.875,-0.15,0.089,1.013,-24.125,10.625,8.0,565.28405528539,standing_up,adl,6,real_hardware
44.88,-0.144,0.083,1.013,-27.875,2.125,-9.625,565.28405528539,standing_up,adl,6,real_hardware
44.885,-0.138,0.074,1.017,-25.75,5.375,-8.0,565.28405528539,standing_up,adl,6,real_hardware
44.89,-0.138,0.076,1.025,-28.375,-1.125,-4.0,565.2890423878641,standing_up,adl,6,real_hardware
44.895,-0.128,0.07,1.033,-25.25,5.625,-5.75,565.28405528539,standing_up,adl,6,real_hardware
44.9,-0.13,0.08,1.042,-29.0,9.75,-6.25,565.3045294286828,standing_up,adl,6,real_hardware
44.905,-0.121,0.078,1.037,-30.75,5.375,2.375,565.3045294286828,standing_up,adl,6,real_hardware
44.91,-0.126,0.072,1.046,-25.75,1.875,-9.125,565.3045294286828,standing_up,adl,6,real_hardware
44.915,-0.134,0.07,1.052,-34.375,2.75,-2.875,565.3045294286828,standing_up,adl,6,real_hardware
44.92,-0.144,0.076,1.052,-34.125,3.25,-3.25,565.3045294286828,standing_up,adl,6,real_hardware
44.925,-0.154,0.072,1.062,-33.0,8.75,-3.875,565.3200164780151,standing_up,adl,6,real_hardware
44.93,-0.166,0.066,1.056,-28.625,13.125,-7.375,565.3150291023834,standing_up,adl,6,real_hardware
44.935,-0.175,0.068,1.07,-30.75,7.0,-1.375,565.3150291023834,standing_up,adl,6,real_hardware
44.94,-0.191,0.078,1.076,-25.125,10.75,-7.25,565.3150291023834,standing_up,adl,6,real_hardware
44.945,-0.207,0.068,1.078,-30.25,13.0,-1.25,565.3200164780151,standing_up,adl,6,real_hardware
44.95,-0.226,0.06,1.093,-31.0,5.875,-4.75,565.3200164780151,standing_up,adl,6,real_hardware
44.955,-0.242,0.066,1.099,-39.5,2.5,-5.625,565.3200164780151,standing_up,adl,6,real_hardware
44.96,-0.25,0.074,1.093,-36.125,8.125,-10.75,565.3200164780151,standing_up,adl,6,real_hardware
44.965,-0.255,0.083,1.111,-29.75,3.5,-8.0,565.3355035358613,standing_up,adl,6,real_hardware
44.97,-0.25,0.091,1.095,-30.5,7.0,-3.0,565.3355035358613,standing_up,adl,6,real_hardware
44.975,-0.232,0.099,1.085,-34.25,5.375,-1.0,565.3355035358613,standing_up,adl,6,real_hardware
44.98,-0.21,0.091,1.072,-22.0,1.375,-0.75,565.3355035358613,standing_up,adl,6,real_hardware
44.985,-0.199,0.082,1.058,-22.75,3.125,-4.625,565.3355035358613,standing_up,adl,6,real_hardware
44.99,-0.183,0.087,1.06,-19.125,-0.125,-6.125,565.3355035358613,standing_up,adl,6,real_hardware
44.995,-0.171,0.099,1.054,-28.5,5.0,2.0,565.3355035358613,standing_up,adl,6,real_hardware
45.0,-0.167,0.103,1.035,-25.0,2.375,1.5,565.3355035358613,standing_up,adl,6,real_hardware
45.005,-0.169,0.095,1.023,-19.625,-3.0,4.625,565.3305160236505,standing_up,adl,6,real_hardware
45.01,-0.177,0.087,1.015,-22.875,-7.625,5.125,565.3355035358613,standing_up,adl,6,real_hardware
45.015,-0.183,0.097,1.013,-19.625,4.0,8.0,565.350990602221,standing_up,adl,6,real_hardware
45.02,-0.185,0.105,1.001,-8.375,8.375,7.875,565.350990602221,standing_up,adl,6,real_hardware
45.025,-0.189,0.103,0.992,-9.875,4.625,4.125,565.3460029534313,standing_up,adl,6,real_hardware
45.03,-0.173,0.105,0.96,-8.125,-2.5,13.875,565.350990602221,standing_up,adl,6,real_hardware
45.035,-0.16,0.103,0.958,2.0,6.875,7.0,565.350990602221,standing_up,adl,6,real_hardware
45.04,-0.156,0.101,0.943,5.0,2.625,13.625,565.3664776770947,standing_up,adl,6,real_hardware
45.045,-0.134,0.105,0.929,5.125,6.125,9.0,565.3614898917258,standing_up,adl,6,real_hardware
45.05,-0.144,0.101,0.927,3.0,3.5,13.5,565.3614898917258,standing_up,adl,6,real_hardware
45.055,-0.132,0.105,0.933,12.75,-4.125,11.75,565.350990602221,standing_up,adl,6,real_hardware
45.06,-0.121,0.103,0.935,9.625,-1.0,10.375,565.350990602221,standing_up,adl,6,real_hardware
45.065,-0.121,0.105,0.943,8.75,1.125,8.0,565.3355035358613,standing_up,adl,6,real_hardware
45.07,-0.119,0.101,0.927,17.375,1.75,18.625,565.3355035358613,standing_up,adl,6,real_hardware
45.075,-0.111,0.105,0.912,8.875,-3.125,10.625,565.3355035358613,standing_up,adl,6,real_hardware
45.08,-0.105,0.099,0.902,19.625,-8.75,17.75,565.3200164780151,standing_up,adl,6,real_hardware
45.085,-0.093,0.095,0.898,13.625,-3.125,20.375,565.3355035358613,standing_up,adl,6,real_hardware
45.09,-0.087,0.078,0.88,14.375,-7.375,17.0,565.3355035358613,standing_up,adl,6,real_hardware
45.095,-0.089,0.054,0.884,20.75,-8.75,15.75,565.350990602221,standing_up,adl,6,real_hardware
45.1,-0.093,0.054,0.89,14.125,-13.5,27.0,565.350990602221,standing_up,adl,6,real_hardware
45.105,-0.087,0.052,0.894,20.125,-12.0,15.5,565.3355035358613,standing_up,adl,6,real_hardware
45.11,-0.109,0.054,0.9,26.75,-4.375,13.0,565.3355035358613,standing_up,adl,6,real_hardware
45.115,-0.121,0.06,0.912,23.875,-4.125,17.0,565.350990602221,standing_up,adl,6,real_hardware
45.12,-0.148,0.056,0.923,23.375,-4.125,11.75,565.3460029534313,standing_up,adl,6,real_hardware
45.125,-0.179,0.056,0.919,19.0,-6.25,14.5,565.3460029534313,standing_up,adl,6,real_hardware
45.13,-0.193,0.064,0.902,14.5,-4.125,14.625,565.3614898917258,standing_up,adl,6,real_hardware
45.135,-0.201,0.062,0.892,22.0,-7.0,5.625,565.3460029534313,standing_up,adl,6,real_hardware
45.14,-0.207,0.064,0.878,21.75,-5.0,9.25,565.3614898917258,standing_up,adl,6,real_hardware
45.145,-0.207,0.064,0.865,14.375,4.25,14.625,565.3614898917258,standing_up,adl,6,real_hardware
45.15,-0.208,0.066,0.875,28.0,-8.875,7.25,565.3664776770947,standing_up,adl,6,real_hardware
45.155,-0.207,0.066,0.873,18.875,-3.5,15.5,565.350990602221,standing_up,adl,6,real_hardware
45.16,-0.21,0.072,0.878,19.875,-6.625,4.875,565.350990602221,standing_up,adl,6,real_hardware
45.165,-0.208,0.087,0.888,21.75,-7.25,3.375,565.3614898917258,standing_up,adl,6,real_hardware
45.17,-0.212,0.095,0.894,29.75,-1.125,-0.5,565.3460029534313,standing_up,adl,6,real_hardware
45.175,-0.208,0.101,0.906,31.0,-1.25,5.125,565.3614898917258,standing_up,adl,6,real_hardware
45.18,-0.199,0.101,0.896,39.375,-8.625,7.875,565.3460029534313,standing_up,adl,6,real_hardware
45.185,-0.177,0.105,0.886,43.125,-5.625,16.875,565.3460029534313,standing_up,adl,6,real_hardware
45.19,-0.167,0.109,0.878,36.875,-6.125,5.375,565.3614898917258,standing_up,adl,6,real_hardware
45.195,-0.146,0.105,0.882,47.625,-2.25,11.375,565.3614898917258,standing_up,adl,6,real_hardware
45.2,-0.146,0.105,0.896,43.25,-5.25,-1.0,565.3614898917258,standing_up,adl,6,real_hardware
45.205,-0.146,0.078,0.925,44.5,-3.75,4.625,565.3614898917258,standing_up,adl,6,real_hardware
45.21,-0.156,0.062,0.939,38.375,-1.875,1.5,565.3614898917258,standing_up,adl,6,real_hardware
45.215,-0.166,0.056,0.962,35.875,2.75,-3.5,565.3614898917258,standing_up,adl,6,real_hardware
45.22,-0.177,0.052,0.978,46.375,0.625,-1.5,565.3614898917258,standing_up,adl,6,real_hardware
45.225,-0.181,0.06,0.99,44.75,3.25,0.125,565.3664776770947,standing_up,adl,6,real_hardware
45.23,-0.193,0.06,0.982,38.875,5.5,2.5,565.3664776770947,standing_up,adl,6,real_hardware
45.235,-0.185,0.064,0.976,42.5,1.875,-1.125,565.3664776770947,standing_up,adl,6,real_hardware
45.24,-0.169,0.078,0.972,29.625,0.5,2.0,565.3664776770947,standing_up,adl,6,real_hardware
45.245,-0.166,0.091,0.962,35.875,4.25,-0.625,565.3714655176923,standing_up,adl,6,real_hardware
45.25,-0.15,0.103,0.958,30.375,-1.75,5.25,565.3664776770947,standing_up,adl,6,real_hardware
45.255,-0.148,0.109,0.964,40.375,6.25,-3.125,565.3664776770947,standing_up,adl,6,real_hardware
45.26,-0.138,0.14,0.953,36.625,0.625,1.75,565.3664776770947,standing_up,adl,6,real_hardware
45.265,-0.119,0.169,0.943,38.625,-4.75,-1.25,565.3664776770947,standing_up,adl,6,real_hardware
45.27,-0.123,0.179,0.927,48.5,2.375,-0.375,565.3819647604821,standing_up,adl,6,real_hardware
45.275,-0.105,0.183,0.919,45.5,0.0,2.25,565.3869527376605,standing_up,adl,6,real_hardware
45.28,-0.109,0.173,0.917,38.5,-6.625,-1.375,565.3819647604821,standing_up,adl,6,real_hardware
45.285,-0.089,0.158,0.912,37.5,-4.0,2.0,565.3819647604821,standing_up,adl,6,real_hardware
45.29,-0.076,0.132,0.904,44.75,-1.875,-1.25,565.3819647604821,standing_up,adl,6,real_hardware
45.295,-0.068,0.117,0.904,48.0,-1.5,-1.75,565.3819647604821,standing_up,adl,6,real_hardware
45.3,-0.058,0.117,0.904,41.375,-3.75,4.25,565.3769768385338,standing_up,adl,6,real_hardware
45.305,-0.058,0.123,0.91,45.875,-10.5,6.125,565.3769768385338,standing_up,adl,6,real_hardware
45.31,-0.058,0.117,0.908,45.875,-7.125,12.25,565.3769768385338,standing_up,adl,6,real_hardware
45.315,-0.072,0.109,0.904,45.0,-14.25,2.75,565.3924637938554,standing_up,adl,6,real_hardware
45.32,-0.06,0.113,0.894,35.125,-16.0,9.0,565.3769768385338,standing_up,adl,6,real_hardware
45.325,-0.062,0.119,0.902,39.375,-9.0,5.625,565.3769768385338,standing_up,adl,6,real_hardware
45.33,-0.058,0.126,0.89,42.875,-17.25,0.5,565.3924637938554,standing_up,adl,6,real_hardware
45.335,-0.052,0.14,0.896,46.625,-14.125,9.0,565.4079507576907,standing_up,adl,6,real_hardware
45.34,-0.052,0.156,0.896,40.625,-24.375,6.5,565.3974518523833,standing_up,adl,6,real_hardware
45.345,-0.058,0.169,0.9,38.75,-17.375,11.125,565.3974518523833,standing_up,adl,6,real_hardware
45.35,-0.058,0.195,0.894,50.5,-16.875,10.0,565.4129389527982,standing_up,adl,6,real_hardware
45.355,-0.066,0.195,0.902,43.0,-14.625,7.625,565.4079507576907,standing_up,adl,6,real_hardware
45.36,-0.078,0.224,0.894,47.5,-14.75,8.25,565.4079507576907,standing_up,adl,6,real_hardware
45.365,-0.097,0.248,0.873,41.625,-7.625,7.25,565.3874757905585,standing_up,adl,6,real_hardware
45.37,-0.121,0.263,0.863,49.125,-12.375,2.75,565.3874757905585,standing_up,adl,6,real_hardware
45.375,-0.142,0.242,0.857,41.125,-10.625,10.5,565.3874757905585,standing_up,adl,6,real_hardware
45.38,-0.142,0.214,0.865,48.375,-4.125,11.25,565.4029626178155,standing_up,adl,6,real_hardware
45.385,-0.148,0.191,0.89,47.625,-7.25,6.875,565.4029626178155,standing_up,adl,6,real_hardware
45.39,-0.15,0.162,0.884,45.0,-9.5,7.375,565.4079507576907,standing_up,adl,6,real_hardware
45.395,-0.142,0.144,0.898,51.25,-16.125,6.25,565.3924637938554,standing_up,adl,6,real_hardware
45.4,-0.134,0.144,0.914,46.125,-12.125,-4.375,565.3824878424921,standing_up,adl,6,real_hardware
45.405,-0.13,0.148,0.912,39.125,-0.5,0.0,565.3924637938554,standing_up,adl,6,real_hardware
45.41,-0.099,0.173,0.921,43.5,-8.875,6.125,565.3824878424921,standing_up,adl,6,real_hardware
45.415,-0.068,0.199,0.919,37.125,-11.625,-6.25,565.3874757905585,standing_up,adl,6,real_hardware
45.42,-0.06,0.226,0.906,44.25,-4.875,2.25,565.4029626178155,standing_up,adl,6,real_hardware
45.425,-0.037,0.224,0.9,48.125,-10.25,5.125,565.4029626178155,standing_up,adl,6,real_hardware
45.43,-0.029,0.208,0.89,35.625,-9.0,-1.125,565.4079507576907,standing_up,adl,6,real_hardware
45.435,-0.017,0.197,0.89,42.5,-8.375,-4.5,565.4079507576907,standing_up,adl,6,real_hardware
45.44,-0.007,0.195,0.912,45.875,-7.125,3.0,565.4079507576907,standing_up,adl,6,real_hardware
45.445,-0.009,0.199,0.927,31.125,-8.875,-0.875,565.4079507576907,standing_up,adl,6,real_hardware
45.45,0.001,0.195,0.943,35.625,-16.875,1.0,565.4079507576907,standing_up,adl,6,real_hardware
45.455,0.0,0.179,0.955,24.375,-18.25,2.25,565.4079507576907,standing_up,adl,6,real_hardware
45.46,0.019,0.193,0.953,33.375,-18.625,4.875,565.4079507576907,standing_up,adl,6,real_hardware
45.465,0.023,0.205,0.949,33.875,-15.75,0.5,565.3924637938554,standing_up,adl,6,real_hardware
45.47,0.025,0.218,0.943,27.625,-17.625,-2.875,565.4079507576907,standing_up,adl,6,real_hardware
45.475,0.027,0.216,0.935,35.875,-16.5,2.0,565.3974518523833,standing_up,adl,6,real_hardware
45.48,0.027,0.226,0.927,32.25,-25.375,5.0,565.3974518523833,standing_up,adl,6,real_hardware
45.485,0.029,0.22,0.896,27.5,-16.5,2.75,565.3974518523833,standing_up,adl,6,real_hardware
45.49,0.029,0.24,0.892,21.875,-26.375,5.625,565.3974518523833,standing_up,adl,6,real_hardware
45.495,0.029,0.251,0.906,26.25,-27.625,-6.375,565.3974518523833,standing_up,adl,6,real_hardware
45.5,0.031,0.253,0.914,22.375,-26.75,5.375,565.4129389527982,standing_up,adl,6,real_hardware
45.505,0.025,0.253,0.919,25.5,-28.625,-3.375,565.4129389527982,standing_up,adl,6,real_hardware
45.51,0.025,0.265,0.939,8.125,-32.375,12.5,565.4129389527982,standing_up,adl,6,real_hardware
45.515,0.021,0.273,0.943,12.5,-30.5,9.25,565.4129389527982,standing_up,adl,6,real_hardware
45.52,0.021,0.281,0.949,16.75,-28.375,-0.375,565.4079507576907,standing_up,adl,6,real_hardware
45.525,0.017,0.279,0.96,13.875,-37.125,5.25,565.4129389527982,standing_up,adl,6,real_hardware
45.53,0.019,0.265,0.957,15.375,-40.25,-2.25,565.4129389527982,standing_up,adl,6,real_hardware
45.535,0.023,0.236,0.955,5.5,-32.75,0.0,565.4079507576907,standing_up,adl,6,real_hardware
45.54,0.019,0.226,0.964,10.875,-36.875,-8.625,565.3974518523833,standing_up,adl,6,real_hardware
45.545,0.005,0.205,0.968,6.875,-18.0,-3.625,565.3974518523833,standing_up,adl,6,real_hardware
45.55,-0.011,0.183,0.962,0.75,-32.875,-3.0,565.3974518523833,standing_up,adl,6,real_hardware
45.555,-0.044,0.173,0.957,0.875,-25.75,-10.125,565.3974518523833,standing_up,adl,6,real_hardware
45.56,-0.076,0.148,0.945,-4.625,-13.5,-16.25,565.3974518523833,standing_up,adl,6,real_hardware
45.565,-0.117,0.123,0.923,-6.0,-12.0,-20.375,565.3924637938554,standing_up,adl,6,real_hardware
45.57,-0.154,0.113,0.933,-9.375,-10.0,-20.375,565.4079507576907,standing_up,adl,6,real_hardware
45.575,-0.191,0.101,0.949,-24.625,3.875,-29.75,565.3924637938554,standing_up,adl,6,real_hardware
45.58,-0.222,0.083,0.935,-21.5,3.375,-26.0,565.4079507576907,standing_up,adl,6,real_hardware
45.585,-0.255,0.048,0.906,-25.25,5.875,-27.5,565.4029626178155,standing_up,adl,6,real_hardware
45.59,-0.275,0.021,0.894,-40.875,13.75,-31.25,565.3979745331723,standing_up,adl,6,real_hardware
45.595,-0.275,0.017,0.902,-41.625,19.875,-29.375,565.3824878424921,standing_up,adl,6,real_hardware
45.6,-0.287,0.031,0.896,-38.125,26.0,-34.5,565.3824878424921,standing_up,adl,6,real_hardware
45.605,-0.304,0.035,0.884,-51.875,24.375,-22.875,565.3824878424921,standing_up,adl,6,real_hardware
45.61,-0.316,0.044,0.878,-45.875,24.625,-29.375,565.3824878424921,standing_up,adl,6,real_hardware
45.615,-0.322,0.07,0.878,-50.875,37.75,-34.75,565.3824878424921,standing_up,adl,6,real_hardware
45.62,-0.316,0.109,0.898,-38.25,36.625,-33.125,565.3824878424921,standing_up,adl,6,real_hardware
45.625,-0.3,0.121,0.914,-38.75,36.5,-29.5,565.3824878424921,standing_up,adl,6,real_hardware
45.63,-0.291,0.123,0.929,-37.375,36.75,-32.875,565.3774999496557,standing_up,adl,6,real_hardware
45.635,-0.292,0.13,0.931,-34.0,40.625,-35.0,565.3675243296709,standing_up,adl,6,real_hardware
45.64,-0.312,0.148,0.923,-28.25,34.25,-34.875,565.3675243296709,standing_up,adl,6,real_hardware
45.645,-0.33,0.136,0.923,-28.625,35.625,-37.875,565.3879985295794,standing_up,adl,6,real_hardware
45.65,-0.355,0.142,0.933,-22.5,26.625,-33.0,565.3725121120488,standing_up,adl,6,real_hardware
45.655,-0.369,0.142,0.958,-26.5,21.875,-35.125,565.3774999496557,standing_up,adl,6,real_hardware
45.66,-0.382,0.119,0.98,-16.75,17.0,-29.5,565.3774999496557,standing_up,adl,6,real_hardware
45.665,-0.375,0.109,1.017,-16.625,18.375,-36.25,565.3774999496557,standing_up,adl,6,real_hardware
45.67,-0.359,0.109,1.039,-14.75,15.75,-31.75,565.3824878424921,standing_up,adl,6,real_hardware
45.675,-0.339,0.089,1.062,-21.875,10.625,-31.125,565.3774999496557,standing_up,adl,6,real_hardware
45.68,-0.328,0.064,1.082,-8.75,4.25,-32.0,565.3824878424921,standing_up,adl,6,real_hardware
45.685,-0.298,0.039,1.083,-9.25,15.625,-30.0,565.3774999496557,standing_up,adl,6,real_hardware
45.69,-0.296,0.035,1.085,-10.75,14.25,-26.25,565.3774999496557,standing_up,adl,6,real_hardware
45.695,-0.289,0.027,1.08,-10.125,19.375,-20.625,565.3620134040641,standing_up,adl,6,real_hardware
45.7,-0.298,0.033,1.039,-6.25,18.625,-19.25,565.3774999496557,standing_up,adl,6,real_hardware
45.705,-0.322,0.033,1.035,1.125,23.75,-17.125,565.3774999496557,standing_up,adl,6,real_hardware
45.71,-0.353,0.039,1.011,-5.125,22.25,-16.5,565.3620134040641,standing_up,adl,6,real_hardware
45.715,-0.39,0.039,0.988,-1.5,27.375,-6.0,565.3774999496557,standing_up,adl,6,real_hardware
45.72,-0.425,0.048,0.984,2.5,32.875,-11.75,565.3774999496557,standing_up,adl,6,real_hardware
45.725,-0.445,0.044,0.974,-5.625,27.0,-18.75,565.3774999496557,standing_up,adl,6,real_hardware
45.73,-0.457,0.06,0.962,-2.25,31.625,-16.875,565.3620134040641,standing_up,adl,6,real_hardware
45.735,-0.455,0.068,0.96,-1.75,33.875,-18.875,565.3620134040641,standing_up,adl,6,real_hardware
45.74,-0.449,0.085,0.951,0.125,34.0,-21.25,565.3620134040641,standing_up,adl,6,real_hardware
45.745,-0.427,0.107,0.939,-6.875,41.625,-23.25,565.3620134040641,standing_up,adl,6,real_hardware
45.75,-0.392,0.113,0.925,-13.0,31.375,-12.875,565.3465268669858,standing_up,adl,6,real_hardware
45.755,-0.365,0.142,0.921,-4.75,40.125,-17.75,565.3620134040641,standing_up,adl,6,real_hardware
45.76,-0.337,0.166,0.908,-5.125,37.375,-23.25,565.3620134040641,standing_up,adl,6,real_hardware
45.765,-0.302,0.189,0.896,-5.875,22.25,-19.25,565.3670011603253,standing_up,adl,6,real_hardware
45.77,-0.275,0.207,0.894,-7.25,22.75,-14.75,565.3670011603253,standing_up,adl,6,real_hardware
45.775,-0.25,0.216,0.89,-1.625,25.5,-13.0,565.3670011603253,standing_up,adl,6,real_hardware
45.78,-0.226,0.214,0.902,-5.5,24.375,-16.0,565.3670011603253,standing_up,adl,6,real_hardware
45.785,-0.212,0.214,0.908,-5.375,23.5,-18.75,565.3515144866718,standing_up,adl,6,real_hardware
45.79,-0.201,0.212,0.91,-4.25,24.5,-5.5,565.371988971815,standing_up,adl,6,real_hardware
45.795,-0.197,0.207,0.912,-3.875,13.25,-15.625,565.371988971815,standing_up,adl,6,real_hardware
45.8,-0.197,0.214,0.9,7.25,20.875,-12.875,565.3769768385338,standing_up,adl,6,real_hardware
45.805,-0.205,0.22,0.896,12.875,23.875,-11.75,565.3769768385338,standing_up,adl,6,real_hardware
45.81,-0.22,0.224,0.892,1.5,17.75,-9.625,565.3769768385338,standing_up,adl,6,real_hardware
45.815,-0.234,0.24,0.904,14.875,14.75,-10.125,565.3769768385338,standing_up,adl,6,real_hardware
45.82,-0.25,0.236,0.917,18.875,24.75,-13.125,565.3769768385338,standing_up,adl,6,real_hardware
45.825,-0.277,0.232,0.933,16.25,16.25,-2.875,565.3769768385338,standing_up,adl,6,real_hardware
45.83,-0.306,0.222,0.951,17.125,10.625,-4.5,565.3924637938554,standing_up,adl,6,real_hardware
45.835,-0.328,0.208,0.972,12.75,21.25,-2.875,565.3769768385338,standing_up,adl,6,real_hardware
45.84,-0.343,0.193,0.988,15.875,12.625,-4.0,565.3769768385338,standing_up,adl,6,real_hardware
45.845,-0.367,0.179,0.994,13.375,19.25,-1.0,565.3769768385338,standing_up,adl,6,real_hardware
45.85,-0.378,0.166,0.992,20.0,7.75,-8.5,565.3769768385338,standing_up,adl,6,real_hardware
45.855,-0.384,0.164,0.988,8.375,14.375,5.125,565.3874757905585,standing_up,adl,6,real_hardware
45.86,-0.386,0.16,0.98,3.25,13.25,4.875,565.371988971815,standing_up,adl,6,real_hardware
45.865,-0.38,0.171,0.957,-8.375,13.125,4.75,565.371988971815,standing_up,adl,6,real_hardware
45.87,-0.365,0.191,0.931,3.0,22.5,5.0,565.371988971815,standing_up,adl,6,real_hardware
45.875,-0.351,0.22,0.914,2.875,16.25,2.125,565.3670011603253,standing_up,adl,6,real_hardware
45.88,-0.324,0.232,0.871,4.625,16.75,1.125,565.3620134040641,standing_up,adl,6,real_hardware
45.885,-0.306,0.253,0.847,-4.5,15.5,2.25,565.3774999496557,standing_up,adl,6,real_hardware
45.89,-0.285,0.269,0.824,-4.0,22.375,-0.625,565.3774999496557,standing_up,adl,6,real_hardware
45.895,-0.273,0.287,0.804,0.875,27.625,7.25,565.3774999496557,standing_up,adl,6,real_hardware
45.9,-0.257,0.31,0.792,7.25,12.5,6.25,565.3824878424921,standing_up,adl,6,real_hardware
45.905,-0.257,0.328,0.798,7.25,7.375,17.5,565.3670011603253,standing_up,adl,6,real_hardware
45.91,-0.25,0.345,0.794,8.625,17.0,7.875,565.3824878424921,standing_up,adl,6,real_hardware
45.915,-0.251,0.363,0.8,22.75,6.875,15.25,565.3774999496557,standing_up,adl,6,real_hardware
45.92,-0.251,0.373,0.81,19.875,1.5,13.875,565.3774999496557,standing_up,adl,6,real_hardware
45.925,-0.255,0.376,0.81,29.25,4.625,10.375,565.3774999496557,standing_up,adl,6,real_hardware
45.93,-0.267,0.369,0.837,33.25,3.5,13.5,565.3824878424921,standing_up,adl,6,real_hardware
45.935,-0.281,0.341,0.875,43.125,1.125,12.25,565.3774999496557,standing_up,adl,6,real_hardware
45.94,-0.306,0.31,0.894,37.0,7.5,12.875,565.3824878424921,standing_up,adl,6,real_hardware
45.945,-0.343,0.253,0.939,35.625,11.625,7.5,565.3824878424921,standing_up,adl,6,real_hardware
45.95,-0.376,0.195,0.982,41.625,5.75,10.125,565.3670011603253,standing_up,adl,6,real_hardware
45.955,-0.421,0.144,1.017,35.25,7.0,11.25,565.3670011603253,standing_up,adl,6,real_hardware
45.96,-0.468,0.111,1.058,17.875,5.875,5.5,565.3824878424921,standing_up,adl,6,real_hardware
45.965,-0.505,0.095,1.085,16.0,6.5,1.625,565.3824878424921,standing_up,adl,6,real_hardware
45.97,-0.542,0.082,1.113,0.625,9.375,3.375,565.3824878424921,standing_up,adl,6,real_hardware
45.975,-0.566,0.095,1.125,-5.625,21.25,-2.75,565.3824878424921,standing_up,adl,6,real_hardware
45.98,-0.574,0.107,1.128,-15.375,23.875,-6.0,565.3824878424921,standing_up,adl,6,real_hardware
45.985,-0.57,0.117,1.099,-15.875,27.625,-10.625,565.3824878424921,standing_up,adl,6,real_hardware
45.99,-0.533,0.173,1.05,-31.0,20.375,-5.75,565.4029626178155,standing_up,adl,6,real_hardware
45.995,-0.48,0.23,1.0,-31.0,21.125,-4.0,565.4029626178155,standing_up,adl,6,real_hardware
46.0,-0.431,0.3,0.955,-27.875,42.75,-8.25,565.4234377300396,standing_up,adl,6,real_hardware
46.005,-0.375,0.355,0.9,-28.625,40.625,-12.0,565.4079507576907,standing_up,adl,6,real_hardware
46.01,-0.324,0.404,0.857,-24.375,35.0,-7.875,565.4079507576907,standing_up,adl,6,real_hardware
46.015,-0.298,0.443,0.822,-21.5,49.0,-13.625,565.4234377300396,standing_up,adl,6,real_hardware
46.02,-0.273,0.474,0.781,-17.125,50.375,-7.375,565.4234377300396,standing_up,adl,6,real_hardware
46.025,-0.257,0.494,0.759,1.875,41.375,-12.75,565.4079507576907,standing_up,adl,6,real_hardware
46.03,-0.232,0.503,0.718,-1.125,42.125,-5.375,565.4079507576907,standing_up,adl,6,real_hardware
46.035,-0.226,0.488,0.703,9.125,36.5,-3.5,565.4079507576907,standing_up,adl,6,real_hardware
46.04,-0.212,0.462,0.699,2.75,39.125,-10.25,565.4079507576907,standing_up,adl,6,real_hardware
46.045,-0.201,0.402,0.703,9.875,28.5,-2.25,565.4234377300396,standing_up,adl,6,real_hardware
46.05,-0.199,0.357,0.722,10.625,32.875,0.75,565.4234377300396,standing_up,adl,6,real_hardware
46.055,-0.187,0.318,0.773,4.5,20.0,3.25,565.4234377300396,standing_up,adl,6,real_hardware
46.06,-0.173,0.263,0.818,13.0,19.25,-2.5,565.4234377300396,standing_up,adl,6,real_hardware
46.065,-0.156,0.228,0.869,2.875,10.75,13.625,565.4389247109021,standing_up,adl,6,real_hardware
46.07,-0.14,0.195,0.916,11.625,19.0,14.625,565.4284260617269,standing_up,adl,6,real_hardware
46.075,-0.134,0.195,0.927,2.875,17.0,22.875,565.4284260617269,standing_up,adl,6,real_hardware
46.08,-0.138,0.197,0.923,7.375,19.5,16.875,565.4234377300396,standing_up,adl,6,real_hardware
46.085,-0.152,0.201,0.925,10.875,21.625,17.75,565.4234377300396,standing_up,adl,6,real_hardware
46.09,-0.179,0.199,0.906,0.625,14.375,17.625,565.4234377300396,standing_up,adl,6,real_hardware
46.095,-0.189,0.205,0.904,-4.125,17.875,15.0,565.4234377300396,standing_up,adl,6,real_hardware
46.1,-0.205,0.197,0.9,-10.125,14.75,22.75,565.4284260617269,standing_up,adl,6,real_hardware
46.105,-0.201,0.195,0.908,-8.75,16.75,20.5,565.4284260617269,standing_up,adl,6,real_hardware
46.11,-0.208,0.181,0.923,-20.0,15.0,17.5,565.4079507576907,standing_up,adl,6,real_hardware
46.115,-0.224,0.173,0.929,-18.625,10.5,14.5,565.4079507576907,standing_up,adl,6,real_hardware
46.12,-0.232,0.179,0.939,-15.625,7.5,14.0,565.4079507576907,standing_up,adl,6,real_hardware
46.125,-0.244,0.162,0.949,-27.0,-2.625,27.625,565.4079507576907,standing_up,adl,6,real_hardware
46.13,-0.246,0.162,0.933,-25.625,-2.5,21.0,565.3924637938554,standing_up,adl,6,real_hardware
46.135,-0.248,0.152,0.933,-27.25,-12.25,21.375,565.3819647604821,standing_up,adl,6,real_hardware
46.14,-0.253,0.148,0.919,-29.25,-19.5,23.0,565.3974518523833,standing_up,adl,6,real_hardware
46.145,-0.251,0.148,0.921,-25.5,-15.625,21.25,565.3924637938554,standing_up,adl,6,real_hardware
46.15,-0.246,0.134,0.904,-31.0,-16.875,16.75,565.3974518523833,standing_up,adl,6,real_hardware
46.155,-0.214,0.121,0.908,-40.0,-28.5,25.125,565.3924637938554,standing_up,adl,6,real_hardware
46.16,-0.197,0.119,0.908,-40.125,-32.75,29.125,565.3874757905585,standing_up,adl,6,real_hardware
46.165,-0.152,0.119,0.906,-39.0,-23.875,27.375,565.3824878424921,standing_up,adl,6,real_hardware
46.17,-0.126,0.121,0.898,-49.625,-33.625,27.375,565.3874757905585,standing_up,adl,6,real_hardware
46.175,-0.113,0.134,0.902,-46.0,-30.75,32.625,565.3874757905585,standing_up,adl,6,real_hardware
46.18,-0.087,0.152,0.892,-55.75,-35.0,45.5,565.3874757905585,standing_up,adl,6,real_hardware
46.185,-0.074,0.158,0.89,-45.625,-44.625,40.25,565.3874757905585,standing_up,adl,6,real_hardware
46.19,-0.07,0.169,0.89,-54.0,-45.75,49.25,565.3874757905585,standing_up,adl,6,real_hardware
46.195,-0.072,0.169,0.904,-56.875,-39.75,43.75,565.3874757905585,standing_up,adl,6,real_hardware
46.2,-0.07,0.175,0.914,-64.875,-51.5,42.625,565.4079507576907,standing_up,adl,6,real_hardware
46.205,-0.064,0.175,0.925,-68.375,-68.25,44.625,565.4079507576907,standing_up,adl,6,real_hardware
46.21,-0.066,0.179,0.927,-55.625,-56.25,46.125,565.4129389527982,standing_up,adl,6,real_hardware
46.215,-0.066,0.187,0.945,-60.625,-52.375,45.625,565.4079507576907,standing_up,adl,6,real_hardware
46.22,-0.093,0.207,0.939,-57.75,-71.375,36.25,565.4079507576907,standing_up,adl,6,real_hardware
46.225,-0.111,0.248,0.96,-57.75,-61.125,48.625,565.4079507576907,standing_up,adl,6,real_hardware
46.23,-0.16,0.287,0.976,-41.125,-57.625,38.625,565.4079507576907,standing_up,adl,6,real_hardware
46.235,-0.203,0.359,1.003,-40.125,-55.5,40.75,565.4079507576907,standing_up,adl,6,real_hardware
46.24,-0.248,0.398,1.015,-47.625,-60.875,47.5,565.4129389527982,standing_up,adl,6,real_hardware
46.245,-0.304,0.431,1.019,-38.625,-55.0,37.0,565.418449453586,standing_up,adl,6,real_hardware
46.25,-0.361,0.445,1.025,-36.125,-53.75,32.0,565.4234377300396,standing_up,adl,6,real_hardware
46.255,-0.419,0.441,1.029,-20.625,-43.5,25.875,565.4129389527982,standing_up,adl,6,real_hardware
46.26,-0.46,0.414,1.035,-21.75,-37.875,34.0,565.4129389527982,standing_up,adl,6,real_hardware
46.265,-0.498,0.363,1.041,-22.5,-22.875,26.75,565.4284260617269,standing_up,adl,6,real_hardware
46.27,-0.501,0.31,1.054,-20.25,-32.625,22.5,565.4129389527982,standing_up,adl,6,real_hardware
46.275,-0.451,0.23,1.074,-22.125,-18.125,15.5,565.4284260617269,standing_up,adl,6,real_hardware
46.28,-0.378,0.185,1.083,-28.375,-15.125,11.5,565.4284260617269,standing_up,adl,6,real_hardware
46.285,-0.285,0.123,1.093,-21.375,-9.625,17.375,565.4284260617269,standing_up,adl,6,real_hardware
46.29,-0.185,0.105,1.107,-27.375,-4.625,13.75,565.4284260617269,standing_up,adl,6,real_hardware
46.295,-0.066,0.07,1.115,-34.25,-4.125,8.25,565.4234377300396,standing_up,adl,6,real_hardware
46.3,0.027,0.06,1.103,-32.875,1.375,5.125,565.4234377300396,standing_up,adl,6,real_hardware
46.305,0.087,0.058,1.089,-42.125,2.75,3.125,565.4084730663782,standing_up,adl,6,real_hardware
46.31,0.154,0.066,1.072,-49.75,-3.625,9.125,565.4289479400726,standing_up,adl,6,real_hardware
46.315,0.222,0.08,1.044,-53.25,-6.875,10.75,565.43393629787,standing_up,adl,6,real_hardware
46.32,0.24,0.089,1.017,-62.5,-10.5,2.75,565.43393629787,standing_up,adl,6,real_hardware
46.325,0.236,0.099,0.984,-58.125,-0.5,7.375,565.4389247109021,standing_up,adl,6,real_hardware
46.33,0.199,0.111,0.957,-61.0,0.0,6.375,565.4389247109021,standing_up,adl,6,real_hardware
46.335,0.146,0.136,0.919,-67.625,-10.5,3.75,565.4439131791695,standing_up,adl,6,real_hardware
46.34,0.091,0.175,0.878,-61.25,-11.75,3.375,565.4284260617269,standing_up,adl,6,real_hardware
46.345,0.035,0.224,0.865,-61.625,-12.875,0.875,565.4439131791695,standing_up,adl,6,real_hardware
46.35,0.021,0.259,0.851,-58.125,-14.5,5.375,565.4389247109021,standing_up,adl,6,real_hardware
46.355,0.001,0.277,0.841,-57.25,-25.625,3.375,565.4389247109021,standing_up,adl,6,real_hardware
46.36,-0.021,0.3,0.837,-55.625,-23.375,2.375,565.4389247109021,standing_up,adl,6,real_hardware
46.365,-0.025,0.287,0.849,-46.625,-12.875,-14.0,565.4544117002783,standing_up,adl,6,real_hardware
46.37,-0.025,0.267,0.843,-43.5,-23.25,0.0,565.4544117002783,standing_up,adl,6,real_hardware
46.375,-0.005,0.224,0.873,-35.875,-21.0,1.625,565.4544117002783,standing_up,adl,6,real_hardware
46.38,0.003,0.173,0.878,-39.375,-15.25,-6.625,565.4544117002783,standing_up,adl,6,real_hardware
46.385,0.015,0.121,0.898,-29.5,-17.375,13.0,565.4544117002783,standing_up,adl,6,real_hardware
46.39,0.025,0.105,0.923,-45.0,-20.125,7.75,565.4494231506674,standing_up,adl,6,real_hardware
46.395,0.023,0.07,0.941,-38.25,-22.625,0.25,565.4599213810261,standing_up,adl,6,real_hardware
46.4,0.025,0.042,0.97,-39.5,-14.875,0.375,565.4499442848321,standing_up,adl,6,real_hardware
46.405,0.027,0.042,0.97,-42.5,-25.875,-1.875,565.42946950458,standing_up,adl,6,real_hardware
46.41,0.025,0.041,0.99,-41.625,-16.375,5.125,565.4344578332493,standing_up,adl,6,real_hardware
46.415,0.023,0.048,0.996,-43.375,-19.625,0.625,565.4394462171534,standing_up,adl,6,real_hardware
46.42,0.021,0.066,0.994,-53.0,-16.875,-5.875,565.4444346562927,standing_up,adl,6,real_hardware
46.425,0.017,0.08,1.0,-50.625,-23.875,3.75,565.4444346562927,standing_up,adl,6,real_hardware
46.43,-0.015,0.093,1.009,-48.25,-20.375,0.875,565.4494231506674,standing_up,adl,6,real_hardware
46.435,-0.027,0.083,0.99,-54.375,-24.875,3.25,565.4494231506674,standing_up,adl,6,real_hardware
46.44,-0.048,0.083,0.986,-45.5,-29.125,6.0,565.4649100119783,standing_up,adl,6,real_hardware
46.445,-0.064,0.083,0.986,-47.0,-22.625,-0.125,565.4494231506674,standing_up,adl,6,real_hardware
46.45,-0.078,0.08,0.986,-44.125,-18.75,-2.875,565.4494231506674,standing_up,adl,6,real_hardware
46.455,-0.08,0.072,0.98,-53.125,-22.625,2.75,565.4494231506674,standing_up,adl,6,real_hardware
46.46,-0.105,0.052,0.974,-46.25,-24.875,-4.25,565.4444346562927,standing_up,adl,6,real_hardware
46.465,-0.125,0.041,0.96,-47.625,-19.0,-1.125,565.4444346562927,standing_up,adl,6,real_hardware
46.47,-0.13,0.033,0.951,-45.0,-24.875,-2.75,565.4289479400726,standing_up,adl,6,real_hardware
46.475,-0.132,0.009,0.945,-50.5,-24.125,3.375,565.4444346562927,standing_up,adl,6,real_hardware
46.48,-0.132,-0.011,0.941,-45.625,-21.625,0.5,565.4444346562927,standing_up,adl,6,real_hardware
46.485,-0.121,-0.039,0.931,-50.625,-16.875,-10.375,565.4444346562927,standing_up,adl,6,real_hardware
46.49,-0.101,-0.046,0.931,-47.75,-30.625,9.5,565.4394462171534,standing_up,adl,6,real_hardware
46.495,-0.089,-0.044,0.927,-47.75,-29.375,-4.375,565.4444346562927,standing_up,adl,6,real_hardware
46.5,-0.082,-0.052,0.923,-45.125,-20.5,-6.25,565.4394462171534,standing_up,adl,6,real_hardware
46.505,-0.08,-0.048,0.91,-34.75,-27.125,1.5,565.4394462171534,standing_up,adl,6,real_hardware
46.51,-0.06,-0.046,0.917,-37.5,-26.5,-1.375,565.4394462171534,standing_up,adl,6,real_hardware
46.515,-0.052,-0.064,0.914,-41.625,-28.75,-7.625,565.4394462171534,standing_up,adl,6,real_hardware
46.52,-0.041,-0.074,0.91,-38.75,-28.125,8.375,565.4289479400726,standing_up,adl,6,real_hardware
46.525,-0.033,-0.087,0.914,-30.625,-16.75,3.25,565.4444346562927,standing_up,adl,6,real_hardware
46.53,-0.042,-0.105,0.91,-41.125,-28.5,2.5,565.4444346562927,standing_up,adl,6,real_hardware
46.535,-0.042,-0.117,0.923,-36.75,-28.125,1.875,565.4444346562927,standing_up,adl,6,real_hardware
46.54,-0.039,-0.136,0.947,-43.125,-23.5,13.375,565.4444346562927,standing_up,adl,6,real_hardware
46.545,-0.035,-0.16,0.962,-39.25,-19.875,9.125,565.4444346562927,standing_up,adl,6,real_hardware
46.55,-0.044,-0.177,0.972,-38.875,-19.0,9.5,565.4289479400726,standing_up,adl,6,real_hardware
46.555,-0.05,-0.203,0.986,-37.625,-19.5,10.5,565.4289479400726,standing_up,adl,6,real_hardware
46.56,-0.052,-0.23,1.017,-38.625,-15.125,9.5,565.4289479400726,standing_up,adl,6,real_hardware
46.565,-0.095,-0.253,1.035,-46.375,-10.25,9.0,565.4289479400726,standing_up,adl,6,real_hardware
46.57,-0.109,-0.277,1.042,-46.125,-7.125,10.25,565.4289479400726,standing_up,adl,6,real_hardware
46.575,-0.115,-0.292,1.042,-55.375,-3.125,9.5,565.4134612323658,standing_up,adl,6,real_hardware
46.58,-0.13,-0.31,1.042,-59.375,12.125,11.625,565.4289479400726,standing_up,adl,6,real_hardware
46.585,-0.148,-0.32,1.042,-59.125,5.375,12.875,565.4289479400726,standing_up,adl,6,real_hardware
46.59,-0.16,-0.33,1.017,-56.625,4.75,3.625,565.4289479400726,standing_up,adl,6,real_hardware
46.595,-0.173,-0.324,1.013,-65.25,7.5,7.875,565.4289479400726,standing_up,adl,6,real_hardware
46.6,-0.183,-0.32,0.99,-75.375,11.375,6.75,565.43393629787,standing_up,adl,6,real_hardware
46.605,-0.189,-0.298,0.958,-75.5,15.0,13.5,565.43393629787,standing_up,adl,6,real_hardware
46.61,-0.185,-0.298,0.974,-64.375,22.25,2.25,565.43393629787,standing_up,adl,6,real_hardware
46.615,-0.191,-0.287,0.96,-73.875,16.25,4.875,565.418449453586,standing_up,adl,6,real_hardware
46.62,-0.185,-0.275,0.974,-74.0,8.5,-4.0,565.43393629787,standing_up,adl,6,real_hardware
46.625,-0.187,-0.283,0.984,-80.375,6.875,2.375,565.43393629787,standing_up,adl,6,real_hardware
46.63,-0.189,-0.281,0.982,-88.625,11.125,-1.125,565.43393629787,standing_up,adl,6,real_hardware
46.635,-0.191,-0.267,0.982,-78.5,8.5,-9.125,565.4444346562927,standing_up,adl,6,real_hardware
46.64,-0.191,-0.267,0.972,-83.375,4.0,-4.25,565.4289479400726,standing_up,adl,6,real_hardware
46.645,-0.177,-0.257,0.955,-87.5,9.5,0.625,565.4289479400726,standing_up,adl,6,real_hardware
46.65,-0.162,-0.248,0.945,-89.25,8.5,0.25,565.4289479400726,standing_up,adl,6,real_hardware
46.655,-0.16,-0.246,0.929,-81.125,4.125,9.375,565.4289479400726,standing_up,adl,6,real_hardware
46.66,-0.142,-0.244,0.919,-71.125,15.0,-1.25,565.43393629787,standing_up,adl,6,real_hardware
46.665,-0.142,-0.242,0.904,-75.125,12.0,0.875,565.43393629787,standing_up,adl,6,real_hardware
46.67,-0.14,-0.244,0.91,-71.875,10.625,9.5,565.43393629787,standing_up,adl,6,real_hardware
46.675,-0.136,-0.244,0.902,-67.0,16.375,8.375,565.43393629787,standing_up,adl,6,real_hardware
46.68,-0.14,-0.24,0.898,-68.5,23.875,3.875,565.4239596375093,standing_up,adl,6,real_hardware
46.685,-0.14,-0.263,0.9,-67.875,21.375,7.875,565.4239596375093,standing_up,adl,6,real_hardware
46.69,-0.142,-0.281,0.9,-65.25,19.0,13.75,565.4444346562927,standing_up,adl,6,real_hardware
46.695,-0.154,-0.302,0.89,-61.875,25.25,15.375,565.4444346562927,standing_up,adl,6,real_hardware
46.7,-0.156,-0.32,0.89,-53.5,29.0,8.375,565.4444346562927,standing_up,adl,6,real_hardware
46.705,-0.166,-0.337,0.892,-64.375,30.125,12.75,565.4289479400726,standing_up,adl,6,real_hardware
46.71,-0.164,-0.347,0.89,-68.375,25.5,20.25,565.4444346562927,standing_up,adl,6,real_hardware
46.715,-0.166,-0.359,0.898,-69.0,23.75,12.0,565.4444346562927,standing_up,adl,6,real_hardware
46.72,-0.164,-0.355,0.894,-57.25,24.0,2.75,565.4444346562927,standing_up,adl,6,real_hardware
46.725,-0.16,-0.363,0.894,-65.125,26.375,10.0,565.4444346562927,standing_up,adl,6,real_hardware
46.73,-0.152,-0.361,0.896,-60.75,28.0,7.75,565.4444346562927,standing_up,adl,6,real_hardware
46.735,-0.152,-0.355,0.894,-65.375,24.375,5.875,565.4394462171534,standing_up,adl,6,real_hardware
46.74,-0.148,-0.351,0.898,-64.625,22.375,13.25,565.4394462171534,standing_up,adl,6,real_hardware
46.745,-0.144,-0.349,0.888,-63.75,25.375,10.625,565.4394462171534,standing_up,adl,6,real_hardware
46.75,-0.14,-0.345,0.89,-68.625,23.875,18.0,565.4239596375093,standing_up,adl,6,real_hardware
46.755,-0.144,-0.351,0.88,-67.0,25.375,15.375,565.4289479400726,standing_up,adl,6,real_hardware
46.76,-0.146,-0.355,0.886,-64.5,28.375,10.0,565.4289479400726,standing_up,adl,6,real_hardware
46.765,-0.158,-0.363,0.869,-59.0,35.25,6.25,565.4289479400726,standing_up,adl,6,real_hardware
46.77,-0.175,-0.369,0.878,-66.625,24.75,14.5,565.43393629787,standing_up,adl,6,real_hardware
46.775,-0.197,-0.371,0.867,-52.625,27.5,3.25,565.43393629787,standing_up,adl,6,real_hardware
46.78,-0.214,-0.363,0.865,-59.375,36.5,10.875,565.4494231506674,standing_up,adl,6,real_hardware
46.785,-0.224,-0.361,0.869,-52.5,33.375,7.5,565.4494231506674,standing_up,adl,6,real_hardware
46.79,-0.244,-0.367,0.855,-59.0,38.75,3.0,565.4494231506674,standing_up,adl,6,real_hardware
46.795,-0.255,-0.376,0.861,-59.375,34.0,14.75,565.4494231506674,standing_up,adl,6,real_hardware
46.8,-0.261,-0.392,0.869,-53.25,30.625,0.5,565.43393629787,standing_up,adl,6,real_hardware
46.805,-0.271,-0.404,0.878,-47.375,33.75,5.0,565.43393629787,standing_up,adl,6,real_hardware
46.81,-0.275,-0.421,0.886,-52.375,42.25,-2.0,565.43393629787,standing_up,adl,6,real_hardware
46.815,-0.291,-0.425,0.89,-42.0,48.625,-1.25,565.43393629787,standing_up,adl,6,real_hardware
46.82,-0.308,-0.429,0.89,-51.5,37.375,-12.0,565.4389247109021,standing_up,adl,6,real_hardware
46.825,-0.312,-0.427,0.898,-50.875,40.125,-2.5,565.4389247109021,standing_up,adl,6,real_hardware
46.83,-0.318,-0.429,0.896,-51.5,40.0,-6.375,565.43393629787,standing_up,adl,6,real_hardware
46.835,-0.324,-0.429,0.892,-55.75,39.625,-0.875,565.4544117002783,standing_up,adl,6,real_hardware
46.84,-0.332,-0.431,0.888,-49.875,46.25,-10.875,565.4544117002783,standing_up,adl,6,real_hardware
46.845,-0.324,-0.445,0.88,-51.5,41.25,-7.375,565.4544117002783,standing_up,adl,6,real_hardware
46.85,-0.32,-0.453,0.875,-46.125,35.125,-14.0,565.4594003051257,standing_up,adl,6,real_hardware
46.855,-0.312,-0.462,0.855,-43.875,43.75,0.125,565.4544117002783,standing_up,adl,6,real_hardware
46.86,-0.304,-0.476,0.851,-53.25,35.875,-11.0,565.4494231506674,standing_up,adl,6,real_hardware
46.865,-0.292,-0.482,0.833,-52.75,43.75,-14.75,565.4444346562927,standing_up,adl,6,real_hardware
46.87,-0.287,-0.482,0.833,-51.625,39.75,-15.125,565.4494231506674,standing_up,adl,6,real_hardware
46.875,-0.294,-0.478,0.82,-50.625,38.25,-15.875,565.43393629787,standing_up,adl,6,real_hardware
46.88,-0.298,-0.474,0.812,-52.875,40.125,-14.25,565.4444346562927,standing_up,adl,6,real_hardware
46.885,-0.32,-0.474,0.8,-47.375,42.125,-18.125,565.4444346562927,standing_up,adl,6,real_hardware
46.89,-0.33,-0.476,0.792,-52.5,42.875,-17.625,565.4444346562927,standing_up,adl,6,real_hardware
46.895,-0.337,-0.474,0.781,-47.0,49.375,-20.5,565.4444346562927,standing_up,adl,6,real_hardware
46.9,-0.341,-0.47,0.765,-40.375,41.25,-16.875,565.4394462171534,standing_up,adl,6,real_hardware
46.905,-0.332,-0.478,0.773,-40.5,45.625,-16.75,565.4394462171534,standing_up,adl,6,real_hardware
46.91,-0.326,-0.478,0.769,-48.125,48.75,-21.25,565.4394462171534,standing_up,adl,6,real_hardware
46.915,-0.33,-0.468,0.781,-37.875,53.375,-19.75,565.4444346562927,standing_up,adl,6,real_hardware
46.92,-0.328,-0.47,0.781,-47.625,53.625,-23.625,565.4444346562927,standing_up,adl,6,real_hardware
46.925,-0.339,-0.462,0.783,-39.5,56.125,-25.5,565.4599213810261,standing_up,adl,6,real_hardware
46.93,-0.349,-0.455,0.787,-36.0,61.75,-23.75,565.4599213810261,standing_up,adl,6,real_hardware
46.935,-0.371,-0.458,0.791,-43.125,49.75,-17.75,565.4599213810261,standing_up,adl,6,real_hardware
46.94,-0.375,-0.47,0.802,-31.875,51.125,-26.0,565.4599213810261,standing_up,adl,6,real_hardware
46.945,-0.392,-0.476,0.802,-32.875,50.5,-19.875,565.4599213810261,standing_up,adl,6,real_hardware
46.95,-0.412,-0.488,0.806,-31.375,57.375,-19.375,565.4599213810261,standing_up,adl,6,real_hardware
46.955,-0.421,-0.49,0.804,-24.125,59.875,-30.0,565.4599213810261,standing_up,adl,6,real_hardware
46.96,-0.437,-0.503,0.82,-34.25,60.0,-26.875,565.4599213810261,standing_up,adl,6,real_hardware
46.965,-0.449,-0.521,0.822,-26.125,64.625,-18.75,565.4549328053109,standing_up,adl,6,real_hardware
46.97,-0.464,-0.535,0.83,-33.875,62.75,-28.875,565.4549328053109,standing_up,adl,6,real_hardware
46.975,-0.474,-0.552,0.832,-24.75,63.5,-30.875,565.4549328053109,standing_up,adl,6,real_hardware
46.98,-0.478,-0.568,0.849,-16.125,75.0,-28.25,565.4599213810261,standing_up,adl,6,real_hardware
46.985,-0.476,-0.589,0.847,-25.5,76.5,-34.25,565.4549328053109,standing_up,adl,6,real_hardware
46.99,-0.486,-0.603,0.857,-21.125,73.125,-35.875,565.4599213810261,standing_up,adl,6,real_hardware
46.995,-0.49,-0.599,0.861,-28.375,73.75,-30.75,565.4754081142729,standing_up,adl,6,real_hardware
47.0,-0.49,-0.611,0.863,-22.875,85.375,-39.75,565.4754081142729,standing_up,adl,6,real_hardware
47.005,-0.488,-0.625,0.865,-31.0,80.25,-45.25,565.4803968818028,standing_up,adl,6,real_hardware
47.01,-0.482,-0.628,0.855,-26.25,82.25,-41.25,565.4803968818028,standing_up,adl,6,real_hardware
47.015,-0.466,-0.646,0.853,-29.125,88.0,-50.5,565.4853857045714,standing_up,adl,6,real_hardware
47.02,-0.437,-0.664,0.845,-32.625,84.0,-44.0,565.4853857045714,standing_up,adl,6,real_hardware
47.025,-0.417,-0.667,0.841,-29.25,92.5,-41.875,565.4853857045714,standing_up,adl,6,real_hardware
47.03,-0.382,-0.675,0.835,-35.875,90.25,-49.625,565.4803968818028,standing_up,adl,6,real_hardware
47.035,-0.353,-0.669,0.832,-32.5,97.125,-53.875,565.4853857045714,standing_up,adl,6,real_hardware
47.04,-0.318,-0.646,0.828,-37.375,90.625,-50.125,565.4853857045714,standing_up,adl,6,real_hardware
47.045,-0.304,-0.634,0.802,-35.25,89.625,-54.875,565.4853857045714,standing_up,adl,6,real_hardware
47.05,-0.289,-0.587,0.789,-39.375,97.375,-58.375,565.4853857045714,standing_up,adl,6,real_hardware
47.055,-0.279,-0.57,0.769,-24.75,82.75,-58.25,565.4853857045714,standing_up,adl,6,real_hardware
47.06,-0.279,-0.546,0.726,-40.25,84.625,-49.5,565.4853857045714,standing_up,adl,6,real_hardware
47.065,-0.285,-0.548,0.71,-24.5,85.5,-50.25,565.4853857045714,standing_up,adl,6,real_hardware
47.07,-0.294,-0.539,0.689,-18.75,83.625,-57.625,565.4853857045714,standing_up,adl,6,real_hardware
47.075,-0.326,-0.533,0.673,-26.25,87.5,-58.125,565.4853857045714,standing_up,adl,6,real_hardware
47.08,-0.357,-0.535,0.666,-24.75,83.0,-54.125,565.4853857045714,standing_up,adl,6,real_hardware
47.085,-0.386,-0.521,0.66,-19.625,81.875,-52.25,565.4748874395957,standing_up,adl,6,real_hardware
47.09,-0.417,-0.523,0.664,-22.25,87.0,-55.75,565.4698986981681,standing_up,adl,6,real_hardware
47.095,-0.431,-0.523,0.654,-22.375,83.375,-58.75,565.4698986981681,standing_up,adl,6,real_hardware
47.1,-0.464,-0.531,0.669,-13.125,82.375,-61.125,565.4853857045714,standing_up,adl,6,real_hardware
47.105,-0.468,-0.546,0.666,-16.875,80.0,-53.625,565.4853857045714,standing_up,adl,6,real_hardware
47.11,-0.48,-0.568,0.664,-20.0,84.0,-60.5,565.4903745825795,standing_up,adl,6,real_hardware
47.115,-0.474,-0.582,0.666,-7.875,86.875,-60.5,565.4903745825795,standing_up,adl,6,real_hardware
47.12,-0.453,-0.593,0.666,-17.375,88.0,-47.875,565.4903745825795,standing_up,adl,6,real_hardware
47.125,-0.443,-0.605,0.66,-14.25,93.125,-58.25,565.4903745825795,standing_up,adl,6,real_hardware
47.13,-0.423,-0.615,0.652,-19.875,93.0,-50.0,565.4853857045714,standing_up,adl,6,real_hardware
47.135,-0.398,-0.625,0.646,-17.875,98.0,-52.5,565.4853857045714,standing_up,adl,6,real_hardware
47.14,-0.365,-0.636,0.64,-17.75,98.625,-55.625,565.4853857045714,standing_up,adl,6,real_hardware
47.145,-0.335,-0.648,0.628,-22.5,95.125,-49.75,565.4853857045714,standing_up,adl,6,real_hardware
47.15,-0.328,-0.65,0.64,-23.625,93.875,-45.75,565.5008727194885,standing_up,adl,6,real_hardware
47.155,-0.304,-0.654,0.632,-14.125,93.625,-45.0,565.5008727194885,standing_up,adl,6,real_hardware
47.16,-0.291,-0.644,0.632,-20.25,93.25,-41.875,565.5008727194885,standing_up,adl,6,real_hardware
47.165,-0.263,-0.634,0.621,-22.625,84.875,-42.5,565.5008727194885,standing_up,adl,6,real_hardware
47.17,-0.267,-0.634,0.603,-13.125,84.875,-41.125,565.4853857045714,standing_up,adl,6,real_hardware
47.175,-0.246,-0.628,0.591,-14.125,81.125,-31.875,565.4853857045714,standing_up,adl,6,real_hardware
47.18,-0.234,-0.646,0.564,-12.25,73.0,-28.0,565.4853857045714,standing_up,adl,6,real_hardware
47.185,-0.234,-0.658,0.546,-7.75,73.625,-33.625,565.5008727194885,standing_up,adl,6,real_hardware
47.19,-0.234,-0.673,0.535,-5.125,77.5,-30.25,565.5008727194885,standing_up,adl,6,real_hardware
47.195,-0.234,-0.699,0.513,-9.25,72.125,-29.875,565.5008727194885,standing_up,adl,6,real_hardware
47.2,-0.246,-0.722,0.501,-10.625,70.0,-23.25,565.5008727194885,standing_up,adl,6,real_hardware
47.205,-0.261,-0.748,0.494,-2.125,58.25,-16.875,565.5058617340769,standing_up,adl,6,real_hardware
47.21,-0.277,-0.763,0.49,5.875,64.75,-17.375,565.4958837601406,standing_up,adl,6,real_hardware
47.215,-0.304,-0.757,0.486,-0.125,59.75,-18.5,565.4908948560332,standing_up,adl,6,real_hardware
47.22,-0.322,-0.783,0.494,18.375,59.5,-12.125,565.4559740739677,standing_up,adl,6,real_hardware
47.225,-0.353,-0.783,0.505,7.875,53.25,-9.375,565.4609625914065,standing_up,adl,6,real_hardware
47.23,-0.382,-0.814,0.533,10.875,46.125,-1.625,565.4709397919958,standing_up,adl,6,real_hardware
47.235,-0.417,-0.847,0.556,20.375,39.625,-12.5,565.4809172135367,standing_up,adl,6,real_hardware
47.24,-0.437,-0.845,0.578,16.0,34.25,-0.75,565.4704194019815,standing_up,adl,6,real_hardware
47.245,-0.484,-0.847,0.572,20.125,34.5,-1.75,565.4754081142729,standing_up,adl,6,real_hardware
47.25,-0.482,-0.843,0.601,19.25,16.5,9.5,565.4754081142729,standing_up,adl,6,real_hardware
47.255,-0.5,-0.828,0.582,11.5,23.5,0.625,565.4754081142729,standing_up,adl,6,real_hardware
47.26,-0.494,-0.81,0.589,14.0,10.5,4.25,565.4754081142729,standing_up,adl,6,real_hardware
47.265,-0.462,-0.775,0.587,26.625,9.0,1.125,565.4803968818028,standing_up,adl,6,real_hardware
47.27,-0.443,-0.746,0.57,17.25,13.625,7.375,565.4803968818028,standing_up,adl,6,real_hardware
47.275,-0.439,-0.722,0.55,24.875,10.375,18.875,565.4853857045714,standing_up,adl,6,real_hardware
47.28,-0.449,-0.726,0.535,25.625,14.125,15.75,565.4853857045714,standing_up,adl,6,real_hardware
47.285,-0.447,-0.72,0.531,26.75,10.125,33.25,565.4748874395957,standing_up,adl,6,real_hardware
47.29,-0.437,-0.703,0.529,35.5,4.0,27.375,565.4903745825795,standing_up,adl,6,real_hardware
47.295,-0.472,-0.695,0.513,33.25,-2.625,40.5,565.4853857045714,standing_up,adl,6,real_hardware
47.3,-0.482,-0.71,0.529,31.25,3.125,50.75,565.4698986981681,standing_up,adl,6,real_hardware
47.305,-0.49,-0.714,0.572,48.5,3.25,40.375,565.4698986981681,standing_up,adl,6,real_hardware
47.31,-0.517,-0.718,0.595,47.75,-8.875,47.375,565.4649100119783,standing_up,adl,6,real_hardware
47.315,-0.535,-0.73,0.619,53.5,-4.75,44.125,565.4494231506674,standing_up,adl,6,real_hardware
47.32,-0.568,-0.742,0.666,50.25,-11.875,54.375,565.4698986981681,standing_up,adl,6,real_hardware
47.325,-0.617,-0.751,0.714,61.0,-12.625,56.25,565.4544117002783,standing_up,adl,6,real_hardware
47.33,-0.628,-0.751,0.724,72.0,-23.0,60.125,565.4544117002783,standing_up,adl,6,real_hardware
47.335,-0.695,-0.751,0.724,70.5,-15.875,63.25,565.4544117002783,standing_up,adl,6,real_hardware
47.34,-0.732,-0.787,0.72,81.75,-22.25,62.625,565.4544117002783,standing_up,adl,6,real_hardware
47.345,-0.81,-0.818,0.746,90.25,-25.125,62.125,565.4544117002783,standing_up,adl,6,real_hardware
47.35,-0.898,-0.841,0.791,91.875,-19.5,58.75,565.4594003051257,standing_up,adl,6,real_hardware
47.355,-0.929,-0.851,0.833,95.5,-21.5,61.375,565.4544117002783,standing_up,adl,6,real_hardware
47.36,-0.929,-0.822,0.867,103.5,-20.25,66.25,565.4544117002783,standing_up,adl,6,real_hardware
47.365,-0.962,-0.812,0.904,101.125,-8.375,70.5,565.4544117002783,standing_up,adl,6,real_hardware
47.37,-0.937,-0.841,0.984,104.75,-18.5,70.25,565.4494231506674,standing_up,adl,6,real_hardware
47.375,-0.925,-0.824,1.033,99.75,-16.625,61.125,565.4494231506674,standing_up,adl,6,real_hardware
47.38,-0.892,-0.82,1.087,97.25,-22.75,67.25,565.4494231506674,standing_up,adl,6,real_hardware
47.385,-0.837,-0.83,1.087,100.375,-21.375,58.25,565.4494231506674,standing_up,adl,6,real_hardware
47.39,-0.804,-0.835,1.083,109.25,-31.0,64.125,565.43393629787,standing_up,adl,6,real_hardware
47.395,-0.763,-0.736,1.132,89.625,-40.0,60.125,565.43393629787,standing_up,adl,6,real_hardware
47.4,-0.734,-0.712,1.152,92.125,-56.75,62.25,565.4389247109021,standing_up,adl,6,real_hardware
47.405,-0.476,-0.775,1.005,89.125,-81.5,51.0,565.4389247109021,standing_up,adl,6,real_hardware
47.41,-0.582,-0.753,0.939,89.875,-99.375,67.125,565.4389247109021,standing_up,adl,6,real_hardware
47.415,-0.621,-0.779,0.976,86.125,-110.5,70.625,565.4389247109021,standing_up,adl,6,real_hardware
47.42,-0.457,-0.818,1.048,87.875,-116.0,67.125,565.4389247109021,standing_up,adl,6,real_hardware
47.425,-0.416,-0.841,1.113,85.25,-117.375,70.375,565.4389247109021,standing_up,adl,6,real_hardware
47.43,-0.58,-0.701,1.048,83.375,-114.0,66.875,565.4389247109021,standing_up,adl,6,real_hardware
47.435,-0.703,-0.64,1.039,85.625,-112.75,70.125,565.4439131791695,standing_up,adl,6,real_hardware
47.44,-0.777,-0.652,1.0,73.75,-95.625,76.0,565.4439131791695,standing_up,adl,6,real_hardware
47.445,-0.769,-0.583,0.982,84.875,-109.25,80.75,565.4389247109021,standing_up,adl,6,real_hardware
47.45,-0.789,-0.507,0.916,77.625,-107.5,71.5,565.4439131791695,standing_up,adl,6,real_hardware
47.455,-0.781,-0.484,0.798,68.375,-110.5,76.0,565.4389247109021,standing_up,adl,6,real_hardware
47.46,-0.738,-0.591,0.824,73.75,-104.875,60.125,565.4234377300396,standing_up,adl,6,real_hardware
47.465,-0.703,-0.675,0.746,67.875,-99.5,64.875,565.4284260617269,standing_up,adl,6,real_hardware
47.47,-0.648,-0.697,0.708,70.875,-91.875,62.0,565.3974518523833,standing_up,adl,6,real_hardware
47.475,-0.595,-0.683,0.722,76.125,-78.125,58.125,565.3974518523833,standing_up,adl,6,real_hardware
47.48,-0.533,-0.703,0.744,73.0,-79.875,56.125,565.3819647604821,standing_up,adl,6,real_hardware
47.485,-0.482,-0.697,0.777,67.875,-63.5,45.625,565.3664776770947,standing_up,adl,6,real_hardware
47.49,-0.458,-0.66,0.794,62.75,-65.375,50.5,565.350990602221,standing_up,adl,6,real_hardware
47.495,-0.455,-0.625,0.802,60.75,-58.625,32.0,565.3355035358613,standing_up,adl,6,real_hardware
47.5,-0.457,-0.621,0.816,56.875,-59.375,41.625,565.3355035358613,standing_up,adl,6,real_hardware
47.505,-0.453,-0.599,0.814,48.375,-61.0,33.25,565.3355035358613,standing_up,adl,6,real_hardware
47.51,-0.439,-0.605,0.818,54.5,-60.375,33.875,565.3355035358613,standing_up,adl,6,real_hardware
47.515,-0.443,-0.582,0.814,50.875,-56.125,32.125,565.3355035358613,standing_up,adl,6,real_hardware
47.52,-0.435,-0.556,0.822,41.875,-46.875,29.125,565.3200164780151,standing_up,adl,6,real_hardware
47.525,-0.455,-0.517,0.835,37.75,-36.0,16.375,565.3200164780151,standing_up,adl,6,real_hardware
47.53,-0.466,-0.492,0.853,35.625,-38.125,20.875,565.3200164780151,standing_up,adl,6,real_hardware
47.535,-0.5,-0.457,0.873,33.875,-32.75,13.625,565.3200164780151,standing_up,adl,6,real_hardware
47.54,-0.503,-0.433,0.876,23.125,-26.375,15.75,565.3150291023834,standing_up,adl,6,real_hardware
47.545,-0.494,-0.41,0.884,39.625,-25.75,15.875,565.3305160236505,standing_up,adl,6,real_hardware
47.55,-0.472,-0.406,0.89,29.75,-27.5,16.0,565.3305160236505,standing_up,adl,6,real_hardware
47.555,-0.435,-0.425,0.904,21.75,-28.25,-3.5,565.3355035358613,standing_up,adl,6,real_hardware
47.56,-0.396,-0.433,0.912,24.125,-28.5,5.0,565.3355035358613,standing_up,adl,6,real_hardware
47.565,-0.367,-0.445,0.921,19.5,-31.625,8.625,565.3355035358613,standing_up,adl,6,real_hardware
47.57,-0.347,-0.458,0.931,25.625,-28.375,4.125,565.350990602221,standing_up,adl,6,real_hardware
47.575,-0.333,-0.47,0.919,10.0,-19.25,1.125,565.350990602221,standing_up,adl,6,real_hardware
47.58,-0.328,-0.464,0.917,14.375,-25.25,5.0,565.350990602221,standing_up,adl,6,real_hardware
47.585,-0.316,-0.457,0.912,2.5,-29.125,4.25,565.3614898917258,standing_up,adl,6,real_hardware
47.59,-0.31,-0.443,0.89,16.375,-24.125,-1.5,565.3769768385338,standing_up,adl,6,real_hardware
47.595,-0.306,-0.417,0.865,12.875,-22.125,7.25,565.3769768385338,standing_up,adl,6,real_hardware
47.6,-0.306,-0.394,0.878,15.125,-13.375,-3.75,565.3924637938554,standing_up,adl,6,real_hardware
47.605,-0.312,-0.388,0.882,7.875,-18.0,2.375,565.3924637938554,standing_up,adl,6,real_hardware
47.61,-0.316,-0.394,0.9,6.75,-10.0,-0.25,565.4079507576907,standing_up,adl,6,real_hardware
47.615,-0.32,-0.398,0.9,8.625,-7.375,1.625,565.4234377300396,standing_up,adl,6,real_hardware
47.62,-0.328,-0.412,0.917,2.375,-7.625,-6.5,565.4234377300396,standing_up,adl,6,real_hardware
47.625,-0.339,-0.427,0.925,6.875,-4.75,-6.625,565.4389247109021,standing_up,adl,6,real_hardware
47.63,-0.351,-0.445,0.929,6.0,1.375,-9.0,565.4389247109021,standing_up,adl,6,real_hardware
47.635,-0.347,-0.445,0.943,-4.5,-1.625,-6.5,565.4234377300396,standing_up,adl,6,real_hardware
47.64,-0.349,-0.447,0.966,-7.625,-5.25,0.25,565.4544117002783,standing_up,adl,6,real_hardware
47.645,-0.349,-0.423,0.98,-3.125,-9.0,-5.75,565.4494231506674,standing_up,adl,6,real_hardware
47.65,-0.347,-0.416,0.996,-9.625,-7.875,-5.875,565.4544117002783,standing_up,adl,6,real_hardware
47.655,-0.349,-0.404,1.025,-8.125,-11.5,-11.875,565.4649100119783,standing_up,adl,6,real_hardware
47.66,-0.353,-0.402,1.019,-10.0,-7.5,-3.875,565.4649100119783,standing_up,adl,6,real_hardware
47.665,-0.363,-0.414,1.019,-8.625,-10.75,-14.0,565.4649100119783,standing_up,adl,6,real_hardware
47.67,-0.361,-0.427,1.009,-16.125,-8.125,-9.875,565.4754081142729,standing_up,adl,6,real_hardware
47.675,-0.38,-0.441,0.992,-2.375,-6.5,-23.25,565.4754081142729,standing_up,adl,6,real_hardware
47.68,-0.382,-0.458,0.978,-8.0,-9.875,-8.625,565.4754081142729,standing_up,adl,6,real_hardware
47.685,-0.384,-0.46,0.968,-6.375,-7.875,-11.25,565.4908948560332,standing_up,adl,6,real_hardware
47.69,-0.404,-0.458,0.982,-2.375,0.75,-24.0,565.4908948560332,standing_up,adl,6,real_hardware
47.695,-0.406,-0.457,0.98,-8.375,-10.375,-22.625,565.4908948560332,standing_up,adl,6,real_hardware
47.7,-0.404,-0.458,0.998,-11.75,-9.875,-19.75,565.4908948560332,standing_up,adl,6,real_hardware
47.705,-0.4,-0.462,1.003,1.0,-8.375,-21.75,565.4908948560332,standing_up,adl,6,real_hardware
47.71,-0.398,-0.472,0.986,-5.75,-6.875,-22.375,565.5063816063065,standing_up,adl,6,real_hardware
47.715,-0.408,-0.462,0.998,-6.875,-3.375,-16.875,565.4859060071652,standing_up,adl,6,real_hardware
47.72,-0.408,-0.451,1.0,-8.75,-10.0,-14.75,565.4859060071652,standing_up,adl,6,real_hardware
47.725,-0.394,-0.449,0.984,-18.0,6.5,-17.75,565.4859060071652,standing_up,adl,6,real_hardware
47.73,-0.386,-0.431,0.988,-11.0,-5.5,-15.125,565.5063816063065,standing_up,adl,6,real_hardware
47.735,-0.392,-0.427,0.982,-14.0,1.375,-15.625,565.4908948560332,standing_up,adl,6,real_hardware
47.74,-0.406,-0.423,0.96,-14.875,4.625,-17.625,565.5063816063065,standing_up,adl,6,real_hardware
47.745,-0.388,-0.429,0.962,-12.875,-1.0,-14.25,565.511370646992,standing_up,adl,6,real_hardware
47.75,-0.375,-0.433,0.957,-21.125,0.625,-13.0,565.511370646992,standing_up,adl,6,real_hardware
47.755,-0.367,-0.425,0.968,-24.125,-2.5,-5.375,565.5063816063065,standing_up,adl,6,real_hardware
47.76,-0.347,-0.435,0.962,-21.5,0.0,-19.875,565.5063816063065,standing_up,adl,6,real_hardware
47.765,-0.322,-0.462,0.957,-20.0,-3.875,-13.0,565.5063816063065,standing_up,adl,6,real_hardware
47.77,-0.281,-0.474,0.945,-19.75,-11.125,-16.25,565.5218683650933,standing_up,adl,6,real_hardware
47.775,-0.265,-0.492,0.923,-28.875,-2.75,-12.75,565.5063816063065,standing_up,adl,6,real_hardware
47.78,-0.255,-0.496,0.894,-34.125,-11.375,-12.75,565.511370646992,standing_up,adl,6,real_hardware
47.785,-0.255,-0.492,0.871,-38.875,-9.25,-16.5,565.4908948560332,standing_up,adl,6,real_hardware
47.79,-0.248,-0.472,0.845,-41.625,-15.625,-15.75,565.4908948560332,standing_up,adl,6,real_hardware
47.795,-0.251,-0.455,0.822,-43.25,-11.625,-10.5,565.4803968818028,standing_up,adl,6,real_hardware
47.8,-0.242,-0.416,0.785,-45.25,-8.875,-18.75,565.4958837601406,standing_up,adl,6,real_hardware
47.805,-0.244,-0.392,0.753,-57.25,-8.75,-19.25,565.4803968818028,standing_up,adl,6,real_hardware
47.81,-0.238,-0.369,0.726,-64.25,-3.25,-8.375,565.4803968818028,standing_up,adl,6,real_hardware
47.815,-0.238,-0.343,0.712,-60.375,-6.125,-9.125,565.4803968818028,standing_up,adl,6,real_hardware
47.82,-0.226,-0.322,0.679,-67.125,-3.625,-11.375,565.4853857045714,standing_up,adl,6,real_hardware
47.825,-0.216,-0.312,0.652,-63.625,-2.75,-7.375,565.4853857045714,standing_up,adl,6,real_hardware
47.83,-0.208,-0.308,0.636,-59.375,-9.75,-9.25,565.4853857045714,standing_up,adl,6,real_hardware
47.835,-0.193,-0.298,0.625,-60.75,-14.25,-5.25,565.4803968818028,standing_up,adl,6,real_hardware
47.84,-0.175,-0.291,0.587,-64.375,-13.875,-10.0,565.4803968818028,standing_up,adl,6,real_hardware
47.845,-0.179,-0.31,0.574,-57.5,-18.5,-0.5,565.4853857045714,standing_up,adl,6,real_hardware
47.85,-0.166,-0.318,0.564,-66.125,-19.0,-7.75,565.4853857045714,standing_up,adl,6,real_hardware
47.855,-0.177,-0.318,0.556,-65.625,-23.25,0.5,565.4698986981681,standing_up,adl,6,real_hardware
47.86,-0.181,-0.316,0.55,-60.625,-24.125,-2.375,565.4649100119783,standing_up,adl,6,real_hardware
47.865,-0.195,-0.3,0.529,-60.375,-19.25,-2.0,565.4704194019815,standing_up,adl,6,real_hardware
47.87,-0.216,-0.291,0.541,-65.0,-22.5,-7.125,565.4654307449279,standing_up,adl,6,real_hardware
47.875,-0.222,-0.285,0.541,-62.625,-24.125,-2.0,565.4704194019815,standing_up,adl,6,real_hardware
47.88,-0.234,-0.294,0.546,-61.0,-18.375,5.0,565.4704194019815,standing_up,adl,6,real_hardware
47.885,-0.263,-0.32,0.539,-64.375,-24.0,-1.5,565.4704194019815,standing_up,adl,6,real_hardware
47.89,-0.291,-0.333,0.548,-64.5,-22.25,1.875,565.4704194019815,standing_up,adl,6,real_hardware
47.895,-0.298,-0.359,0.541,-60.375,-16.0,-2.5,565.4704194019815,standing_up,adl,6,real_hardware
47.9,-0.324,-0.39,0.531,-71.25,-6.25,-1.625,565.4958837601406,standing_up,adl,6,real_hardware
47.905,-0.349,-0.417,0.529,-68.375,-4.0,-10.25,565.4803968818028,standing_up,adl,6,real_hardware
47.91,-0.367,-0.435,0.513,-69.5,-2.125,-7.125,565.4958837601406,standing_up,adl,6,real_hardware
47.915,-0.392,-0.488,0.558,-75.875,-4.125,-9.875,565.5008727194885,standing_up,adl,6,real_hardware
47.92,-0.41,-0.458,0.492,-76.125,-16.625,-6.5,565.5163597429191,standing_up,adl,6,real_hardware
47.925,-0.394,-0.47,0.5,-91.0,1.75,-9.125,565.5163597429191,standing_up,adl,6,real_hardware
47.93,-0.392,-0.492,0.494,-90.0,0.375,-9.125,565.5318467748634,standing_up,adl,6,real_hardware
47.935,-0.386,-0.484,0.501,-101.75,-3.75,-11.0,565.5318467748634,standing_up,adl,6,real_hardware
47.94,-0.353,-0.47,0.49,-101.25,4.875,-16.125,565.5368360626135,standing_up,adl,6,real_hardware
47.945,-0.343,-0.455,0.474,-107.25,9.125,-15.25,565.5318467748634,standing_up,adl,6,real_hardware
47.95,-0.306,-0.433,0.468,-103.625,8.375,-17.625,565.5318467748634,standing_up,adl,6,real_hardware
47.955,-0.283,-0.417,0.455,-109.25,6.5,-21.25,565.5318467748634,standing_up,adl,6,real_hardware
47.96,-0.263,-0.4,0.427,-103.5,9.875,-14.875,565.5318467748634,standing_up,adl,6,real_hardware
47.965,-0.224,-0.375,0.404,-109.75,-0.75,-11.5,565.5318467748634,standing_up,adl,6,real_hardware
47.97,-0.179,-0.367,0.39,-113.625,-5.375,-5.5,565.5318467748634,standing_up,adl,6,real_hardware
47.975,-0.152,-0.38,0.375,-114.375,-16.875,-12.75,565.5318467748634,standing_up,adl,6,real_hardware
47.98,-0.125,-0.376,0.386,-109.75,-17.125,-9.625,565.5473338153213,standing_up,adl,6,real_hardware
47.985,-0.099,-0.376,0.392,-115.625,-20.625,-6.75,565.5318467748634,standing_up,adl,6,real_hardware
47.99,-0.099,-0.375,0.419,-116.375,-35.0,-8.5,565.5368360626135,standing_up,adl,6,real_hardware
47.995,-0.109,-0.384,0.425,-117.75,-27.0,-4.25,565.5368360626135,standing_up,adl,6,real_hardware
48.0,-0.121,-0.375,0.423,-109.875,-43.25,1.75,565.5318467748634,standing_up,adl,6,real_hardware
48.005,-0.15,-0.38,0.443,-105.875,-42.875,-13.75,565.5318467748634,standing_up,adl,6,real_hardware
48.01,-0.167,-0.384,0.453,-96.125,-35.125,1.625,565.5163597429191,standing_up,adl,6,real_hardware
48.015,-0.193,-0.4,0.451,-90.375,-41.125,-11.625,565.5163597429191,standing_up,adl,6,real_hardware
48.02,-0.189,-0.431,0.445,-97.875,-45.375,-9.625,565.5318467748634,standing_up,adl,6,real_hardware
48.025,-0.195,-0.443,0.451,-89.625,-51.0,-7.0,565.5063816063065,standing_up,adl,6,real_hardware
48.03,-0.205,-0.464,0.457,-83.875,-46.0,-9.375,565.5268575423568,standing_up,adl,6,real_hardware
48.035,-0.236,-0.466,0.464,-89.5,-38.375,-4.625,565.5163597429191,standing_up,adl,6,real_hardware
48.04,-0.298,-0.416,0.576,-84.375,-42.625,-7.375,565.511370646992,standing_up,adl,6,real_hardware
48.045,-0.384,-0.378,0.697,-90.25,-46.375,4.625,565.5163597429191,standing_up,adl,6,real_hardware
48.05,-0.359,-0.416,0.779,-87.0,-54.875,0.5,565.5163597429191,standing_up,adl,6,real_hardware
48.055,-0.324,-0.429,0.847,-73.5,-44.375,2.125,565.5318467748634,standing_up,adl,6,real_hardware
48.06,-0.443,-0.488,0.787,-62.125,-28.625,-7.75,565.5163597429191,standing_up,adl,6,real_hardware
48.065,-0.535,-0.605,0.664,-62.25,-15.25,-10.25,565.5318467748634,standing_up,adl,6,real_hardware
48.07,-0.621,-0.687,0.56,-41.125,23.125,-3.75,565.5318467748634,standing_up,adl,6,real_hardware
48.075,-0.679,-0.685,0.482,-33.25,30.25,1.75,565.5213488940884,standing_up,adl,6,real_hardware
48.08,-0.685,-0.652,0.455,-31.75,39.25,0.25,565.5163597429191,standing_up,adl,6,real_hardware
48.085,-0.679,-0.615,0.476,-22.625,51.625,-0.25,565.5058617340769,standing_up,adl,6,real_hardware
48.09,-0.644,-0.619,0.548,-27.375,47.125,-1.875,565.5058617340769,standing_up,adl,6,real_hardware
48.095,-0.587,-0.648,0.599,-22.375,53.625,-11.875,565.4853857045714,standing_up,adl,6,real_hardware
48.1,-0.529,-0.689,0.636,-30.375,45.0,-14.375,565.4803968818028,standing_up,adl,6,real_hardware
48.105,-0.464,-0.732,0.656,-31.375,51.25,-15.5,565.4958837601406,standing_up,adl,6,real_hardware
48.11,-0.398,-0.767,0.669,-40.75,34.625,-9.5,565.4809172135367,standing_up,adl,6,real_hardware
48.115,-0.332,-0.777,0.673,-44.875,34.5,-18.625,565.5013926208621,standing_up,adl,6,real_hardware
48.12,-0.287,-0.785,0.687,-40.0,33.125,-9.25,565.5063816063065,standing_up,adl,6,real_hardware
48.125,-0.269,-0.791,0.685,-42.0,38.75,-21.875,565.511370646992,standing_up,adl,6,real_hardware
48.13,-0.255,-0.792,0.669,-45.5,41.125,-13.75,565.5268575423568,standing_up,adl,6,real_hardware
48.135,-0.25,-0.796,0.644,-50.125,34.75,-10.375,565.5318467748634,standing_up,adl,6,real_hardware
48.14,-0.244,-0.792,0.634,-49.875,27.625,-13.125,565.5163597429191,standing_up,adl,6,real_hardware
48.145,-0.218,-0.777,0.625,-47.875,27.125,-9.375,565.5268575423568,standing_up,adl,6,real_hardware
48.15,-0.22,-0.785,0.621,-49.0,24.625,-11.875,565.5318467748634,standing_up,adl,6,real_hardware
48.155,-0.208,-0.767,0.615,-49.75,15.125,-14.625,565.5268575423568,standing_up,adl,6,real_hardware
48.16,-0.177,-0.759,0.601,-50.125,11.625,-9.0,565.5318467748634,standing_up,adl,6,real_hardware
48.165,-0.142,-0.751,0.593,-47.5,0.375,-21.625,565.5318467748634,standing_up,adl,6,real_hardware
48.17,-0.089,-0.732,0.576,-50.375,-6.875,-20.375,565.5268575423568,standing_up,adl,6,real_hardware
48.175,-0.042,-0.728,0.566,-57.875,-9.375,-27.375,565.5318467748634,standing_up,adl,6,real_hardware
48.18,-0.011,-0.716,0.544,-50.625,-20.75,-35.0,565.5318467748634,standing_up,adl,6,real_hardware
48.185,0.017,-0.714,0.533,-42.625,-18.0,-27.75,565.5318467748634,standing_up,adl,6,real_hardware
48.19,0.021,-0.712,0.519,-48.5,-17.75,-28.75,565.5318467748634,standing_up,adl,6,real_hardware
48.195,0.025,-0.708,0.511,-45.0,-21.625,-19.125,565.5473338153213,standing_up,adl,6,real_hardware
48.2,0.025,-0.697,0.505,-40.625,-20.5,-19.875,565.5473338153213,standing_up,adl,6,real_hardware
48.205,0.015,-0.669,0.486,-25.875,-18.25,-16.5,565.5318467748634,standing_up,adl,6,real_hardware
48.21,-0.009,-0.644,0.492,-38.375,-21.0,-8.5,565.5473338153213,standing_up,adl,6,real_hardware
48.215,-0.068,-0.626,0.478,-36.75,-18.0,-3.875,565.5318467748634,standing_up,adl,6,real_hardware
48.22,-0.101,-0.621,0.48,-32.375,-12.125,-7.0,565.5318467748634,standing_up,adl,6,real_hardware
48.225,-0.14,-0.625,0.47,-23.375,-6.0,-1.125,565.5318467748634,standing_up,adl,6,real_hardware
48.23,-0.166,-0.625,0.474,-23.25,-9.25,-1.75,565.5473338153213,standing_up,adl,6,real_hardware
48.235,-0.203,-0.64,0.476,-23.5,-8.75,0.25,565.5268575423568,standing_up,adl,6,real_hardware
48.24,-0.224,-0.66,0.488,-18.375,-4.75,6.625,565.5268575423568,standing_up,adl,6,real_hardware
48.245,-0.242,-0.664,0.488,-19.125,-2.5,-0.875,565.5423444462351,standing_up,adl,6,real_hardware
48.25,-0.244,-0.667,0.494,-18.375,-10.0,11.25,565.5218683650933,standing_up,adl,6,real_hardware
48.255,-0.25,-0.675,0.513,-9.75,-9.0,3.125,565.5373551323934,standing_up,adl,6,real_hardware
48.26,-0.244,-0.691,0.509,-12.125,-12.625,10.25,565.5373551323934,standing_up,adl,6,real_hardware
48.265,-0.23,-0.71,0.519,-2.75,-12.0,6.875,565.5323658737957,standing_up,adl,6,real_hardware
48.27,-0.22,-0.726,0.517,-10.875,-9.75,5.875,565.5373551323934,standing_up,adl,6,real_hardware
48.275,-0.21,-0.753,0.519,-7.25,-21.5,8.375,565.5323658737957,standing_up,adl,6,real_hardware
48.28,-0.203,-0.8,0.523,-2.75,-20.75,7.875,565.5373551323934,standing_up,adl,6,real_hardware
48.285,-0.183,-0.833,0.533,-1.625,-20.0,1.375,565.5373551323934,standing_up,adl,6,real_hardware
48.29,-0.162,-0.865,0.554,-2.5,-21.875,15.125,565.5373551323934,standing_up,adl,6,real_hardware
48.295,-0.148,-0.873,0.566,-13.875,-21.625,2.25,565.5373551323934,standing_up,adl,6,real_hardware
48.3,-0.144,-0.89,0.554,-3.375,-23.875,10.375,565.5373551323934,standing_up,adl,6,real_hardware
48.305,-0.138,-0.89,0.548,-8.125,-25.875,4.0,565.5373551323934,standing_up,adl,6,real_hardware
48.31,-0.142,-0.884,0.542,-12.5,-19.5,8.25,565.5373551323934,standing_up,adl,6,real_hardware
48.315,-0.148,-0.873,0.531,-11.5,-11.625,8.75,565.5373551323934,standing_up,adl,6,real_hardware
48.32,-0.15,-0.847,0.519,-10.25,-12.125,8.625,565.5323658737957,standing_up,adl,6,real_hardware
48.325,-0.16,-0.832,0.517,-11.625,-13.75,7.25,565.5373551323934,standing_up,adl,6,real_hardware
48.33,-0.164,-0.822,0.523,-11.5,-9.375,6.625,565.5373551323934,standing_up,adl,6,real_hardware
48.335,-0.166,-0.814,0.523,-5.125,-13.25,8.625,565.5373551323934,standing_up,adl,6,real_hardware
48.34,-0.16,-0.808,0.521,-5.625,-11.5,13.375,565.5373551323934,standing_up,adl,6,real_hardware
48.345,-0.142,-0.812,0.511,-7.25,-21.125,11.875,565.5528419082068,standing_up,adl,6,real_hardware
48.35,-0.132,-0.812,0.498,-5.125,-19.625,12.875,565.5528419082068,standing_up,adl,6,real_hardware
48.355,-0.123,-0.812,0.496,-10.625,-17.5,12.875,565.5528419082068,standing_up,adl,6,real_hardware
48.36,-0.13,-0.822,0.515,-6.25,-14.375,10.375,565.5478525130321,standing_up,adl,6,real_hardware
48.365,-0.119,-0.832,0.503,-2.0,-25.625,9.25,565.5478525130321,standing_up,adl,6,real_hardware
48.37,-0.128,-0.833,0.496,-5.25,-23.25,13.5,565.5478525130321,standing_up,adl,6,real_hardware
48.375,-0.136,-0.832,0.484,0.25,-32.375,16.125,565.5478525130321,standing_up,adl,6,real_hardware
48.38,-0.152,-0.83,0.492,-4.875,-29.625,20.25,565.5478525130321,standing_up,adl,6,real_hardware
48.385,-0.164,-0.839,0.486,-7.375,-25.375,17.5,565.5478525130321,standing_up,adl,6,real_hardware
48.39,-0.173,-0.835,0.49,-10.0,-27.5,4.5,565.5478525130321,standing_up,adl,6,real_hardware
48.395,-0.201,-0.837,0.492,-3.625,-26.75,16.5,565.5428631731024,standing_up,adl,6,real_hardware
48.4,-0.21,-0.837,0.488,-1.125,-22.875,10.5,565.5478525130321,idle_standing,adl,6,real_hardware
48.405,-0.234,-0.837,0.488,0.625,-30.0,7.25,565.5428631731024,idle_standing,adl,6,real_hardware
48.41,-0.24,-0.837,0.496,-5.875,-33.875,11.625,565.5478525130321,idle_standing,adl,6,real_hardware
48.415,-0.236,-0.843,0.494,-3.0,-26.875,14.0,565.5478525130321,idle_standing,adl,6,real_hardware
48.42,-0.236,-0.839,0.496,3.0,-22.875,12.125,565.5478525130321,idle_standing,adl,6,real_hardware
48.425,-0.232,-0.843,0.494,-3.5,-20.75,9.625,565.5528419082068,idle_standing,adl,6,real_hardware
48.43,-0.226,-0.843,0.5,0.0,-26.0,8.625,565.573318279532,idle_standing,adl,6,real_hardware
48.435,-0.226,-0.839,0.503,-1.75,-24.5,4.375,565.573318279532,idle_standing,adl,6,real_hardware
48.44,-0.216,-0.833,0.507,-1.625,-26.0,11.0,565.573318279532,idle_standing,adl,6,real_hardware
48.445,-0.212,-0.832,0.517,2.25,-24.5,9.625,565.5628208642927,idle_standing,adl,6,real_hardware
48.45,-0.212,-0.833,0.513,7.625,-17.125,2.875,565.5628208642927,idle_standing,adl,6,real_hardware
48.455,-0.216,-0.83,0.509,-2.5,-13.75,1.625,565.5628208642927,idle_standing,adl,6,real_hardware
48.46,-0.212,-0.826,0.511,3.875,-18.125,1.875,565.5578313586268,idle_standing,adl,6,real_hardware
48.465,-0.216,-0.824,0.511,0.625,-16.875,1.625,565.5628208642927,idle_standing,adl,6,real_hardware
48.47,-0.207,-0.82,0.513,-3.125,-10.375,8.125,565.5628208642927,idle_standing,adl,6,real_hardware
48.475,-0.205,-0.833,0.511,-6.0,-18.125,11.75,565.5628208642927,idle_standing,adl,6,real_hardware
48.48,-0.199,-0.83,0.5,-0.25,-11.75,4.875,565.5628208642927,idle_standing,adl,6,real_hardware
48.485,-0.197,-0.832,0.505,-6.625,-11.5,6.625,565.5628208642927,idle_standing,adl,6,real_hardware
48.49,-0.205,-0.832,0.498,1.25,-13.125,5.625,565.5678104252049,idle_standing,adl,6,real_hardware
48.495,-0.207,-0.839,0.486,-3.75,-13.125,11.75,565.5678104252049,idle_standing,adl,6,real_hardware
48.5,-0.203,-0.841,0.484,-6.875,-14.375,8.875,565.5832976192713,idle_standing,adl,6,real_hardware
48.505,-0.212,-0.847,0.478,-1.625,-18.5,8.75,565.5832976192713,idle_standing,adl,6,real_hardware
48.51,-0.21,-0.839,0.472,2.375,-21.125,13.5,565.5832976192713,idle_standing,adl,6,real_hardware
48.515,-0.208,-0.837,0.474,-5.625,-16.375,12.75,565.5678104252049,idle_standing,adl,6,real_hardware
48.52,-0.214,-0.832,0.478,-4.5,-4.625,4.375,565.5628208642927,idle_standing,adl,6,real_hardware
48.525,-0.208,-0.824,0.488,-2.0,-12.625,-2.625,565.5628208642927,idle_standing,adl,6,real_hardware
48.53,-0.216,-0.822,0.492,1.125,-1.875,4.625,565.5628208642927,idle_standing,adl,6,real_hardware
48.535,-0.222,-0.833,0.492,-1.0,-6.375,4.0,565.5628208642927,idle_standing,adl,6,real_hardware
48.54,-0.238,-0.849,0.503,-2.625,-3.125,7.125,565.5578313586268,idle_standing,adl,6,real_hardware
48.545,-0.23,-0.857,0.5,-1.125,-10.75,4.75,565.5628208642927,idle_standing,adl,6,real_hardware
48.55,-0.232,-0.867,0.509,-2.25,-6.25,7.875,565.5628208642927,idle_standing,adl,6,real_hardware
48.555,-0.234,-0.871,0.519,-9.25,-12.125,9.75,565.5678104252049,idle_standing,adl,6,real_hardware
48.56,-0.232,-0.867,0.519,-8.375,-12.875,5.25,565.5678104252049,idle_standing,adl,6,real_hardware
48.565,-0.226,-0.865,0.519,-0.25,-13.75,10.625,565.5678104252049,idle_standing,adl,6,real_hardware
48.57,-0.23,-0.865,0.515,-5.875,-6.25,7.75,565.5628208642927,idle_standing,adl,6,real_hardware
48.575,-0.228,-0.857,0.505,-6.0,-3.5,4.5,565.573318279532,idle_standing,adl,6,real_hardware
48.58,-0.222,-0.849,0.509,-4.875,-6.25,-3.875,565.573318279532,idle_standing,adl,6,real_hardware
48.585,-0.218,-0.841,0.496,-8.25,-3.125,6.125,565.573318279532,idle_standing,adl,6,real_hardware
48.59,-0.21,-0.832,0.498,2.75,1.875,7.625,565.573318279532,idle_standing,adl,6,real_hardware
48.595,-0.21,-0.822,0.492,-2.875,-6.25,-0.625,565.573318279532,idle_standing,adl,6,real_hardware
48.6,-0.218,-0.814,0.494,5.75,-1.0,6.25,565.573318279532,idle_standing,adl,6,real_hardware
48.605,-0.224,-0.814,0.498,9.5,5.875,2.0,565.5633391607818,idle_standing,adl,6,real_hardware
48.61,-0.224,-0.814,0.501,6.625,-13.25,3.375,565.5478525130321,idle_standing,adl,6,real_hardware
48.615,-0.234,-0.814,0.505,2.0,0.375,-2.125,565.5428631731024,idle_standing,adl,6,real_hardware
48.62,-0.236,-0.81,0.501,9.0,-4.0,6.125,565.5428631731024,idle_standing,adl,6,real_hardware
48.625,-0.24,-0.816,0.5,0.0,-3.125,4.375,565.5478525130321,idle_standing,adl,6,real_hardware
48.63,-0.236,-0.812,0.503,3.25,-0.625,-1.0,565.5528419082068,idle_standing,adl,6,real_hardware
48.635,-0.232,-0.812,0.498,11.25,7.5,-0.125,565.5528419082068,idle_standing,adl,6,real_hardware
48.64,-0.238,-0.816,0.503,3.25,4.5,-0.875,565.5578313586268,idle_standing,adl,6,real_hardware
48.645,-0.234,-0.816,0.507,-0.75,8.5,1.0,565.573318279532,idle_standing,adl,6,real_hardware
48.65,-0.238,-0.814,0.513,12.625,3.875,3.0,565.5683286925337,idle_standing,adl,6,real_hardware
48.655,-0.228,-0.812,0.511,7.125,10.625,4.5,565.5683286925337,idle_standing,adl,6,real_hardware
48.66,-0.232,-0.808,0.515,15.375,6.375,-0.25,565.5683286925337,idle_standing,adl,6,real_hardware
48.665,-0.218,-0.806,0.509,13.625,11.25,-8.625,565.5633391607818,idle_standing,adl,6,real_hardware
48.67,-0.207,-0.808,0.515,6.625,2.75,-2.75,565.5478525130321,idle_standing,adl,6,real_hardware
48.675,-0.21,-0.806,0.505,11.625,4.375,-4.25,565.5478525130321,idle_standing,adl,6,real_hardware
48.68,-0.201,-0.818,0.509,5.875,2.125,8.75,565.5478525130321,idle_standing,adl,6,real_hardware
48.685,-0.201,-0.818,0.517,6.0,6.625,3.25,565.5478525130321,idle_standing,adl,6,real_hardware
48.69,-0.199,-0.814,0.519,12.75,4.875,-1.5,565.5478525130321,idle_standing,adl,6,real_hardware
48.695,-0.199,-0.794,0.525,15.875,5.25,-4.75,565.5478525130321,idle_standing,adl,6,real_hardware
48.7,-0.193,-0.802,0.527,4.125,3.625,-0.125,565.5478525130321,idle_standing,adl,6,real_hardware
48.705,-0.197,-0.818,0.529,7.625,3.25,7.125,565.5478525130321,idle_standing,adl,6,real_hardware
48.71,-0.201,-0.832,0.529,7.25,5.875,3.875,565.5478525130321,idle_standing,adl,6,real_hardware
48.715,-0.199,-0.843,0.533,2.625,3.75,0.5,565.5478525130321,idle_standing,adl,6,real_hardware
48.72,-0.201,-0.845,0.527,5.875,4.875,3.625,565.5633391607818,idle_standing,adl,6,real_hardware
48.725,-0.208,-0.855,0.531,0.875,-1.625,-7.375,565.5633391607818,idle_standing,adl,6,real_hardware
48.73,-0.21,-0.867,0.533,8.375,4.75,1.0,565.5788258170446,idle_standing,adl,6,real_hardware
48.735,-0.208,-0.863,0.525,8.25,5.875,-3.5,565.5633391607818,idle_standing,adl,6,real_hardware
48.74,-0.207,-0.861,0.527,12.625,3.0,5.75,565.5633391607818,idle_standing,adl,6,real_hardware
48.745,-0.212,-0.853,0.527,4.0,4.25,3.25,565.5633391607818,idle_standing,adl,6,real_hardware
48.75,-0.212,-0.855,0.521,2.625,-1.375,-4.75,565.5633391607818,idle_standing,adl,6,real_hardware
48.755,-0.208,-0.853,0.513,10.0,-2.5,-1.75,565.5633391607818,idle_standing,adl,6,real_hardware
48.76,-0.214,-0.853,0.515,1.5,5.25,1.75,565.5633391607818,idle_standing,adl,6,real_hardware
48.765,-0.216,-0.835,0.513,5.25,3.125,-2.375,565.5633391607818,idle_standing,adl,6,real_hardware
48.77,-0.216,-0.833,0.515,13.875,2.75,-4.25,565.5633391607818,idle_standing,adl,6,real_hardware
48.775,-0.212,-0.824,0.523,6.25,6.0,0.0,565.5633391607818,idle_standing,adl,6,real_hardware
48.78,-0.216,-0.822,0.513,13.125,2.875,-11.625,565.5633391607818,idle_standing,adl,6,real_hardware
48.785,-0.216,-0.826,0.517,1.75,-0.125,5.5,565.5633391607818,idle_standing,adl,6,real_hardware
48.79,-0.214,-0.822,0.513,6.25,2.75,-1.0,565.5633391607818,idle_standing,adl,6,real_hardware
48.795,-0.208,-0.828,0.513,11.125,-1.875,0.125,565.5683286925337,idle_standing,adl,6,real_hardware
48.8,-0.212,-0.822,0.513,6.75,-0.875,1.25,565.5838154853736,idle_standing,adl,6,real_hardware
48.805,-0.21,-0.826,0.515,5.125,0.125,-2.0,565.5788258170446,idle_standing,adl,6,real_hardware
48.81,-0.216,-0.824,0.517,11.25,5.375,-6.25,565.5633391607818,idle_standing,adl,6,real_hardware
48.815,-0.22,-0.822,0.517,7.25,-0.75,-0.75,565.5633391607818,idle_standing,adl,6,real_hardware
48.82,-0.224,-0.814,0.513,6.625,1.75,4.5,565.5683286925337,idle_standing,adl,6,real_hardware
48.825,-0.228,-0.822,0.511,-1.25,2.875,7.0,565.5683286925337,idle_standing,adl,6,real_hardware
48.83,-0.224,-0.808,0.505,3.125,4.375,-2.875,565.5683286925337,idle_standing,adl,6,real_hardware
48.835,-0.228,-0.808,0.509,4.75,-7.25,-0.25,565.5528419082068,idle_standing,adl,6,real_hardware
48.84,-0.226,-0.812,0.511,12.625,4.0,2.25,565.5528419082068,idle_standing,adl,6,real_hardware
48.845,-0.224,-0.814,0.511,3.625,5.375,3.0,565.5683286925337,idle_standing,adl,6,real_hardware
48.85,-0.226,-0.816,0.511,4.25,-1.75,3.625,565.5683286925337,idle_standing,adl,6,real_hardware
48.855,-0.23,-0.828,0.519,5.625,-4.125,5.5,565.5683286925337,idle_standing,adl,6,real_hardware
48.86,-0.22,-0.816,0.529,7.25,-2.625,-3.875,565.5888052089508,idle_standing,adl,6,real_hardware
48.865,-0.226,-0.816,0.529,8.625,9.125,-0.625,565.5838154853736,idle_standing,adl,6,real_hardware
48.87,-0.22,-0.816,0.529,1.375,2.75,3.375,565.5683286925337,idle_standing,adl,6,real_hardware
48.875,-0.222,-0.82,0.529,4.25,3.25,-6.125,565.5888052089508,idle_standing,adl,6,real_hardware
48.88,-0.234,-0.82,0.535,9.25,1.125,-3.5,565.573318279532,idle_standing,adl,6,real_hardware
48.885,-0.232,-0.83,0.541,15.375,5.625,-8.125,565.573318279532,idle_standing,adl,6,real_hardware
48.89,-0.234,-0.837,0.539,2.125,1.625,-1.75,565.5683286925337,idle_standing,adl,6,real_hardware
48.895,-0.234,-0.837,0.535,-2.25,-0.25,5.875,565.5683286925337,idle_standing,adl,6,real_hardware
48.9,-0.238,-0.833,0.541,1.75,3.25,2.75,565.5633391607818,idle_standing,adl,6,real_hardware
48.905,-0.24,-0.835,0.542,3.5,10.125,-4.5,565.5483708970024,idle_standing,adl,6,real_hardware
48.91,-0.242,-0.832,0.541,-3.0,6.5,-4.75,565.5533602630168,idle_standing,adl,6,real_hardware
48.915,-0.244,-0.826,0.539,5.375,2.125,2.5,565.5738362039633,idle_standing,adl,6,real_hardware
48.92,-0.24,-0.826,0.546,-0.375,1.125,3.125,565.5738362039633,idle_standing,adl,6,real_hardware
48.925,-0.234,-0.824,0.539,6.25,1.625,4.375,565.5788258170446,idle_standing,adl,6,real_hardware
48.93,-0.24,-0.812,0.537,-3.75,0.0,-7.125,565.5788258170446,idle_standing,adl,6,real_hardware
48.935,-0.24,-0.812,0.542,0.125,8.0,-4.0,565.5788258170446,idle_standing,adl,6,real_hardware
48.94,-0.238,-0.814,0.529,6.375,8.875,-6.125,565.5838154853736,idle_standing,adl,6,real_hardware
48.945,-0.238,-0.816,0.531,4.0,9.5,-4.125,565.5838154853736,idle_standing,adl,6,real_hardware
48.95,-0.242,-0.818,0.539,1.375,4.625,-4.75,565.5838154853736,idle_standing,adl,6,real_hardware
48.955,-0.242,-0.816,0.529,2.875,12.875,3.125,565.5838154853736,idle_standing,adl,6,real_hardware
48.96,-0.246,-0.824,0.535,0.0,4.25,-2.375,565.5888052089508,idle_standing,adl,6,real_hardware
48.965,-0.244,-0.826,0.533,11.375,8.625,-11.875,565.5888052089508,idle_standing,adl,6,real_hardware
48.97,-0.244,-0.828,0.541,-0.375,11.75,1.125,565.5888052089508,idle_standing,adl,6,real_hardware
48.975,-0.246,-0.826,0.541,1.75,6.625,-0.25,565.5888052089508,idle_standing,adl,6,real_hardware
48.98,-0.248,-0.826,0.537,7.25,8.375,-5.75,565.5888052089508,idle_standing,adl,6,real_hardware
48.985,-0.251,-0.824,0.535,5.875,10.0,-8.5,565.5888052089508,idle_standing,adl,6,real_hardware
48.99,-0.246,-0.816,0.533,-4.25,10.625,-3.375,565.5788258170446,idle_standing,adl,6,real_hardware
48.995,-0.246,-0.812,0.521,6.875,8.75,-5.125,565.5633391607818,idle_standing,adl,6,real_hardware
49.0,-0.242,-0.81,0.525,-4.125,10.0,2.875,565.5683286925337,idle_standing,adl,6,real_hardware
49.005,-0.236,-0.808,0.513,1.875,11.875,-3.5,565.5683286925337,idle_standing,adl,6,real_hardware
49.01,-0.234,-0.808,0.515,-0.25,12.125,-7.5,565.5578313586268,idle_standing,adl,6,real_hardware
49.015,-0.222,-0.804,0.513,-2.875,14.25,-6.25,565.5578313586268,idle_standing,adl,6,real_hardware
49.02,-0.218,-0.808,0.513,-4.0,13.875,-0.25,565.5683286925337,idle_standing,adl,6,real_hardware
49.025,-0.218,-0.812,0.509,0.125,8.5,-0.25,565.573318279532,idle_standing,adl,6,real_hardware
49.03,-0.212,-0.818,0.511,-2.25,8.0,-2.75,565.573318279532,idle_standing,adl,6,real_hardware
49.035,-0.214,-0.822,0.513,0.625,5.875,-6.625,565.5783079217779,idle_standing,adl,6,real_hardware
49.04,-0.22,-0.824,0.521,2.375,6.875,1.75,565.5783079217779,idle_standing,adl,6,real_hardware
49.045,-0.218,-0.824,0.523,-2.375,4.125,0.625,565.5578313586268,idle_standing,adl,6,real_hardware
49.05,-0.22,-0.822,0.525,5.625,10.625,2.0,565.5578313586268,idle_standing,adl,6,real_hardware
49.055,-0.218,-0.818,0.531,3.125,9.625,-1.5,565.573318279532,idle_standing,adl,6,real_hardware
49.06,-0.222,-0.82,0.531,5.0,5.375,-0.625,565.573318279532,idle_standing,adl,6,real_hardware
49.065,-0.208,-0.824,0.531,5.25,3.125,-2.125,565.573318279532,idle_standing,adl,6,real_hardware
49.07,-0.212,-0.828,0.533,-5.25,8.0,1.125,565.573318279532,idle_standing,adl,6,real_hardware
49.075,-0.21,-0.832,0.535,16.125,-0.75,-3.375,565.573318279532,idle_standing,adl,6,real_hardware
49.08,-0.207,-0.826,0.546,8.875,1.75,-9.125,565.5628208642927,idle_standing,adl,6,real_hardware
49.085,-0.208,-0.804,0.539,4.875,3.0,-9.5,565.5628208642927,idle_standing,adl,6,real_hardware
49.09,-0.212,-0.816,0.548,-3.625,-1.25,6.75,565.5628208642927,idle_standing,adl,6,real_hardware
49.095,-0.218,-0.814,0.544,0.75,2.0,-6.875,565.5578313586268,idle_standing,adl,6,real_hardware
49.1,-0.222,-0.818,0.541,-6.375,-2.25,6.125,565.573318279532,idle_standing,adl,6,real_hardware
49.105,-0.212,-0.818,0.541,2.75,-0.5,-2.25,565.5578313586268,idle_standing,adl,6,real_hardware
49.11,-0.208,-0.818,0.537,6.0,8.625,0.0,565.5578313586268,idle_standing,adl,6,real_hardware
49.115,-0.208,-0.822,0.544,-2.375,2.25,1.0,565.5578313586268,idle_standing,adl,6,real_hardware
49.12,-0.207,-0.818,0.533,-4.25,1.625,2.5,565.5578313586268,idle_standing,adl,6,real_hardware
49.125,-0.201,-0.82,0.546,7.25,-7.25,-3.5,565.5578313586268,idle_standing,adl,6,real_hardware
49.13,-0.203,-0.824,0.544,-10.25,-5.75,6.75,565.5628208642927,idle_standing,adl,6,real_hardware
49.135,-0.208,-0.82,0.542,-3.125,-0.5,3.25,565.5783079217779,idle_standing,adl,6,real_hardware
49.14,-0.214,-0.824,0.542,-8.0,-13.5,10.625,565.573318279532,idle_standing,adl,6,real_hardware
49.145,-0.218,-0.826,0.55,1.5,-1.625,-2.75,565.573318279532,idle_standing,adl,6,real_hardware
49.15,-0.224,-0.822,0.546,-10.0,-6.0,4.75,565.5783079217779,idle_standing,adl,6,real_hardware
49.155,-0.226,-0.822,0.554,-4.375,1.125,-1.5,565.5783079217779,idle_standing,adl,6,real_hardware
49.16,-0.232,-0.81,0.548,-5.875,-11.625,-0.875,565.5783079217779,idle_standing,adl,6,real_hardware
49.165,-0.234,-0.816,0.55,-10.25,-5.25,4.5,565.5783079217779,idle_standing,adl,6,real_hardware
49.17,-0.232,-0.806,0.548,-13.125,-10.75,2.25,565.5783079217779,idle_standing,adl,6,real_hardware
49.175,-0.246,-0.814,0.548,0.25,-12.375,-2.125,565.5783079217779,idle_standing,adl,6,real_hardware
49.18,-0.242,-0.802,0.548,-3.5,-3.875,0.0,565.5783079217779,idle_standing,adl,6,real_hardware
49.185,-0.244,-0.804,0.548,-11.875,-6.125,4.125,565.5783079217779,idle_standing,adl,6,real_hardware
49.19,-0.248,-0.802,0.548,-12.625,-11.0,6.5,565.5783079217779,idle_standing,adl,6,real_hardware
49.195,-0.248,-0.802,0.546,-12.25,-9.5,2.25,565.5832976192713,idle_standing,adl,6,real_hardware
49.2,-0.251,-0.798,0.558,-4.625,-6.25,-0.625,565.5832976192713,idle_standing,adl,6,real_hardware
49.205,-0.261,-0.796,0.548,-12.875,-9.625,-3.25,565.5987848218515,idle_standing,adl,6,real_hardware
49.21,-0.255,-0.802,0.552,-6.625,-4.75,6.5,565.5783079217779,idle_standing,adl,6,real_hardware
49.215,-0.261,-0.802,0.546,-10.625,-7.0,1.25,565.5783079217779,idle_standing,adl,6,real_hardware
49.22,-0.263,-0.794,0.554,-6.25,-6.875,-8.0,565.573318279532,idle_standing,adl,6,real_hardware
49.225,-0.261,-0.796,0.548,1.25,-4.5,5.125,565.573318279532,idle_standing,adl,6,real_hardware
49.23,-0.265,-0.796,0.546,-1.0,-10.375,0.875,565.573318279532,idle_standing,adl,6,real_hardware
49.235,-0.265,-0.796,0.542,0.125,-7.125,2.375,565.5937949877766,idle_standing,adl,6,real_hardware
49.24,-0.263,-0.792,0.542,-9.125,-5.125,-2.25,565.5783079217779,idle_standing,adl,6,real_hardware
49.245,-0.263,-0.792,0.541,-7.75,-4.5,2.375,565.5783079217779,idle_standing,adl,6,real_hardware
49.25,-0.265,-0.789,0.539,-4.375,-8.625,-0.75,565.5783079217779,idle_standing,adl,6,real_hardware
49.255,-0.267,-0.791,0.533,-11.625,-5.125,0.875,565.5783079217779,idle_standing,adl,6,real_hardware
49.26,-0.271,-0.789,0.537,-0.625,-12.25,0.625,565.5783079217779,idle_standing,adl,6,real_hardware
49.265,-0.267,-0.792,0.531,-5.875,-8.375,0.75,565.5783079217779,idle_standing,adl,6,real_hardware
49.27,-0.273,-0.794,0.531,-2.875,-4.875,5.0,565.5783079217779,idle_standing,adl,6,real_hardware
49.275,-0.269,-0.791,0.531,-7.625,1.125,5.625,565.5783079217779,idle_standing,adl,6,real_hardware
49.28,-0.273,-0.796,0.535,-6.875,0.875,-4.0,565.5783079217779,idle_standing,adl,6,real_hardware
49.285,-0.277,-0.798,0.535,-5.625,-1.625,-5.875,565.5937949877766,idle_standing,adl,6,real_hardware
49.29,-0.269,-0.791,0.537,0.25,-5.375,-8.125,565.5783079217779,idle_standing,adl,6,real_hardware
49.295,-0.275,-0.791,0.539,-4.5,-2.375,1.625,565.5783079217779,idle_standing,adl,6,real_hardware
49.3,-0.269,-0.789,0.537,-4.0,-2.25,7.0,565.5783079217779,idle_standing,adl,6,real_hardware
49.305,-0.271,-0.791,0.533,1.0,-5.375,-1.625,565.5783079217779,idle_standing,adl,6,real_hardware
49.31,-0.265,-0.791,0.533,-8.875,-6.375,4.625,565.5783079217779,idle_standing,adl,6,real_hardware
